model_id,model_name,device_type,device_brand,fault_id,fault_name,source_listing_count,source_status,estimate_low_min_vnd,estimate_low_max_vnd,estimate_mid_min_vnd,estimate_mid_max_vnd,estimate_high_min_vnd,estimate_high_max_vnd
apple-macbook-pro-16-m3-pro-max-2023,MacBook Pro 16 inch (M3 Pro / M3 Max 2023),macbook,apple,screen,Thay màn hình hiển thị,0,NO_SOURCE,7800000,15500000,10150000,20200000,14100000,27950000
apple-macbook-pro-16-m3-pro-max-2023,MacBook Pro 16 inch (M3 Pro / M3 Max 2023),macbook,apple,battery,Thay pin dung lượng cao / Pin Zin,0,NO_SOURCE,2050000,3350000,2700000,4350000,3750000,6000000
apple-macbook-pro-16-m3-pro-max-2023,MacBook Pro 16 inch (M3 Pro / M3 Max 2023),macbook,apple,keyboard,Bàn phím liệt / Kẹt nút bấm,0,NO_SOURCE,2050000,3700000,2700000,4800000,3750000,6600000
apple-macbook-pro-16-m3-pro-max-2023,MacBook Pro 16 inch (M3 Pro / M3 Max 2023),macbook,apple,trackpad,Chuột cảm ứng / Trackpad,0,NO_SOURCE,1250000,2400000,1650000,3150000,2300000,4350000
apple-macbook-pro-16-m3-pro-max-2023,MacBook Pro 16 inch (M3 Pro / M3 Max 2023),macbook,apple,charging-port,Sửa chân sạc / Cổng kết nối,0,NO_SOURCE,980000,1850000,1250000,2400000,1750000,3300000
apple-macbook-pro-16-m3-pro-max-2023,MacBook Pro 16 inch (M3 Pro / M3 Max 2023),macbook,apple,hinge-body,Sửa gãy bản lề / Vỏ khung sườn,0,NO_SOURCE,1250000,2550000,1650000,3300000,2300000,4550000
apple-macbook-pro-16-m3-pro-max-2023,MacBook Pro 16 inch (M3 Pro / M3 Max 2023),macbook,apple,mainboard,Sửa mất nguồn / Lỗi Mainboard,0,NO_SOURCE,3200000,7450000,4200000,9700000,5800000,13450000
apple-macbook-pro-16-m3-pro-max-2023,MacBook Pro 16 inch (M3 Pro / M3 Max 2023),macbook,apple,speaker,Loa trong / Loa ngoài rè,0,NO_SOURCE,1100000,2150000,1400000,2750000,1950000,3850000
apple-macbook-pro-16-m3-pro-max-2023,MacBook Pro 16 inch (M3 Pro / M3 Max 2023),macbook,apple,mic,Hỏng Micro (Nói không nghe),0,NO_SOURCE,750000,1400000,970000,1800000,1350000,2500000
apple-macbook-pro-16-m3-pro-max-2023,MacBook Pro 16 inch (M3 Pro / M3 Max 2023),macbook,apple,camera,Thay camera trước / sau,0,NO_SOURCE,1100000,2150000,1400000,2750000,1950000,3850000
apple-macbook-pro-16-m3-pro-max-2023,MacBook Pro 16 inch (M3 Pro / M3 Max 2023),macbook,apple,thermal,Vệ sinh máy & Tra keo tản nhiệt,0,NO_SOURCE,400000,690000,520000,900000,720000,1250000
apple-macbook-pro-16-m3-pro-max-2023,MacBook Pro 16 inch (M3 Pro / M3 Max 2023),macbook,apple,software,Cài Hệ điều hành & Phần mềm,0,NO_SOURCE,290000,580000,370000,750000,520000,1050000
apple-macbook-pro-16-m3-pro-max-2023,MacBook Pro 16 inch (M3 Pro / M3 Max 2023),macbook,apple,water-damage,Cấp cứu máy vô nước / Rớt nước,0,NO_SOURCE,1850000,4350000,2400000,5700000,3300000,7850000
apple-macbook-pro-16-m3-pro-max-2023,MacBook Pro 16 inch (M3 Pro / M3 Max 2023),macbook,apple,data-recovery,Cứu dữ liệu ổ cứng & Bo mạch,0,NO_SOURCE,1700000,5200000,2250000,6750000,3100000,9300000
apple-macbook-pro-16-m3-pro-max-2023,MacBook Pro 16 inch (M3 Pro / M3 Max 2023),macbook,apple,diagnostic,Kiểm tra chẩn đoán toàn diện,0,NO_SOURCE,0,0,0,0,0,0
apple-macbook-pro-14-m3-pro-max-2023,MacBook Pro 14 inch (M3 / M3 Pro / M3 Max 2023),macbook,apple,screen,Thay màn hình hiển thị,0,NO_SOURCE,7800000,15500000,10150000,20200000,14100000,27950000
apple-macbook-pro-14-m3-pro-max-2023,MacBook Pro 14 inch (M3 / M3 Pro / M3 Max 2023),macbook,apple,battery,Thay pin dung lượng cao / Pin Zin,0,NO_SOURCE,2050000,3350000,2700000,4350000,3750000,6000000
apple-macbook-pro-14-m3-pro-max-2023,MacBook Pro 14 inch (M3 / M3 Pro / M3 Max 2023),macbook,apple,keyboard,Bàn phím liệt / Kẹt nút bấm,0,NO_SOURCE,2050000,3700000,2700000,4800000,3750000,6600000
apple-macbook-pro-14-m3-pro-max-2023,MacBook Pro 14 inch (M3 / M3 Pro / M3 Max 2023),macbook,apple,trackpad,Chuột cảm ứng / Trackpad,0,NO_SOURCE,1250000,2400000,1650000,3150000,2300000,4350000
apple-macbook-pro-14-m3-pro-max-2023,MacBook Pro 14 inch (M3 / M3 Pro / M3 Max 2023),macbook,apple,charging-port,Sửa chân sạc / Cổng kết nối,0,NO_SOURCE,980000,1850000,1250000,2400000,1750000,3300000
apple-macbook-pro-14-m3-pro-max-2023,MacBook Pro 14 inch (M3 / M3 Pro / M3 Max 2023),macbook,apple,hinge-body,Sửa gãy bản lề / Vỏ khung sườn,0,NO_SOURCE,1250000,2550000,1650000,3300000,2300000,4550000
apple-macbook-pro-14-m3-pro-max-2023,MacBook Pro 14 inch (M3 / M3 Pro / M3 Max 2023),macbook,apple,mainboard,Sửa mất nguồn / Lỗi Mainboard,0,NO_SOURCE,3200000,7450000,4200000,9700000,5800000,13450000
apple-macbook-pro-14-m3-pro-max-2023,MacBook Pro 14 inch (M3 / M3 Pro / M3 Max 2023),macbook,apple,speaker,Loa trong / Loa ngoài rè,0,NO_SOURCE,1100000,2150000,1400000,2750000,1950000,3850000
apple-macbook-pro-14-m3-pro-max-2023,MacBook Pro 14 inch (M3 / M3 Pro / M3 Max 2023),macbook,apple,mic,Hỏng Micro (Nói không nghe),0,NO_SOURCE,750000,1400000,970000,1800000,1350000,2500000
apple-macbook-pro-14-m3-pro-max-2023,MacBook Pro 14 inch (M3 / M3 Pro / M3 Max 2023),macbook,apple,camera,Thay camera trước / sau,0,NO_SOURCE,1100000,2150000,1400000,2750000,1950000,3850000
apple-macbook-pro-14-m3-pro-max-2023,MacBook Pro 14 inch (M3 / M3 Pro / M3 Max 2023),macbook,apple,thermal,Vệ sinh máy & Tra keo tản nhiệt,0,NO_SOURCE,400000,690000,520000,900000,720000,1250000
apple-macbook-pro-14-m3-pro-max-2023,MacBook Pro 14 inch (M3 / M3 Pro / M3 Max 2023),macbook,apple,software,Cài Hệ điều hành & Phần mềm,0,NO_SOURCE,290000,580000,370000,750000,520000,1050000
apple-macbook-pro-14-m3-pro-max-2023,MacBook Pro 14 inch (M3 / M3 Pro / M3 Max 2023),macbook,apple,water-damage,Cấp cứu máy vô nước / Rớt nước,0,NO_SOURCE,1850000,4350000,2400000,5700000,3300000,7850000
apple-macbook-pro-14-m3-pro-max-2023,MacBook Pro 14 inch (M3 / M3 Pro / M3 Max 2023),macbook,apple,data-recovery,Cứu dữ liệu ổ cứng & Bo mạch,0,NO_SOURCE,1700000,5200000,2250000,6750000,3100000,9300000
apple-macbook-pro-14-m3-pro-max-2023,MacBook Pro 14 inch (M3 / M3 Pro / M3 Max 2023),macbook,apple,diagnostic,Kiểm tra chẩn đoán toàn diện,0,NO_SOURCE,0,0,0,0,0,0
apple-macbook-pro-16-m2-pro-max-2023,MacBook Pro 16 inch (M2 Pro / M2 Max 2023),macbook,apple,screen,Thay màn hình hiển thị,0,NO_SOURCE,7800000,15500000,10150000,20200000,14100000,27950000
apple-macbook-pro-16-m2-pro-max-2023,MacBook Pro 16 inch (M2 Pro / M2 Max 2023),macbook,apple,battery,Thay pin dung lượng cao / Pin Zin,0,NO_SOURCE,2050000,3350000,2700000,4350000,3750000,6000000
apple-macbook-pro-16-m2-pro-max-2023,MacBook Pro 16 inch (M2 Pro / M2 Max 2023),macbook,apple,keyboard,Bàn phím liệt / Kẹt nút bấm,0,NO_SOURCE,2050000,3700000,2700000,4800000,3750000,6600000
apple-macbook-pro-16-m2-pro-max-2023,MacBook Pro 16 inch (M2 Pro / M2 Max 2023),macbook,apple,trackpad,Chuột cảm ứng / Trackpad,0,NO_SOURCE,1250000,2400000,1650000,3150000,2300000,4350000
apple-macbook-pro-16-m2-pro-max-2023,MacBook Pro 16 inch (M2 Pro / M2 Max 2023),macbook,apple,charging-port,Sửa chân sạc / Cổng kết nối,0,NO_SOURCE,980000,1850000,1250000,2400000,1750000,3300000
apple-macbook-pro-16-m2-pro-max-2023,MacBook Pro 16 inch (M2 Pro / M2 Max 2023),macbook,apple,hinge-body,Sửa gãy bản lề / Vỏ khung sườn,0,NO_SOURCE,1250000,2550000,1650000,3300000,2300000,4550000
apple-macbook-pro-16-m2-pro-max-2023,MacBook Pro 16 inch (M2 Pro / M2 Max 2023),macbook,apple,mainboard,Sửa mất nguồn / Lỗi Mainboard,0,NO_SOURCE,3200000,7450000,4200000,9700000,5800000,13450000
apple-macbook-pro-16-m2-pro-max-2023,MacBook Pro 16 inch (M2 Pro / M2 Max 2023),macbook,apple,speaker,Loa trong / Loa ngoài rè,0,NO_SOURCE,1100000,2150000,1400000,2750000,1950000,3850000
apple-macbook-pro-16-m2-pro-max-2023,MacBook Pro 16 inch (M2 Pro / M2 Max 2023),macbook,apple,mic,Hỏng Micro (Nói không nghe),0,NO_SOURCE,750000,1400000,970000,1800000,1350000,2500000
apple-macbook-pro-16-m2-pro-max-2023,MacBook Pro 16 inch (M2 Pro / M2 Max 2023),macbook,apple,camera,Thay camera trước / sau,0,NO_SOURCE,1100000,2150000,1400000,2750000,1950000,3850000
apple-macbook-pro-16-m2-pro-max-2023,MacBook Pro 16 inch (M2 Pro / M2 Max 2023),macbook,apple,thermal,Vệ sinh máy & Tra keo tản nhiệt,0,NO_SOURCE,400000,690000,520000,900000,720000,1250000
apple-macbook-pro-16-m2-pro-max-2023,MacBook Pro 16 inch (M2 Pro / M2 Max 2023),macbook,apple,software,Cài Hệ điều hành & Phần mềm,0,NO_SOURCE,290000,580000,370000,750000,520000,1050000
apple-macbook-pro-16-m2-pro-max-2023,MacBook Pro 16 inch (M2 Pro / M2 Max 2023),macbook,apple,water-damage,Cấp cứu máy vô nước / Rớt nước,0,NO_SOURCE,1850000,4350000,2400000,5700000,3300000,7850000
apple-macbook-pro-16-m2-pro-max-2023,MacBook Pro 16 inch (M2 Pro / M2 Max 2023),macbook,apple,data-recovery,Cứu dữ liệu ổ cứng & Bo mạch,0,NO_SOURCE,1700000,5200000,2250000,6750000,3100000,9300000
apple-macbook-pro-16-m2-pro-max-2023,MacBook Pro 16 inch (M2 Pro / M2 Max 2023),macbook,apple,diagnostic,Kiểm tra chẩn đoán toàn diện,0,NO_SOURCE,0,0,0,0,0,0
apple-macbook-pro-14-m2-pro-max-2023,MacBook Pro 14 inch (M2 Pro / M2 Max 2023),macbook,apple,screen,Thay màn hình hiển thị,0,NO_SOURCE,7800000,15500000,10150000,20200000,14100000,27950000
apple-macbook-pro-14-m2-pro-max-2023,MacBook Pro 14 inch (M2 Pro / M2 Max 2023),macbook,apple,battery,Thay pin dung lượng cao / Pin Zin,0,NO_SOURCE,2050000,3350000,2700000,4350000,3750000,6000000
apple-macbook-pro-14-m2-pro-max-2023,MacBook Pro 14 inch (M2 Pro / M2 Max 2023),macbook,apple,keyboard,Bàn phím liệt / Kẹt nút bấm,0,NO_SOURCE,2050000,3700000,2700000,4800000,3750000,6600000
apple-macbook-pro-14-m2-pro-max-2023,MacBook Pro 14 inch (M2 Pro / M2 Max 2023),macbook,apple,trackpad,Chuột cảm ứng / Trackpad,0,NO_SOURCE,1250000,2400000,1650000,3150000,2300000,4350000
apple-macbook-pro-14-m2-pro-max-2023,MacBook Pro 14 inch (M2 Pro / M2 Max 2023),macbook,apple,charging-port,Sửa chân sạc / Cổng kết nối,0,NO_SOURCE,980000,1850000,1250000,2400000,1750000,3300000
apple-macbook-pro-14-m2-pro-max-2023,MacBook Pro 14 inch (M2 Pro / M2 Max 2023),macbook,apple,hinge-body,Sửa gãy bản lề / Vỏ khung sườn,0,NO_SOURCE,1250000,2550000,1650000,3300000,2300000,4550000
apple-macbook-pro-14-m2-pro-max-2023,MacBook Pro 14 inch (M2 Pro / M2 Max 2023),macbook,apple,mainboard,Sửa mất nguồn / Lỗi Mainboard,0,NO_SOURCE,3200000,7450000,4200000,9700000,5800000,13450000
apple-macbook-pro-14-m2-pro-max-2023,MacBook Pro 14 inch (M2 Pro / M2 Max 2023),macbook,apple,speaker,Loa trong / Loa ngoài rè,0,NO_SOURCE,1100000,2150000,1400000,2750000,1950000,3850000
apple-macbook-pro-14-m2-pro-max-2023,MacBook Pro 14 inch (M2 Pro / M2 Max 2023),macbook,apple,mic,Hỏng Micro (Nói không nghe),0,NO_SOURCE,750000,1400000,970000,1800000,1350000,2500000
apple-macbook-pro-14-m2-pro-max-2023,MacBook Pro 14 inch (M2 Pro / M2 Max 2023),macbook,apple,camera,Thay camera trước / sau,0,NO_SOURCE,1100000,2150000,1400000,2750000,1950000,3850000
apple-macbook-pro-14-m2-pro-max-2023,MacBook Pro 14 inch (M2 Pro / M2 Max 2023),macbook,apple,thermal,Vệ sinh máy & Tra keo tản nhiệt,0,NO_SOURCE,400000,690000,520000,900000,720000,1250000
apple-macbook-pro-14-m2-pro-max-2023,MacBook Pro 14 inch (M2 Pro / M2 Max 2023),macbook,apple,software,Cài Hệ điều hành & Phần mềm,0,NO_SOURCE,290000,580000,370000,750000,520000,1050000
apple-macbook-pro-14-m2-pro-max-2023,MacBook Pro 14 inch (M2 Pro / M2 Max 2023),macbook,apple,water-damage,Cấp cứu máy vô nước / Rớt nước,0,NO_SOURCE,1850000,4350000,2400000,5700000,3300000,7850000
apple-macbook-pro-14-m2-pro-max-2023,MacBook Pro 14 inch (M2 Pro / M2 Max 2023),macbook,apple,data-recovery,Cứu dữ liệu ổ cứng & Bo mạch,0,NO_SOURCE,1700000,5200000,2250000,6750000,3100000,9300000
apple-macbook-pro-14-m2-pro-max-2023,MacBook Pro 14 inch (M2 Pro / M2 Max 2023),macbook,apple,diagnostic,Kiểm tra chẩn đoán toàn diện,0,NO_SOURCE,0,0,0,0,0,0
apple-macbook-pro-13-m2-2022,MacBook Pro 13 inch (M2 Touch Bar 2022),macbook,apple,screen,Thay màn hình hiển thị,0,NO_SOURCE,4350000,8300000,5700000,10750000,7850000,14900000
apple-macbook-pro-13-m2-2022,MacBook Pro 13 inch (M2 Touch Bar 2022),macbook,apple,battery,Thay pin dung lượng cao / Pin Zin,0,NO_SOURCE,1500000,2550000,1950000,3300000,2700000,4550000
apple-macbook-pro-13-m2-2022,MacBook Pro 13 inch (M2 Touch Bar 2022),macbook,apple,keyboard,Bàn phím liệt / Kẹt nút bấm,0,NO_SOURCE,1400000,2750000,1800000,3600000,2500000,4950000
apple-macbook-pro-13-m2-2022,MacBook Pro 13 inch (M2 Touch Bar 2022),macbook,apple,trackpad,Chuột cảm ứng / Trackpad,0,NO_SOURCE,980000,1850000,1250000,2400000,1750000,3300000
apple-macbook-pro-13-m2-2022,MacBook Pro 13 inch (M2 Touch Bar 2022),macbook,apple,charging-port,Sửa chân sạc / Cổng kết nối,0,NO_SOURCE,750000,1450000,970000,1850000,1350000,2600000
apple-macbook-pro-13-m2-2022,MacBook Pro 13 inch (M2 Touch Bar 2022),macbook,apple,hinge-body,Sửa gãy bản lề / Vỏ khung sườn,0,NO_SOURCE,920000,1850000,1200000,2400000,1650000,3300000
apple-macbook-pro-13-m2-2022,MacBook Pro 13 inch (M2 Touch Bar 2022),macbook,apple,mainboard,Sửa mất nguồn / Lỗi Mainboard,0,NO_SOURCE,2300000,5500000,3000000,7200000,4150000,9950000
apple-macbook-pro-13-m2-2022,MacBook Pro 13 inch (M2 Touch Bar 2022),macbook,apple,speaker,Loa trong / Loa ngoài rè,0,NO_SOURCE,800000,1550000,1050000,2000000,1450000,2800000
apple-macbook-pro-13-m2-2022,MacBook Pro 13 inch (M2 Touch Bar 2022),macbook,apple,mic,Hỏng Micro (Nói không nghe),0,NO_SOURCE,580000,1100000,750000,1400000,1050000,1950000
apple-macbook-pro-13-m2-2022,MacBook Pro 13 inch (M2 Touch Bar 2022),macbook,apple,camera,Thay camera trước / sau,0,NO_SOURCE,800000,1600000,1050000,2100000,1450000,2900000
apple-macbook-pro-13-m2-2022,MacBook Pro 13 inch (M2 Touch Bar 2022),macbook,apple,thermal,Vệ sinh máy & Tra keo tản nhiệt,0,NO_SOURCE,290000,520000,370000,670000,520000,930000
apple-macbook-pro-13-m2-2022,MacBook Pro 13 inch (M2 Touch Bar 2022),macbook,apple,software,Cài Hệ điều hành & Phần mềm,0,NO_SOURCE,230000,460000,300000,600000,410000,830000
apple-macbook-pro-13-m2-2022,MacBook Pro 13 inch (M2 Touch Bar 2022),macbook,apple,water-damage,Cấp cứu máy vô nước / Rớt nước,0,NO_SOURCE,1400000,3200000,1800000,4200000,2500000,5800000
apple-macbook-pro-13-m2-2022,MacBook Pro 13 inch (M2 Touch Bar 2022),macbook,apple,data-recovery,Cứu dữ liệu ổ cứng & Bo mạch,0,NO_SOURCE,1400000,4000000,1800000,5250000,2500000,7250000
apple-macbook-pro-13-m2-2022,MacBook Pro 13 inch (M2 Touch Bar 2022),macbook,apple,diagnostic,Kiểm tra chẩn đoán toàn diện,0,NO_SOURCE,0,0,0,0,0,0
apple-macbook-pro-16-m1-pro-max-2021,MacBook Pro 16 inch (M1 Pro / M1 Max 2021),macbook,apple,screen,Thay màn hình hiển thị,0,NO_SOURCE,7800000,15500000,10150000,20200000,14100000,27950000
apple-macbook-pro-16-m1-pro-max-2021,MacBook Pro 16 inch (M1 Pro / M1 Max 2021),macbook,apple,battery,Thay pin dung lượng cao / Pin Zin,0,NO_SOURCE,2050000,3350000,2700000,4350000,3750000,6000000
apple-macbook-pro-16-m1-pro-max-2021,MacBook Pro 16 inch (M1 Pro / M1 Max 2021),macbook,apple,keyboard,Bàn phím liệt / Kẹt nút bấm,0,NO_SOURCE,2050000,3700000,2700000,4800000,3750000,6600000
apple-macbook-pro-16-m1-pro-max-2021,MacBook Pro 16 inch (M1 Pro / M1 Max 2021),macbook,apple,trackpad,Chuột cảm ứng / Trackpad,0,NO_SOURCE,1250000,2400000,1650000,3150000,2300000,4350000
apple-macbook-pro-16-m1-pro-max-2021,MacBook Pro 16 inch (M1 Pro / M1 Max 2021),macbook,apple,charging-port,Sửa chân sạc / Cổng kết nối,0,NO_SOURCE,980000,1850000,1250000,2400000,1750000,3300000
apple-macbook-pro-16-m1-pro-max-2021,MacBook Pro 16 inch (M1 Pro / M1 Max 2021),macbook,apple,hinge-body,Sửa gãy bản lề / Vỏ khung sườn,0,NO_SOURCE,1250000,2550000,1650000,3300000,2300000,4550000
apple-macbook-pro-16-m1-pro-max-2021,MacBook Pro 16 inch (M1 Pro / M1 Max 2021),macbook,apple,mainboard,Sửa mất nguồn / Lỗi Mainboard,0,NO_SOURCE,3200000,7450000,4200000,9700000,5800000,13450000
apple-macbook-pro-16-m1-pro-max-2021,MacBook Pro 16 inch (M1 Pro / M1 Max 2021),macbook,apple,speaker,Loa trong / Loa ngoài rè,0,NO_SOURCE,1100000,2150000,1400000,2750000,1950000,3850000
apple-macbook-pro-16-m1-pro-max-2021,MacBook Pro 16 inch (M1 Pro / M1 Max 2021),macbook,apple,mic,Hỏng Micro (Nói không nghe),0,NO_SOURCE,750000,1400000,970000,1800000,1350000,2500000
apple-macbook-pro-16-m1-pro-max-2021,MacBook Pro 16 inch (M1 Pro / M1 Max 2021),macbook,apple,camera,Thay camera trước / sau,0,NO_SOURCE,1100000,2150000,1400000,2750000,1950000,3850000
apple-macbook-pro-16-m1-pro-max-2021,MacBook Pro 16 inch (M1 Pro / M1 Max 2021),macbook,apple,thermal,Vệ sinh máy & Tra keo tản nhiệt,0,NO_SOURCE,400000,690000,520000,900000,720000,1250000
apple-macbook-pro-16-m1-pro-max-2021,MacBook Pro 16 inch (M1 Pro / M1 Max 2021),macbook,apple,software,Cài Hệ điều hành & Phần mềm,0,NO_SOURCE,290000,580000,370000,750000,520000,1050000
apple-macbook-pro-16-m1-pro-max-2021,MacBook Pro 16 inch (M1 Pro / M1 Max 2021),macbook,apple,water-damage,Cấp cứu máy vô nước / Rớt nước,0,NO_SOURCE,1850000,4350000,2400000,5700000,3300000,7850000
apple-macbook-pro-16-m1-pro-max-2021,MacBook Pro 16 inch (M1 Pro / M1 Max 2021),macbook,apple,data-recovery,Cứu dữ liệu ổ cứng & Bo mạch,0,NO_SOURCE,1700000,5200000,2250000,6750000,3100000,9300000
apple-macbook-pro-16-m1-pro-max-2021,MacBook Pro 16 inch (M1 Pro / M1 Max 2021),macbook,apple,diagnostic,Kiểm tra chẩn đoán toàn diện,0,NO_SOURCE,0,0,0,0,0,0
apple-macbook-pro-14-m1-pro-max-2021,MacBook Pro 14 inch (M1 Pro / M1 Max 2021),macbook,apple,screen,Thay màn hình hiển thị,0,NO_SOURCE,7800000,15500000,10150000,20200000,14100000,27950000
apple-macbook-pro-14-m1-pro-max-2021,MacBook Pro 14 inch (M1 Pro / M1 Max 2021),macbook,apple,battery,Thay pin dung lượng cao / Pin Zin,0,NO_SOURCE,2050000,3350000,2700000,4350000,3750000,6000000
apple-macbook-pro-14-m1-pro-max-2021,MacBook Pro 14 inch (M1 Pro / M1 Max 2021),macbook,apple,keyboard,Bàn phím liệt / Kẹt nút bấm,0,NO_SOURCE,2050000,3700000,2700000,4800000,3750000,6600000
apple-macbook-pro-14-m1-pro-max-2021,MacBook Pro 14 inch (M1 Pro / M1 Max 2021),macbook,apple,trackpad,Chuột cảm ứng / Trackpad,0,NO_SOURCE,1250000,2400000,1650000,3150000,2300000,4350000
apple-macbook-pro-14-m1-pro-max-2021,MacBook Pro 14 inch (M1 Pro / M1 Max 2021),macbook,apple,charging-port,Sửa chân sạc / Cổng kết nối,0,NO_SOURCE,980000,1850000,1250000,2400000,1750000,3300000
apple-macbook-pro-14-m1-pro-max-2021,MacBook Pro 14 inch (M1 Pro / M1 Max 2021),macbook,apple,hinge-body,Sửa gãy bản lề / Vỏ khung sườn,0,NO_SOURCE,1250000,2550000,1650000,3300000,2300000,4550000
apple-macbook-pro-14-m1-pro-max-2021,MacBook Pro 14 inch (M1 Pro / M1 Max 2021),macbook,apple,mainboard,Sửa mất nguồn / Lỗi Mainboard,0,NO_SOURCE,3200000,7450000,4200000,9700000,5800000,13450000
apple-macbook-pro-14-m1-pro-max-2021,MacBook Pro 14 inch (M1 Pro / M1 Max 2021),macbook,apple,speaker,Loa trong / Loa ngoài rè,0,NO_SOURCE,1100000,2150000,1400000,2750000,1950000,3850000
apple-macbook-pro-14-m1-pro-max-2021,MacBook Pro 14 inch (M1 Pro / M1 Max 2021),macbook,apple,mic,Hỏng Micro (Nói không nghe),0,NO_SOURCE,750000,1400000,970000,1800000,1350000,2500000
apple-macbook-pro-14-m1-pro-max-2021,MacBook Pro 14 inch (M1 Pro / M1 Max 2021),macbook,apple,camera,Thay camera trước / sau,0,NO_SOURCE,1100000,2150000,1400000,2750000,1950000,3850000
apple-macbook-pro-14-m1-pro-max-2021,MacBook Pro 14 inch (M1 Pro / M1 Max 2021),macbook,apple,thermal,Vệ sinh máy & Tra keo tản nhiệt,0,NO_SOURCE,400000,690000,520000,900000,720000,1250000
apple-macbook-pro-14-m1-pro-max-2021,MacBook Pro 14 inch (M1 Pro / M1 Max 2021),macbook,apple,software,Cài Hệ điều hành & Phần mềm,0,NO_SOURCE,290000,580000,370000,750000,520000,1050000
apple-macbook-pro-14-m1-pro-max-2021,MacBook Pro 14 inch (M1 Pro / M1 Max 2021),macbook,apple,water-damage,Cấp cứu máy vô nước / Rớt nước,0,NO_SOURCE,1850000,4350000,2400000,5700000,3300000,7850000
apple-macbook-pro-14-m1-pro-max-2021,MacBook Pro 14 inch (M1 Pro / M1 Max 2021),macbook,apple,data-recovery,Cứu dữ liệu ổ cứng & Bo mạch,0,NO_SOURCE,1700000,5200000,2250000,6750000,3100000,9300000
apple-macbook-pro-14-m1-pro-max-2021,MacBook Pro 14 inch (M1 Pro / M1 Max 2021),macbook,apple,diagnostic,Kiểm tra chẩn đoán toàn diện,0,NO_SOURCE,0,0,0,0,0,0
apple-macbook-pro-13-m1-2020,MacBook Pro 13 inch (M1 Touch Bar 2020),macbook,apple,screen,Thay màn hình hiển thị,0,NO_SOURCE,4350000,8300000,5700000,10750000,7850000,14900000
apple-macbook-pro-13-m1-2020,MacBook Pro 13 inch (M1 Touch Bar 2020),macbook,apple,battery,Thay pin dung lượng cao / Pin Zin,0,NO_SOURCE,1500000,2550000,1950000,3300000,2700000,4550000
apple-macbook-pro-13-m1-2020,MacBook Pro 13 inch (M1 Touch Bar 2020),macbook,apple,keyboard,Bàn phím liệt / Kẹt nút bấm,0,NO_SOURCE,1400000,2750000,1800000,3600000,2500000,4950000
apple-macbook-pro-13-m1-2020,MacBook Pro 13 inch (M1 Touch Bar 2020),macbook,apple,trackpad,Chuột cảm ứng / Trackpad,0,NO_SOURCE,980000,1850000,1250000,2400000,1750000,3300000
apple-macbook-pro-13-m1-2020,MacBook Pro 13 inch (M1 Touch Bar 2020),macbook,apple,charging-port,Sửa chân sạc / Cổng kết nối,0,NO_SOURCE,750000,1450000,970000,1850000,1350000,2600000
apple-macbook-pro-13-m1-2020,MacBook Pro 13 inch (M1 Touch Bar 2020),macbook,apple,hinge-body,Sửa gãy bản lề / Vỏ khung sườn,0,NO_SOURCE,920000,1850000,1200000,2400000,1650000,3300000
apple-macbook-pro-13-m1-2020,MacBook Pro 13 inch (M1 Touch Bar 2020),macbook,apple,mainboard,Sửa mất nguồn / Lỗi Mainboard,0,NO_SOURCE,2300000,5500000,3000000,7200000,4150000,9950000
apple-macbook-pro-13-m1-2020,MacBook Pro 13 inch (M1 Touch Bar 2020),macbook,apple,speaker,Loa trong / Loa ngoài rè,0,NO_SOURCE,800000,1550000,1050000,2000000,1450000,2800000
apple-macbook-pro-13-m1-2020,MacBook Pro 13 inch (M1 Touch Bar 2020),macbook,apple,mic,Hỏng Micro (Nói không nghe),0,NO_SOURCE,580000,1100000,750000,1400000,1050000,1950000
apple-macbook-pro-13-m1-2020,MacBook Pro 13 inch (M1 Touch Bar 2020),macbook,apple,camera,Thay camera trước / sau,0,NO_SOURCE,800000,1600000,1050000,2100000,1450000,2900000
apple-macbook-pro-13-m1-2020,MacBook Pro 13 inch (M1 Touch Bar 2020),macbook,apple,thermal,Vệ sinh máy & Tra keo tản nhiệt,0,NO_SOURCE,290000,520000,370000,670000,520000,930000
apple-macbook-pro-13-m1-2020,MacBook Pro 13 inch (M1 Touch Bar 2020),macbook,apple,software,Cài Hệ điều hành & Phần mềm,0,NO_SOURCE,230000,460000,300000,600000,410000,830000
apple-macbook-pro-13-m1-2020,MacBook Pro 13 inch (M1 Touch Bar 2020),macbook,apple,water-damage,Cấp cứu máy vô nước / Rớt nước,0,NO_SOURCE,1400000,3200000,1800000,4200000,2500000,5800000
apple-macbook-pro-13-m1-2020,MacBook Pro 13 inch (M1 Touch Bar 2020),macbook,apple,data-recovery,Cứu dữ liệu ổ cứng & Bo mạch,0,NO_SOURCE,1400000,4000000,1800000,5250000,2500000,7250000
apple-macbook-pro-13-m1-2020,MacBook Pro 13 inch (M1 Touch Bar 2020),macbook,apple,diagnostic,Kiểm tra chẩn đoán toàn diện,0,NO_SOURCE,0,0,0,0,0,0
apple-macbook-pro-16-intel-2019,MacBook Pro 16 inch (Intel 2019 A2141),macbook,apple,screen,Thay màn hình hiển thị,0,NO_SOURCE,3700000,7150000,4800000,9250000,6600000,12850000
apple-macbook-pro-16-intel-2019,MacBook Pro 16 inch (Intel 2019 A2141),macbook,apple,battery,Thay pin dung lượng cao / Pin Zin,0,NO_SOURCE,1250000,2200000,1650000,2850000,2300000,3950000
apple-macbook-pro-16-intel-2019,MacBook Pro 16 inch (Intel 2019 A2141),macbook,apple,keyboard,Bàn phím liệt / Kẹt nút bấm,0,NO_SOURCE,1250000,2550000,1650000,3300000,2300000,4550000
apple-macbook-pro-16-intel-2019,MacBook Pro 16 inch (Intel 2019 A2141),macbook,apple,trackpad,Chuột cảm ứng / Trackpad,0,NO_SOURCE,860000,1600000,1100000,2100000,1550000,2900000
apple-macbook-pro-16-intel-2019,MacBook Pro 16 inch (Intel 2019 A2141),macbook,apple,charging-port,Sửa chân sạc / Cổng kết nối,0,NO_SOURCE,630000,1250000,820000,1650000,1150000,2300000
apple-macbook-pro-16-intel-2019,MacBook Pro 16 inch (Intel 2019 A2141),macbook,apple,hinge-body,Sửa gãy bản lề / Vỏ khung sườn,0,NO_SOURCE,800000,1600000,1050000,2100000,1450000,2900000
apple-macbook-pro-16-intel-2019,MacBook Pro 16 inch (Intel 2019 A2141),macbook,apple,mainboard,Sửa mất nguồn / Lỗi Mainboard,0,NO_SOURCE,1850000,4350000,2400000,5700000,3300000,7850000
apple-macbook-pro-16-intel-2019,MacBook Pro 16 inch (Intel 2019 A2141),macbook,apple,speaker,Loa trong / Loa ngoài rè,0,NO_SOURCE,690000,1400000,900000,1800000,1250000,2500000
apple-macbook-pro-16-intel-2019,MacBook Pro 16 inch (Intel 2019 A2141),macbook,apple,mic,Hỏng Micro (Nói không nghe),0,NO_SOURCE,520000,980000,670000,1250000,930000,1750000
apple-macbook-pro-16-intel-2019,MacBook Pro 16 inch (Intel 2019 A2141),macbook,apple,camera,Thay camera trước / sau,0,NO_SOURCE,690000,1400000,900000,1800000,1250000,2500000
apple-macbook-pro-16-intel-2019,MacBook Pro 16 inch (Intel 2019 A2141),macbook,apple,thermal,Vệ sinh máy & Tra keo tản nhiệt,0,NO_SOURCE,290000,460000,370000,600000,520000,830000
apple-macbook-pro-16-intel-2019,MacBook Pro 16 inch (Intel 2019 A2141),macbook,apple,software,Cài Hệ điều hành & Phần mềm,0,NO_SOURCE,210000,400000,270000,520000,370000,720000
apple-macbook-pro-16-intel-2019,MacBook Pro 16 inch (Intel 2019 A2141),macbook,apple,water-damage,Cấp cứu máy vô nước / Rớt nước,0,NO_SOURCE,1100000,2750000,1400000,3600000,1950000,4950000
apple-macbook-pro-16-intel-2019,MacBook Pro 16 inch (Intel 2019 A2141),macbook,apple,data-recovery,Cứu dữ liệu ổ cứng & Bo mạch,0,NO_SOURCE,1100000,3200000,1400000,4200000,1950000,5800000
apple-macbook-pro-16-intel-2019,MacBook Pro 16 inch (Intel 2019 A2141),macbook,apple,diagnostic,Kiểm tra chẩn đoán toàn diện,0,NO_SOURCE,0,0,0,0,0,0
apple-macbook-pro-13-intel-touchbar-2018-2020,MacBook Pro 13 inch (Intel Touch Bar 2018-2020 A1989/A2251),macbook,apple,screen,Thay màn hình hiển thị,0,NO_SOURCE,3700000,7150000,4800000,9250000,6600000,12850000
apple-macbook-pro-13-intel-touchbar-2018-2020,MacBook Pro 13 inch (Intel Touch Bar 2018-2020 A1989/A2251),macbook,apple,flexgate,Cáp màn hình Flexgate (MacBook),0,NO_SOURCE,1400000,2200000,1800000,2850000,2500000,3950000
apple-macbook-pro-13-intel-touchbar-2018-2020,MacBook Pro 13 inch (Intel Touch Bar 2018-2020 A1989/A2251),macbook,apple,battery,Thay pin dung lượng cao / Pin Zin,0,NO_SOURCE,1250000,2200000,1650000,2850000,2300000,3950000
apple-macbook-pro-13-intel-touchbar-2018-2020,MacBook Pro 13 inch (Intel Touch Bar 2018-2020 A1989/A2251),macbook,apple,keyboard,Bàn phím liệt / Kẹt nút bấm,0,NO_SOURCE,1250000,2550000,1650000,3300000,2300000,4550000
apple-macbook-pro-13-intel-touchbar-2018-2020,MacBook Pro 13 inch (Intel Touch Bar 2018-2020 A1989/A2251),macbook,apple,trackpad,Chuột cảm ứng / Trackpad,0,NO_SOURCE,860000,1600000,1100000,2100000,1550000,2900000
apple-macbook-pro-13-intel-touchbar-2018-2020,MacBook Pro 13 inch (Intel Touch Bar 2018-2020 A1989/A2251),macbook,apple,charging-port,Sửa chân sạc / Cổng kết nối,0,NO_SOURCE,630000,1250000,820000,1650000,1150000,2300000
apple-macbook-pro-13-intel-touchbar-2018-2020,MacBook Pro 13 inch (Intel Touch Bar 2018-2020 A1989/A2251),macbook,apple,hinge-body,Sửa gãy bản lề / Vỏ khung sườn,0,NO_SOURCE,800000,1600000,1050000,2100000,1450000,2900000
apple-macbook-pro-13-intel-touchbar-2018-2020,MacBook Pro 13 inch (Intel Touch Bar 2018-2020 A1989/A2251),macbook,apple,mainboard,Sửa mất nguồn / Lỗi Mainboard,0,NO_SOURCE,1850000,4350000,2400000,5700000,3300000,7850000
apple-macbook-pro-13-intel-touchbar-2018-2020,MacBook Pro 13 inch (Intel Touch Bar 2018-2020 A1989/A2251),macbook,apple,speaker,Loa trong / Loa ngoài rè,0,NO_SOURCE,690000,1400000,900000,1800000,1250000,2500000
apple-macbook-pro-13-intel-touchbar-2018-2020,MacBook Pro 13 inch (Intel Touch Bar 2018-2020 A1989/A2251),macbook,apple,mic,Hỏng Micro (Nói không nghe),0,NO_SOURCE,520000,980000,670000,1250000,930000,1750000
apple-macbook-pro-13-intel-touchbar-2018-2020,MacBook Pro 13 inch (Intel Touch Bar 2018-2020 A1989/A2251),macbook,apple,camera,Thay camera trước / sau,0,NO_SOURCE,690000,1400000,900000,1800000,1250000,2500000
apple-macbook-pro-13-intel-touchbar-2018-2020,MacBook Pro 13 inch (Intel Touch Bar 2018-2020 A1989/A2251),macbook,apple,thermal,Vệ sinh máy & Tra keo tản nhiệt,0,NO_SOURCE,290000,460000,370000,600000,520000,830000
apple-macbook-pro-13-intel-touchbar-2018-2020,MacBook Pro 13 inch (Intel Touch Bar 2018-2020 A1989/A2251),macbook,apple,software,Cài Hệ điều hành & Phần mềm,0,NO_SOURCE,210000,400000,270000,520000,370000,720000
apple-macbook-pro-13-intel-touchbar-2018-2020,MacBook Pro 13 inch (Intel Touch Bar 2018-2020 A1989/A2251),macbook,apple,water-damage,Cấp cứu máy vô nước / Rớt nước,0,NO_SOURCE,1100000,2750000,1400000,3600000,1950000,4950000
apple-macbook-pro-13-intel-touchbar-2018-2020,MacBook Pro 13 inch (Intel Touch Bar 2018-2020 A1989/A2251),macbook,apple,data-recovery,Cứu dữ liệu ổ cứng & Bo mạch,0,NO_SOURCE,1100000,3200000,1400000,4200000,1950000,5800000
apple-macbook-pro-13-intel-touchbar-2018-2020,MacBook Pro 13 inch (Intel Touch Bar 2018-2020 A1989/A2251),macbook,apple,diagnostic,Kiểm tra chẩn đoán toàn diện,0,NO_SOURCE,0,0,0,0,0,0
apple-macbook-pro-15-intel-retina-2015,MacBook Pro 15 inch Retina (Mid 2015 A1398),macbook,apple,screen,Thay màn hình hiển thị,0,NO_SOURCE,2050000,4000000,2700000,5250000,3750000,7250000
apple-macbook-pro-15-intel-retina-2015,MacBook Pro 15 inch Retina (Mid 2015 A1398),macbook,apple,battery,Thay pin dung lượng cao / Pin Zin,0,NO_SOURCE,860000,1500000,1100000,1950000,1550000,2700000
apple-macbook-pro-15-intel-retina-2015,MacBook Pro 15 inch Retina (Mid 2015 A1398),macbook,apple,keyboard,Bàn phím liệt / Kẹt nút bấm,0,NO_SOURCE,750000,1400000,970000,1800000,1350000,2500000
apple-macbook-pro-15-intel-retina-2015,MacBook Pro 15 inch Retina (Mid 2015 A1398),macbook,apple,trackpad,Chuột cảm ứng / Trackpad,0,NO_SOURCE,580000,1100000,750000,1400000,1050000,1950000
apple-macbook-pro-15-intel-retina-2015,MacBook Pro 15 inch Retina (Mid 2015 A1398),macbook,apple,charging-port,Sửa chân sạc / Cổng kết nối,0,NO_SOURCE,460000,860000,600000,1100000,830000,1550000
apple-macbook-pro-15-intel-retina-2015,MacBook Pro 15 inch Retina (Mid 2015 A1398),macbook,apple,hinge-body,Sửa gãy bản lề / Vỏ khung sườn,0,NO_SOURCE,580000,1100000,750000,1400000,1050000,1950000
apple-macbook-pro-15-intel-retina-2015,MacBook Pro 15 inch Retina (Mid 2015 A1398),macbook,apple,mainboard,Sửa mất nguồn / Lỗi Mainboard,0,NO_SOURCE,1250000,2750000,1650000,3600000,2300000,4950000
apple-macbook-pro-15-intel-retina-2015,MacBook Pro 15 inch Retina (Mid 2015 A1398),macbook,apple,speaker,Loa trong / Loa ngoài rè,0,NO_SOURCE,460000,920000,600000,1200000,830000,1650000
apple-macbook-pro-15-intel-retina-2015,MacBook Pro 15 inch Retina (Mid 2015 A1398),macbook,apple,mic,Hỏng Micro (Nói không nghe),0,NO_SOURCE,400000,750000,520000,970000,720000,1350000
apple-macbook-pro-15-intel-retina-2015,MacBook Pro 15 inch Retina (Mid 2015 A1398),macbook,apple,camera,Thay camera trước / sau,0,NO_SOURCE,520000,980000,670000,1250000,930000,1750000
apple-macbook-pro-15-intel-retina-2015,MacBook Pro 15 inch Retina (Mid 2015 A1398),macbook,apple,thermal,Vệ sinh máy & Tra keo tản nhiệt,0,NO_SOURCE,230000,400000,300000,520000,410000,720000
apple-macbook-pro-15-intel-retina-2015,MacBook Pro 15 inch Retina (Mid 2015 A1398),macbook,apple,ssd-upgrade,Nâng cấp ổ cứng SSD siêu tốc,0,NO_SOURCE,860000,2050000,1100000,2700000,1550000,3750000
apple-macbook-pro-15-intel-retina-2015,MacBook Pro 15 inch Retina (Mid 2015 A1398),macbook,apple,software,Cài Hệ điều hành & Phần mềm,0,NO_SOURCE,170000,340000,220000,450000,310000,620000
apple-macbook-pro-15-intel-retina-2015,MacBook Pro 15 inch Retina (Mid 2015 A1398),macbook,apple,water-damage,Cấp cứu máy vô nước / Rớt nước,0,NO_SOURCE,860000,2050000,1100000,2700000,1550000,3750000
apple-macbook-pro-15-intel-retina-2015,MacBook Pro 15 inch Retina (Mid 2015 A1398),macbook,apple,data-recovery,Cứu dữ liệu ổ cứng & Bo mạch,0,NO_SOURCE,860000,2550000,1100000,3300000,1550000,4550000
apple-macbook-pro-15-intel-retina-2015,MacBook Pro 15 inch Retina (Mid 2015 A1398),macbook,apple,diagnostic,Kiểm tra chẩn đoán toàn diện,0,NO_SOURCE,0,0,0,0,0,0
apple-macbook-air-15-m3-2024,MacBook Air 15 inch (M3 2024),macbook,apple,screen,Thay màn hình hiển thị,0,NO_SOURCE,4350000,8300000,5700000,10750000,7850000,14900000
apple-macbook-air-15-m3-2024,MacBook Air 15 inch (M3 2024),macbook,apple,battery,Thay pin dung lượng cao / Pin Zin,0,NO_SOURCE,1500000,2550000,1950000,3300000,2700000,4550000
apple-macbook-air-15-m3-2024,MacBook Air 15 inch (M3 2024),macbook,apple,keyboard,Bàn phím liệt / Kẹt nút bấm,0,NO_SOURCE,1400000,2750000,1800000,3600000,2500000,4950000
apple-macbook-air-15-m3-2024,MacBook Air 15 inch (M3 2024),macbook,apple,trackpad,Chuột cảm ứng / Trackpad,0,NO_SOURCE,980000,1850000,1250000,2400000,1750000,3300000
apple-macbook-air-15-m3-2024,MacBook Air 15 inch (M3 2024),macbook,apple,charging-port,Sửa chân sạc / Cổng kết nối,0,NO_SOURCE,750000,1450000,970000,1850000,1350000,2600000
apple-macbook-air-15-m3-2024,MacBook Air 15 inch (M3 2024),macbook,apple,hinge-body,Sửa gãy bản lề / Vỏ khung sườn,0,NO_SOURCE,920000,1850000,1200000,2400000,1650000,3300000
apple-macbook-air-15-m3-2024,MacBook Air 15 inch (M3 2024),macbook,apple,mainboard,Sửa mất nguồn / Lỗi Mainboard,0,NO_SOURCE,2300000,5500000,3000000,7200000,4150000,9950000
apple-macbook-air-15-m3-2024,MacBook Air 15 inch (M3 2024),macbook,apple,speaker,Loa trong / Loa ngoài rè,0,NO_SOURCE,800000,1550000,1050000,2000000,1450000,2800000
apple-macbook-air-15-m3-2024,MacBook Air 15 inch (M3 2024),macbook,apple,mic,Hỏng Micro (Nói không nghe),0,NO_SOURCE,580000,1100000,750000,1400000,1050000,1950000
apple-macbook-air-15-m3-2024,MacBook Air 15 inch (M3 2024),macbook,apple,camera,Thay camera trước / sau,0,NO_SOURCE,800000,1600000,1050000,2100000,1450000,2900000
apple-macbook-air-15-m3-2024,MacBook Air 15 inch (M3 2024),macbook,apple,thermal,Vệ sinh máy & Tra keo tản nhiệt,0,NO_SOURCE,290000,520000,370000,670000,520000,930000
apple-macbook-air-15-m3-2024,MacBook Air 15 inch (M3 2024),macbook,apple,software,Cài Hệ điều hành & Phần mềm,0,NO_SOURCE,230000,460000,300000,600000,410000,830000
apple-macbook-air-15-m3-2024,MacBook Air 15 inch (M3 2024),macbook,apple,water-damage,Cấp cứu máy vô nước / Rớt nước,0,NO_SOURCE,1400000,3200000,1800000,4200000,2500000,5800000
apple-macbook-air-15-m3-2024,MacBook Air 15 inch (M3 2024),macbook,apple,data-recovery,Cứu dữ liệu ổ cứng & Bo mạch,0,NO_SOURCE,1400000,4000000,1800000,5250000,2500000,7250000
apple-macbook-air-15-m3-2024,MacBook Air 15 inch (M3 2024),macbook,apple,diagnostic,Kiểm tra chẩn đoán toàn diện,0,NO_SOURCE,0,0,0,0,0,0
apple-macbook-air-13-m3-2024,MacBook Air 13 inch (M3 2024),macbook,apple,screen,Thay màn hình hiển thị,0,NO_SOURCE,4350000,8300000,5700000,10750000,7850000,14900000
apple-macbook-air-13-m3-2024,MacBook Air 13 inch (M3 2024),macbook,apple,battery,Thay pin dung lượng cao / Pin Zin,0,NO_SOURCE,1500000,2550000,1950000,3300000,2700000,4550000
apple-macbook-air-13-m3-2024,MacBook Air 13 inch (M3 2024),macbook,apple,keyboard,Bàn phím liệt / Kẹt nút bấm,0,NO_SOURCE,1400000,2750000,1800000,3600000,2500000,4950000
apple-macbook-air-13-m3-2024,MacBook Air 13 inch (M3 2024),macbook,apple,trackpad,Chuột cảm ứng / Trackpad,0,NO_SOURCE,980000,1850000,1250000,2400000,1750000,3300000
apple-macbook-air-13-m3-2024,MacBook Air 13 inch (M3 2024),macbook,apple,charging-port,Sửa chân sạc / Cổng kết nối,0,NO_SOURCE,750000,1450000,970000,1850000,1350000,2600000
apple-macbook-air-13-m3-2024,MacBook Air 13 inch (M3 2024),macbook,apple,hinge-body,Sửa gãy bản lề / Vỏ khung sườn,0,NO_SOURCE,920000,1850000,1200000,2400000,1650000,3300000
apple-macbook-air-13-m3-2024,MacBook Air 13 inch (M3 2024),macbook,apple,mainboard,Sửa mất nguồn / Lỗi Mainboard,0,NO_SOURCE,2300000,5500000,3000000,7200000,4150000,9950000
apple-macbook-air-13-m3-2024,MacBook Air 13 inch (M3 2024),macbook,apple,speaker,Loa trong / Loa ngoài rè,0,NO_SOURCE,800000,1550000,1050000,2000000,1450000,2800000
apple-macbook-air-13-m3-2024,MacBook Air 13 inch (M3 2024),macbook,apple,mic,Hỏng Micro (Nói không nghe),0,NO_SOURCE,580000,1100000,750000,1400000,1050000,1950000
apple-macbook-air-13-m3-2024,MacBook Air 13 inch (M3 2024),macbook,apple,camera,Thay camera trước / sau,0,NO_SOURCE,800000,1600000,1050000,2100000,1450000,2900000
apple-macbook-air-13-m3-2024,MacBook Air 13 inch (M3 2024),macbook,apple,thermal,Vệ sinh máy & Tra keo tản nhiệt,0,NO_SOURCE,290000,520000,370000,670000,520000,930000
apple-macbook-air-13-m3-2024,MacBook Air 13 inch (M3 2024),macbook,apple,software,Cài Hệ điều hành & Phần mềm,0,NO_SOURCE,230000,460000,300000,600000,410000,830000
apple-macbook-air-13-m3-2024,MacBook Air 13 inch (M3 2024),macbook,apple,water-damage,Cấp cứu máy vô nước / Rớt nước,0,NO_SOURCE,1400000,3200000,1800000,4200000,2500000,5800000
apple-macbook-air-13-m3-2024,MacBook Air 13 inch (M3 2024),macbook,apple,data-recovery,Cứu dữ liệu ổ cứng & Bo mạch,0,NO_SOURCE,1400000,4000000,1800000,5250000,2500000,7250000
apple-macbook-air-13-m3-2024,MacBook Air 13 inch (M3 2024),macbook,apple,diagnostic,Kiểm tra chẩn đoán toàn diện,0,NO_SOURCE,0,0,0,0,0,0
apple-macbook-air-15-m2-2023,MacBook Air 15 inch (M2 2023),macbook,apple,screen,Thay màn hình hiển thị,0,NO_SOURCE,4350000,8300000,5700000,10750000,7850000,14900000
apple-macbook-air-15-m2-2023,MacBook Air 15 inch (M2 2023),macbook,apple,battery,Thay pin dung lượng cao / Pin Zin,0,NO_SOURCE,1500000,2550000,1950000,3300000,2700000,4550000
apple-macbook-air-15-m2-2023,MacBook Air 15 inch (M2 2023),macbook,apple,keyboard,Bàn phím liệt / Kẹt nút bấm,0,NO_SOURCE,1400000,2750000,1800000,3600000,2500000,4950000
apple-macbook-air-15-m2-2023,MacBook Air 15 inch (M2 2023),macbook,apple,trackpad,Chuột cảm ứng / Trackpad,0,NO_SOURCE,980000,1850000,1250000,2400000,1750000,3300000
apple-macbook-air-15-m2-2023,MacBook Air 15 inch (M2 2023),macbook,apple,charging-port,Sửa chân sạc / Cổng kết nối,0,NO_SOURCE,750000,1450000,970000,1850000,1350000,2600000
apple-macbook-air-15-m2-2023,MacBook Air 15 inch (M2 2023),macbook,apple,hinge-body,Sửa gãy bản lề / Vỏ khung sườn,0,NO_SOURCE,920000,1850000,1200000,2400000,1650000,3300000
apple-macbook-air-15-m2-2023,MacBook Air 15 inch (M2 2023),macbook,apple,mainboard,Sửa mất nguồn / Lỗi Mainboard,0,NO_SOURCE,2300000,5500000,3000000,7200000,4150000,9950000
apple-macbook-air-15-m2-2023,MacBook Air 15 inch (M2 2023),macbook,apple,speaker,Loa trong / Loa ngoài rè,0,NO_SOURCE,800000,1550000,1050000,2000000,1450000,2800000
apple-macbook-air-15-m2-2023,MacBook Air 15 inch (M2 2023),macbook,apple,mic,Hỏng Micro (Nói không nghe),0,NO_SOURCE,580000,1100000,750000,1400000,1050000,1950000
apple-macbook-air-15-m2-2023,MacBook Air 15 inch (M2 2023),macbook,apple,camera,Thay camera trước / sau,0,NO_SOURCE,800000,1600000,1050000,2100000,1450000,2900000
apple-macbook-air-15-m2-2023,MacBook Air 15 inch (M2 2023),macbook,apple,thermal,Vệ sinh máy & Tra keo tản nhiệt,0,NO_SOURCE,290000,520000,370000,670000,520000,930000
apple-macbook-air-15-m2-2023,MacBook Air 15 inch (M2 2023),macbook,apple,software,Cài Hệ điều hành & Phần mềm,0,NO_SOURCE,230000,460000,300000,600000,410000,830000
apple-macbook-air-15-m2-2023,MacBook Air 15 inch (M2 2023),macbook,apple,water-damage,Cấp cứu máy vô nước / Rớt nước,0,NO_SOURCE,1400000,3200000,1800000,4200000,2500000,5800000
apple-macbook-air-15-m2-2023,MacBook Air 15 inch (M2 2023),macbook,apple,data-recovery,Cứu dữ liệu ổ cứng & Bo mạch,0,NO_SOURCE,1400000,4000000,1800000,5250000,2500000,7250000
apple-macbook-air-15-m2-2023,MacBook Air 15 inch (M2 2023),macbook,apple,diagnostic,Kiểm tra chẩn đoán toàn diện,0,NO_SOURCE,0,0,0,0,0,0
apple-macbook-air-13-m2-2022,MacBook Air 13 inch (M2 2022),macbook,apple,screen,Thay màn hình hiển thị,0,NO_SOURCE,4350000,8300000,5700000,10750000,7850000,14900000
apple-macbook-air-13-m2-2022,MacBook Air 13 inch (M2 2022),macbook,apple,battery,Thay pin dung lượng cao / Pin Zin,0,NO_SOURCE,1500000,2550000,1950000,3300000,2700000,4550000
apple-macbook-air-13-m2-2022,MacBook Air 13 inch (M2 2022),macbook,apple,keyboard,Bàn phím liệt / Kẹt nút bấm,0,NO_SOURCE,1400000,2750000,1800000,3600000,2500000,4950000
apple-macbook-air-13-m2-2022,MacBook Air 13 inch (M2 2022),macbook,apple,trackpad,Chuột cảm ứng / Trackpad,0,NO_SOURCE,980000,1850000,1250000,2400000,1750000,3300000
apple-macbook-air-13-m2-2022,MacBook Air 13 inch (M2 2022),macbook,apple,charging-port,Sửa chân sạc / Cổng kết nối,0,NO_SOURCE,750000,1450000,970000,1850000,1350000,2600000
apple-macbook-air-13-m2-2022,MacBook Air 13 inch (M2 2022),macbook,apple,hinge-body,Sửa gãy bản lề / Vỏ khung sườn,0,NO_SOURCE,920000,1850000,1200000,2400000,1650000,3300000
apple-macbook-air-13-m2-2022,MacBook Air 13 inch (M2 2022),macbook,apple,mainboard,Sửa mất nguồn / Lỗi Mainboard,0,NO_SOURCE,2300000,5500000,3000000,7200000,4150000,9950000
apple-macbook-air-13-m2-2022,MacBook Air 13 inch (M2 2022),macbook,apple,speaker,Loa trong / Loa ngoài rè,0,NO_SOURCE,800000,1550000,1050000,2000000,1450000,2800000
apple-macbook-air-13-m2-2022,MacBook Air 13 inch (M2 2022),macbook,apple,mic,Hỏng Micro (Nói không nghe),0,NO_SOURCE,580000,1100000,750000,1400000,1050000,1950000
apple-macbook-air-13-m2-2022,MacBook Air 13 inch (M2 2022),macbook,apple,camera,Thay camera trước / sau,0,NO_SOURCE,800000,1600000,1050000,2100000,1450000,2900000
apple-macbook-air-13-m2-2022,MacBook Air 13 inch (M2 2022),macbook,apple,thermal,Vệ sinh máy & Tra keo tản nhiệt,0,NO_SOURCE,290000,520000,370000,670000,520000,930000
apple-macbook-air-13-m2-2022,MacBook Air 13 inch (M2 2022),macbook,apple,software,Cài Hệ điều hành & Phần mềm,0,NO_SOURCE,230000,460000,300000,600000,410000,830000
apple-macbook-air-13-m2-2022,MacBook Air 13 inch (M2 2022),macbook,apple,water-damage,Cấp cứu máy vô nước / Rớt nước,0,NO_SOURCE,1400000,3200000,1800000,4200000,2500000,5800000
apple-macbook-air-13-m2-2022,MacBook Air 13 inch (M2 2022),macbook,apple,data-recovery,Cứu dữ liệu ổ cứng & Bo mạch,0,NO_SOURCE,1400000,4000000,1800000,5250000,2500000,7250000
apple-macbook-air-13-m2-2022,MacBook Air 13 inch (M2 2022),macbook,apple,diagnostic,Kiểm tra chẩn đoán toàn diện,0,NO_SOURCE,0,0,0,0,0,0
apple-macbook-air-13-m1-2020,MacBook Air 13 inch (M1 2020),macbook,apple,screen,Thay màn hình hiển thị,2,SOURCE_LISTED,4350000,8300000,5700000,10750000,7850000,14900000
apple-macbook-air-13-m1-2020,MacBook Air 13 inch (M1 2020),macbook,apple,battery,Thay pin dung lượng cao / Pin Zin,1,SOURCE_LISTED,1500000,2550000,1950000,3300000,2700000,4550000
apple-macbook-air-13-m1-2020,MacBook Air 13 inch (M1 2020),macbook,apple,keyboard,Bàn phím liệt / Kẹt nút bấm,0,NO_SOURCE,1400000,2750000,1800000,3600000,2500000,4950000
apple-macbook-air-13-m1-2020,MacBook Air 13 inch (M1 2020),macbook,apple,trackpad,Chuột cảm ứng / Trackpad,0,NO_SOURCE,980000,1850000,1250000,2400000,1750000,3300000
apple-macbook-air-13-m1-2020,MacBook Air 13 inch (M1 2020),macbook,apple,charging-port,Sửa chân sạc / Cổng kết nối,0,NO_SOURCE,750000,1450000,970000,1850000,1350000,2600000
apple-macbook-air-13-m1-2020,MacBook Air 13 inch (M1 2020),macbook,apple,hinge-body,Sửa gãy bản lề / Vỏ khung sườn,0,NO_SOURCE,920000,1850000,1200000,2400000,1650000,3300000
apple-macbook-air-13-m1-2020,MacBook Air 13 inch (M1 2020),macbook,apple,mainboard,Sửa mất nguồn / Lỗi Mainboard,0,NO_SOURCE,2300000,5500000,3000000,7200000,4150000,9950000
apple-macbook-air-13-m1-2020,MacBook Air 13 inch (M1 2020),macbook,apple,speaker,Loa trong / Loa ngoài rè,0,NO_SOURCE,800000,1550000,1050000,2000000,1450000,2800000
apple-macbook-air-13-m1-2020,MacBook Air 13 inch (M1 2020),macbook,apple,mic,Hỏng Micro (Nói không nghe),0,NO_SOURCE,580000,1100000,750000,1400000,1050000,1950000
apple-macbook-air-13-m1-2020,MacBook Air 13 inch (M1 2020),macbook,apple,camera,Thay camera trước / sau,0,NO_SOURCE,800000,1600000,1050000,2100000,1450000,2900000
apple-macbook-air-13-m1-2020,MacBook Air 13 inch (M1 2020),macbook,apple,thermal,Vệ sinh máy & Tra keo tản nhiệt,0,NO_SOURCE,290000,520000,370000,670000,520000,930000
apple-macbook-air-13-m1-2020,MacBook Air 13 inch (M1 2020),macbook,apple,software,Cài Hệ điều hành & Phần mềm,0,NO_SOURCE,230000,460000,300000,600000,410000,830000
apple-macbook-air-13-m1-2020,MacBook Air 13 inch (M1 2020),macbook,apple,water-damage,Cấp cứu máy vô nước / Rớt nước,0,NO_SOURCE,1400000,3200000,1800000,4200000,2500000,5800000
apple-macbook-air-13-m1-2020,MacBook Air 13 inch (M1 2020),macbook,apple,data-recovery,Cứu dữ liệu ổ cứng & Bo mạch,0,NO_SOURCE,1400000,4000000,1800000,5250000,2500000,7250000
apple-macbook-air-13-m1-2020,MacBook Air 13 inch (M1 2020),macbook,apple,diagnostic,Kiểm tra chẩn đoán toàn diện,0,NO_SOURCE,0,0,0,0,0,0
apple-macbook-air-13-intel-retina-2018-2020,MacBook Air 13 inch (Intel Retina 2018-2020 A1932/A2179),macbook,apple,screen,Thay màn hình hiển thị,0,NO_SOURCE,3700000,7150000,4800000,9250000,6600000,12850000
apple-macbook-air-13-intel-retina-2018-2020,MacBook Air 13 inch (Intel Retina 2018-2020 A1932/A2179),macbook,apple,battery,Thay pin dung lượng cao / Pin Zin,0,NO_SOURCE,1250000,2200000,1650000,2850000,2300000,3950000
apple-macbook-air-13-intel-retina-2018-2020,MacBook Air 13 inch (Intel Retina 2018-2020 A1932/A2179),macbook,apple,keyboard,Bàn phím liệt / Kẹt nút bấm,0,NO_SOURCE,1250000,2550000,1650000,3300000,2300000,4550000
apple-macbook-air-13-intel-retina-2018-2020,MacBook Air 13 inch (Intel Retina 2018-2020 A1932/A2179),macbook,apple,trackpad,Chuột cảm ứng / Trackpad,0,NO_SOURCE,860000,1600000,1100000,2100000,1550000,2900000
apple-macbook-air-13-intel-retina-2018-2020,MacBook Air 13 inch (Intel Retina 2018-2020 A1932/A2179),macbook,apple,charging-port,Sửa chân sạc / Cổng kết nối,0,NO_SOURCE,630000,1250000,820000,1650000,1150000,2300000
apple-macbook-air-13-intel-retina-2018-2020,MacBook Air 13 inch (Intel Retina 2018-2020 A1932/A2179),macbook,apple,hinge-body,Sửa gãy bản lề / Vỏ khung sườn,0,NO_SOURCE,800000,1600000,1050000,2100000,1450000,2900000
apple-macbook-air-13-intel-retina-2018-2020,MacBook Air 13 inch (Intel Retina 2018-2020 A1932/A2179),macbook,apple,mainboard,Sửa mất nguồn / Lỗi Mainboard,0,NO_SOURCE,1850000,4350000,2400000,5700000,3300000,7850000
apple-macbook-air-13-intel-retina-2018-2020,MacBook Air 13 inch (Intel Retina 2018-2020 A1932/A2179),macbook,apple,speaker,Loa trong / Loa ngoài rè,0,NO_SOURCE,690000,1400000,900000,1800000,1250000,2500000
apple-macbook-air-13-intel-retina-2018-2020,MacBook Air 13 inch (Intel Retina 2018-2020 A1932/A2179),macbook,apple,mic,Hỏng Micro (Nói không nghe),0,NO_SOURCE,520000,980000,670000,1250000,930000,1750000
apple-macbook-air-13-intel-retina-2018-2020,MacBook Air 13 inch (Intel Retina 2018-2020 A1932/A2179),macbook,apple,camera,Thay camera trước / sau,0,NO_SOURCE,690000,1400000,900000,1800000,1250000,2500000
apple-macbook-air-13-intel-retina-2018-2020,MacBook Air 13 inch (Intel Retina 2018-2020 A1932/A2179),macbook,apple,thermal,Vệ sinh máy & Tra keo tản nhiệt,0,NO_SOURCE,290000,460000,370000,600000,520000,830000
apple-macbook-air-13-intel-retina-2018-2020,MacBook Air 13 inch (Intel Retina 2018-2020 A1932/A2179),macbook,apple,software,Cài Hệ điều hành & Phần mềm,0,NO_SOURCE,210000,400000,270000,520000,370000,720000
apple-macbook-air-13-intel-retina-2018-2020,MacBook Air 13 inch (Intel Retina 2018-2020 A1932/A2179),macbook,apple,water-damage,Cấp cứu máy vô nước / Rớt nước,0,NO_SOURCE,1100000,2750000,1400000,3600000,1950000,4950000
apple-macbook-air-13-intel-retina-2018-2020,MacBook Air 13 inch (Intel Retina 2018-2020 A1932/A2179),macbook,apple,data-recovery,Cứu dữ liệu ổ cứng & Bo mạch,0,NO_SOURCE,1100000,3200000,1400000,4200000,1950000,5800000
apple-macbook-air-13-intel-retina-2018-2020,MacBook Air 13 inch (Intel Retina 2018-2020 A1932/A2179),macbook,apple,diagnostic,Kiểm tra chẩn đoán toàn diện,0,NO_SOURCE,0,0,0,0,0,0
apple-imac-24-m3-2023,Apple iMac 24 inch (M3 2023),pc_desktop,apple_desktop,screen,Thay màn hình hiển thị,0,NO_SOURCE,1900000,4400000,2450000,5700000,3400000,7900000
apple-imac-24-m3-2023,Apple iMac 24 inch (M3 2023),pc_desktop,apple_desktop,mainboard,Sửa mất nguồn / Lỗi Mainboard,0,NO_SOURCE,810000,2000000,1050000,2600000,1450000,3600000
apple-imac-24-m3-2023,Apple iMac 24 inch (M3 2023),pc_desktop,apple_desktop,psu-repair,Nguồn máy tính bàn (PSU - Power Supply),0,NO_SOURCE,440000,940000,570000,1200000,790000,1700000
apple-imac-24-m3-2023,Apple iMac 24 inch (M3 2023),pc_desktop,apple_desktop,thermal,Vệ sinh máy & Tra keo tản nhiệt,0,NO_SOURCE,250000,440000,320000,570000,450000,790000
apple-imac-24-m3-2023,Apple iMac 24 inch (M3 2023),pc_desktop,apple_desktop,software,Cài Hệ điều hành & Phần mềm,0,NO_SOURCE,190000,380000,240000,490000,340000,680000
apple-imac-24-m3-2023,Apple iMac 24 inch (M3 2023),pc_desktop,apple_desktop,data-recovery,Cứu dữ liệu ổ cứng & Bo mạch,0,NO_SOURCE,810000,2500000,1050000,3250000,1450000,4500000
apple-imac-24-m3-2023,Apple iMac 24 inch (M3 2023),pc_desktop,apple_desktop,diagnostic,Kiểm tra chẩn đoán toàn diện,0,NO_SOURCE,0,0,0,0,0,0
apple-imac-24-m1-2021,Apple iMac 24 inch (M1 2021),pc_desktop,apple_desktop,screen,Thay màn hình hiển thị,0,NO_SOURCE,1900000,4400000,2450000,5700000,3400000,7900000
apple-imac-24-m1-2021,Apple iMac 24 inch (M1 2021),pc_desktop,apple_desktop,mainboard,Sửa mất nguồn / Lỗi Mainboard,0,NO_SOURCE,810000,2000000,1050000,2600000,1450000,3600000
apple-imac-24-m1-2021,Apple iMac 24 inch (M1 2021),pc_desktop,apple_desktop,psu-repair,Nguồn máy tính bàn (PSU - Power Supply),0,NO_SOURCE,440000,940000,570000,1200000,790000,1700000
apple-imac-24-m1-2021,Apple iMac 24 inch (M1 2021),pc_desktop,apple_desktop,thermal,Vệ sinh máy & Tra keo tản nhiệt,0,NO_SOURCE,250000,440000,320000,570000,450000,790000
apple-imac-24-m1-2021,Apple iMac 24 inch (M1 2021),pc_desktop,apple_desktop,software,Cài Hệ điều hành & Phần mềm,0,NO_SOURCE,190000,380000,240000,490000,340000,680000
apple-imac-24-m1-2021,Apple iMac 24 inch (M1 2021),pc_desktop,apple_desktop,data-recovery,Cứu dữ liệu ổ cứng & Bo mạch,0,NO_SOURCE,810000,2500000,1050000,3250000,1450000,4500000
apple-imac-24-m1-2021,Apple iMac 24 inch (M1 2021),pc_desktop,apple_desktop,diagnostic,Kiểm tra chẩn đoán toàn diện,0,NO_SOURCE,0,0,0,0,0,0
apple-imac-27-5k-retina-2020,Apple iMac 27 inch 5K Retina (Intel 2020 A2115),pc_desktop,apple_desktop,screen,Thay màn hình hiển thị,0,NO_SOURCE,3500000,8100000,4550000,10550000,6300000,14600000
apple-imac-27-5k-retina-2020,Apple iMac 27 inch 5K Retina (Intel 2020 A2115),pc_desktop,apple_desktop,mainboard,Sửa mất nguồn / Lỗi Mainboard,0,NO_SOURCE,1500000,4400000,1950000,5700000,2700000,7900000
apple-imac-27-5k-retina-2020,Apple iMac 27 inch 5K Retina (Intel 2020 A2115),pc_desktop,apple_desktop,psu-repair,Nguồn máy tính bàn (PSU - Power Supply),0,NO_SOURCE,690000,1500000,890000,1950000,1250000,2700000
apple-imac-27-5k-retina-2020,Apple iMac 27 inch 5K Retina (Intel 2020 A2115),pc_desktop,apple_desktop,thermal,Vệ sinh máy & Tra keo tản nhiệt,0,NO_SOURCE,440000,810000,570000,1050000,790000,1450000
apple-imac-27-5k-retina-2020,Apple iMac 27 inch 5K Retina (Intel 2020 A2115),pc_desktop,apple_desktop,vga-gpu,Sửa Card đồ họa rời (VGA / GPU / VRAM),0,NO_SOURCE,1500000,4000000,1950000,5200000,2700000,7200000
apple-imac-27-5k-retina-2020,Apple iMac 27 inch 5K Retina (Intel 2020 A2115),pc_desktop,apple_desktop,ssd-upgrade,Nâng cấp ổ cứng SSD siêu tốc,0,NO_SOURCE,1200000,3100000,1550000,4050000,2150000,5600000
apple-imac-27-5k-retina-2020,Apple iMac 27 inch 5K Retina (Intel 2020 A2115),pc_desktop,apple_desktop,ram-upgrade,Nâng cấp bộ nhớ RAM,0,NO_SOURCE,940000,2750000,1200000,3600000,1700000,4950000
apple-imac-27-5k-retina-2020,Apple iMac 27 inch 5K Retina (Intel 2020 A2115),pc_desktop,apple_desktop,software,Cài Hệ điều hành & Phần mềm,0,NO_SOURCE,250000,560000,320000,730000,450000,1000000
apple-imac-27-5k-retina-2020,Apple iMac 27 inch 5K Retina (Intel 2020 A2115),pc_desktop,apple_desktop,data-recovery,Cứu dữ liệu ổ cứng & Bo mạch,0,NO_SOURCE,1200000,4400000,1550000,5700000,2150000,7900000
apple-imac-27-5k-retina-2020,Apple iMac 27 inch 5K Retina (Intel 2020 A2115),pc_desktop,apple_desktop,diagnostic,Kiểm tra chẩn đoán toàn diện,0,NO_SOURCE,0,0,0,0,0,0
apple-mac-mini-m2-pro-2023,Apple Mac Mini (M2 / M2 Pro 2023),pc_desktop,apple_desktop,mainboard,Sửa mất nguồn / Lỗi Mainboard,0,NO_SOURCE,810000,2000000,1050000,2600000,1450000,3600000
apple-mac-mini-m2-pro-2023,Apple Mac Mini (M2 / M2 Pro 2023),pc_desktop,apple_desktop,psu-repair,Nguồn máy tính bàn (PSU - Power Supply),0,NO_SOURCE,440000,940000,570000,1200000,790000,1700000
apple-mac-mini-m2-pro-2023,Apple Mac Mini (M2 / M2 Pro 2023),pc_desktop,apple_desktop,thermal,Vệ sinh máy & Tra keo tản nhiệt,0,NO_SOURCE,250000,440000,320000,570000,450000,790000
apple-mac-mini-m2-pro-2023,Apple Mac Mini (M2 / M2 Pro 2023),pc_desktop,apple_desktop,software,Cài Hệ điều hành & Phần mềm,0,NO_SOURCE,190000,380000,240000,490000,340000,680000
apple-mac-mini-m2-pro-2023,Apple Mac Mini (M2 / M2 Pro 2023),pc_desktop,apple_desktop,data-recovery,Cứu dữ liệu ổ cứng & Bo mạch,0,NO_SOURCE,810000,2500000,1050000,3250000,1450000,4500000
apple-mac-mini-m2-pro-2023,Apple Mac Mini (M2 / M2 Pro 2023),pc_desktop,apple_desktop,diagnostic,Kiểm tra chẩn đoán toàn diện,0,NO_SOURCE,0,0,0,0,0,0
apple-mac-studio-m2-ultra-2023,Apple Mac Studio (M2 Max / M2 Ultra 2023),pc_desktop,apple_desktop,mainboard,Sửa mất nguồn / Lỗi Mainboard,0,NO_SOURCE,1500000,4400000,1950000,5700000,2700000,7900000
apple-mac-studio-m2-ultra-2023,Apple Mac Studio (M2 Max / M2 Ultra 2023),pc_desktop,apple_desktop,psu-repair,Nguồn máy tính bàn (PSU - Power Supply),0,NO_SOURCE,690000,1500000,890000,1950000,1250000,2700000
apple-mac-studio-m2-ultra-2023,Apple Mac Studio (M2 Max / M2 Ultra 2023),pc_desktop,apple_desktop,thermal,Vệ sinh máy & Tra keo tản nhiệt,0,NO_SOURCE,440000,810000,570000,1050000,790000,1450000
apple-mac-studio-m2-ultra-2023,Apple Mac Studio (M2 Max / M2 Ultra 2023),pc_desktop,apple_desktop,software,Cài Hệ điều hành & Phần mềm,0,NO_SOURCE,250000,560000,320000,730000,450000,1000000
apple-mac-studio-m2-ultra-2023,Apple Mac Studio (M2 Max / M2 Ultra 2023),pc_desktop,apple_desktop,data-recovery,Cứu dữ liệu ổ cứng & Bo mạch,0,NO_SOURCE,1200000,4400000,1550000,5700000,2150000,7900000
apple-mac-studio-m2-ultra-2023,Apple Mac Studio (M2 Max / M2 Ultra 2023),pc_desktop,apple_desktop,diagnostic,Kiểm tra chẩn đoán toàn diện,0,NO_SOURCE,0,0,0,0,0,0
pc-gaming-ultra-i9-rtx4090,PC Gaming Ultra High-End (i9 14900K / RTX 4090),pc_desktop,gaming,mainboard,Sửa mất nguồn / Lỗi Mainboard,0,NO_SOURCE,1250000,3700000,1650000,4800000,2250000,6600000
pc-gaming-ultra-i9-rtx4090,PC Gaming Ultra High-End (i9 14900K / RTX 4090),pc_desktop,gaming,psu-repair,Nguồn máy tính bàn (PSU - Power Supply),0,NO_SOURCE,580000,1250000,750000,1650000,1050000,2250000
pc-gaming-ultra-i9-rtx4090,PC Gaming Ultra High-End (i9 14900K / RTX 4090),pc_desktop,gaming,vga-gpu,Sửa Card đồ họa rời (VGA / GPU / VRAM),0,NO_SOURCE,1250000,3350000,1650000,4350000,2250000,6050000
pc-gaming-ultra-i9-rtx4090,PC Gaming Ultra High-End (i9 14900K / RTX 4090),pc_desktop,gaming,thermal,Vệ sinh máy & Tra keo tản nhiệt,0,NO_SOURCE,370000,680000,480000,890000,660000,1250000
pc-gaming-ultra-i9-rtx4090,PC Gaming Ultra High-End (i9 14900K / RTX 4090),pc_desktop,gaming,aio-liquid-cooler,Tản nhiệt nước AIO (Bơm nước & Khối làm mát),0,NO_SOURCE,630000,1450000,820000,1900000,1150000,2650000
pc-gaming-ultra-i9-rtx4090,PC Gaming Ultra High-End (i9 14900K / RTX 4090),pc_desktop,gaming,ssd-upgrade,Nâng cấp ổ cứng SSD siêu tốc,0,NO_SOURCE,1000000,2600000,1300000,3400000,1800000,4700000
pc-gaming-ultra-i9-rtx4090,PC Gaming Ultra High-End (i9 14900K / RTX 4090),pc_desktop,gaming,ram-upgrade,Nâng cấp bộ nhớ RAM,0,NO_SOURCE,790000,2300000,1000000,3000000,1400000,4150000
pc-gaming-ultra-i9-rtx4090,PC Gaming Ultra High-End (i9 14900K / RTX 4090),pc_desktop,gaming,software,Cài Hệ điều hành & Phần mềm,0,NO_SOURCE,210000,470000,270000,610000,380000,850000
pc-gaming-ultra-i9-rtx4090,PC Gaming Ultra High-End (i9 14900K / RTX 4090),pc_desktop,gaming,data-recovery,Cứu dữ liệu ổ cứng & Bo mạch,0,NO_SOURCE,1000000,3700000,1300000,4800000,1800000,6600000
pc-gaming-ultra-i9-rtx4090,PC Gaming Ultra High-End (i9 14900K / RTX 4090),pc_desktop,gaming,diagnostic,Kiểm tra chẩn đoán toàn diện,0,NO_SOURCE,0,0,0,0,0,0
pc-gaming-high-i7-rtx4070ti,PC Gaming High-End (i7 14700K / RTX 4070 Ti),pc_desktop,gaming,mainboard,Sửa mất nguồn / Lỗi Mainboard,0,NO_SOURCE,1250000,3700000,1650000,4800000,2250000,6600000
pc-gaming-high-i7-rtx4070ti,PC Gaming High-End (i7 14700K / RTX 4070 Ti),pc_desktop,gaming,psu-repair,Nguồn máy tính bàn (PSU - Power Supply),0,NO_SOURCE,580000,1250000,750000,1650000,1050000,2250000
pc-gaming-high-i7-rtx4070ti,PC Gaming High-End (i7 14700K / RTX 4070 Ti),pc_desktop,gaming,vga-gpu,Sửa Card đồ họa rời (VGA / GPU / VRAM),0,NO_SOURCE,1250000,3350000,1650000,4350000,2250000,6050000
pc-gaming-high-i7-rtx4070ti,PC Gaming High-End (i7 14700K / RTX 4070 Ti),pc_desktop,gaming,thermal,Vệ sinh máy & Tra keo tản nhiệt,0,NO_SOURCE,370000,680000,480000,890000,660000,1250000
pc-gaming-high-i7-rtx4070ti,PC Gaming High-End (i7 14700K / RTX 4070 Ti),pc_desktop,gaming,aio-liquid-cooler,Tản nhiệt nước AIO (Bơm nước & Khối làm mát),0,NO_SOURCE,630000,1450000,820000,1900000,1150000,2650000
pc-gaming-high-i7-rtx4070ti,PC Gaming High-End (i7 14700K / RTX 4070 Ti),pc_desktop,gaming,ssd-upgrade,Nâng cấp ổ cứng SSD siêu tốc,0,NO_SOURCE,1000000,2600000,1300000,3400000,1800000,4700000
pc-gaming-high-i7-rtx4070ti,PC Gaming High-End (i7 14700K / RTX 4070 Ti),pc_desktop,gaming,ram-upgrade,Nâng cấp bộ nhớ RAM,0,NO_SOURCE,790000,2300000,1000000,3000000,1400000,4150000
pc-gaming-high-i7-rtx4070ti,PC Gaming High-End (i7 14700K / RTX 4070 Ti),pc_desktop,gaming,software,Cài Hệ điều hành & Phần mềm,0,NO_SOURCE,210000,470000,270000,610000,380000,850000
pc-gaming-high-i7-rtx4070ti,PC Gaming High-End (i7 14700K / RTX 4070 Ti),pc_desktop,gaming,data-recovery,Cứu dữ liệu ổ cứng & Bo mạch,0,NO_SOURCE,1000000,3700000,1300000,4800000,1800000,6600000
pc-gaming-high-i7-rtx4070ti,PC Gaming High-End (i7 14700K / RTX 4070 Ti),pc_desktop,gaming,diagnostic,Kiểm tra chẩn đoán toàn diện,0,NO_SOURCE,0,0,0,0,0,0
pc-gaming-mid-i5-rtx4060,PC Gaming Quốc Dân (i5 13400F / RTX 4060),pc_desktop,gaming,mainboard,Sửa mất nguồn / Lỗi Mainboard,0,NO_SOURCE,680000,1700000,890000,2200000,1250000,3000000
pc-gaming-mid-i5-rtx4060,PC Gaming Quốc Dân (i5 13400F / RTX 4060),pc_desktop,gaming,psu-repair,Nguồn máy tính bàn (PSU - Power Supply),0,NO_SOURCE,370000,790000,480000,1000000,660000,1400000
pc-gaming-mid-i5-rtx4060,PC Gaming Quốc Dân (i5 13400F / RTX 4060),pc_desktop,gaming,vga-gpu,Sửa Card đồ họa rời (VGA / GPU / VRAM),0,NO_SOURCE,680000,1700000,890000,2200000,1250000,3000000
pc-gaming-mid-i5-rtx4060,PC Gaming Quốc Dân (i5 13400F / RTX 4060),pc_desktop,gaming,thermal,Vệ sinh máy & Tra keo tản nhiệt,0,NO_SOURCE,210000,370000,270000,480000,380000,660000
pc-gaming-mid-i5-rtx4060,PC Gaming Quốc Dân (i5 13400F / RTX 4060),pc_desktop,gaming,ssd-upgrade,Nâng cấp ổ cứng SSD siêu tốc,0,NO_SOURCE,680000,1700000,890000,2200000,1250000,3000000
pc-gaming-mid-i5-rtx4060,PC Gaming Quốc Dân (i5 13400F / RTX 4060),pc_desktop,gaming,ram-upgrade,Nâng cấp bộ nhớ RAM,0,NO_SOURCE,520000,1250000,680000,1650000,940000,2250000
pc-gaming-mid-i5-rtx4060,PC Gaming Quốc Dân (i5 13400F / RTX 4060),pc_desktop,gaming,software,Cài Hệ điều hành & Phần mềm,0,NO_SOURCE,160000,320000,200000,410000,280000,570000
pc-gaming-mid-i5-rtx4060,PC Gaming Quốc Dân (i5 13400F / RTX 4060),pc_desktop,gaming,data-recovery,Cứu dữ liệu ổ cứng & Bo mạch,0,NO_SOURCE,680000,2100000,890000,2750000,1250000,3800000
pc-gaming-mid-i5-rtx4060,PC Gaming Quốc Dân (i5 13400F / RTX 4060),pc_desktop,gaming,diagnostic,Kiểm tra chẩn đoán toàn diện,0,NO_SOURCE,0,0,0,0,0,0
pc-gaming-esport-i5-gtx1660s,PC Gaming eSports (i5 10400F / GTX 1660 Super),pc_desktop,gaming,mainboard,Sửa mất nguồn / Lỗi Mainboard,0,NO_SOURCE,680000,1700000,890000,2200000,1250000,3000000
pc-gaming-esport-i5-gtx1660s,PC Gaming eSports (i5 10400F / GTX 1660 Super),pc_desktop,gaming,psu-repair,Nguồn máy tính bàn (PSU - Power Supply),0,NO_SOURCE,370000,790000,480000,1000000,660000,1400000
pc-gaming-esport-i5-gtx1660s,PC Gaming eSports (i5 10400F / GTX 1660 Super),pc_desktop,gaming,vga-gpu,Sửa Card đồ họa rời (VGA / GPU / VRAM),0,NO_SOURCE,680000,1700000,890000,2200000,1250000,3000000
pc-gaming-esport-i5-gtx1660s,PC Gaming eSports (i5 10400F / GTX 1660 Super),pc_desktop,gaming,thermal,Vệ sinh máy & Tra keo tản nhiệt,0,NO_SOURCE,210000,370000,270000,480000,380000,660000
pc-gaming-esport-i5-gtx1660s,PC Gaming eSports (i5 10400F / GTX 1660 Super),pc_desktop,gaming,ssd-upgrade,Nâng cấp ổ cứng SSD siêu tốc,0,NO_SOURCE,680000,1700000,890000,2200000,1250000,3000000
pc-gaming-esport-i5-gtx1660s,PC Gaming eSports (i5 10400F / GTX 1660 Super),pc_desktop,gaming,ram-upgrade,Nâng cấp bộ nhớ RAM,0,NO_SOURCE,520000,1250000,680000,1650000,940000,2250000
pc-gaming-esport-i5-gtx1660s,PC Gaming eSports (i5 10400F / GTX 1660 Super),pc_desktop,gaming,software,Cài Hệ điều hành & Phần mềm,0,NO_SOURCE,160000,320000,200000,410000,280000,570000
pc-gaming-esport-i5-gtx1660s,PC Gaming eSports (i5 10400F / GTX 1660 Super),pc_desktop,gaming,data-recovery,Cứu dữ liệu ổ cứng & Bo mạch,0,NO_SOURCE,680000,2100000,890000,2750000,1250000,3800000
pc-gaming-esport-i5-gtx1660s,PC Gaming eSports (i5 10400F / GTX 1660 Super),pc_desktop,gaming,diagnostic,Kiểm tra chẩn đoán toàn diện,0,NO_SOURCE,0,0,0,0,0,0
pc-gaming-entry-i3-gtx1650,PC Gaming Phổ Thông (i3 12100F / GTX 1650),pc_desktop,gaming,mainboard,Sửa mất nguồn / Lỗi Mainboard,0,NO_SOURCE,680000,1700000,890000,2200000,1250000,3000000
pc-gaming-entry-i3-gtx1650,PC Gaming Phổ Thông (i3 12100F / GTX 1650),pc_desktop,gaming,psu-repair,Nguồn máy tính bàn (PSU - Power Supply),0,NO_SOURCE,370000,790000,480000,1000000,660000,1400000
pc-gaming-entry-i3-gtx1650,PC Gaming Phổ Thông (i3 12100F / GTX 1650),pc_desktop,gaming,vga-gpu,Sửa Card đồ họa rời (VGA / GPU / VRAM),0,NO_SOURCE,680000,1700000,890000,2200000,1250000,3000000
pc-gaming-entry-i3-gtx1650,PC Gaming Phổ Thông (i3 12100F / GTX 1650),pc_desktop,gaming,thermal,Vệ sinh máy & Tra keo tản nhiệt,0,NO_SOURCE,210000,370000,270000,480000,380000,660000
pc-gaming-entry-i3-gtx1650,PC Gaming Phổ Thông (i3 12100F / GTX 1650),pc_desktop,gaming,ssd-upgrade,Nâng cấp ổ cứng SSD siêu tốc,0,NO_SOURCE,680000,1700000,890000,2200000,1250000,3000000
pc-gaming-entry-i3-gtx1650,PC Gaming Phổ Thông (i3 12100F / GTX 1650),pc_desktop,gaming,ram-upgrade,Nâng cấp bộ nhớ RAM,0,NO_SOURCE,520000,1250000,680000,1650000,940000,2250000
pc-gaming-entry-i3-gtx1650,PC Gaming Phổ Thông (i3 12100F / GTX 1650),pc_desktop,gaming,software,Cài Hệ điều hành & Phần mềm,0,NO_SOURCE,160000,320000,200000,410000,280000,570000
pc-gaming-entry-i3-gtx1650,PC Gaming Phổ Thông (i3 12100F / GTX 1650),pc_desktop,gaming,data-recovery,Cứu dữ liệu ổ cứng & Bo mạch,0,NO_SOURCE,680000,2100000,890000,2750000,1250000,3800000
pc-gaming-entry-i3-gtx1650,PC Gaming Phổ Thông (i3 12100F / GTX 1650),pc_desktop,gaming,diagnostic,Kiểm tra chẩn đoán toàn diện,0,NO_SOURCE,0,0,0,0,0,0
dell-optiplex-small-form-factor,Dell OptiPlex Small Form Factor (SFF 7010 / 5090),pc_desktop,oem_brand,mainboard,Sửa mất nguồn / Lỗi Mainboard,0,NO_SOURCE,400000,950000,520000,1250000,720000,1700000
dell-optiplex-small-form-factor,Dell OptiPlex Small Form Factor (SFF 7010 / 5090),pc_desktop,oem_brand,psu-repair,Nguồn máy tính bàn (PSU - Power Supply),0,NO_SOURCE,250000,500000,320000,650000,450000,900000
dell-optiplex-small-form-factor,Dell OptiPlex Small Form Factor (SFF 7010 / 5090),pc_desktop,oem_brand,thermal,Vệ sinh máy & Tra keo tản nhiệt,0,NO_SOURCE,120000,200000,160000,260000,220000,360000
dell-optiplex-small-form-factor,Dell OptiPlex Small Form Factor (SFF 7010 / 5090),pc_desktop,oem_brand,ssd-upgrade,Nâng cấp ổ cứng SSD siêu tốc,0,NO_SOURCE,450000,1100000,580000,1450000,810000,2000000
dell-optiplex-small-form-factor,Dell OptiPlex Small Form Factor (SFF 7010 / 5090),pc_desktop,oem_brand,ram-upgrade,Nâng cấp bộ nhớ RAM,0,NO_SOURCE,350000,850000,460000,1100000,630000,1550000
dell-optiplex-small-form-factor,Dell OptiPlex Small Form Factor (SFF 7010 / 5090),pc_desktop,oem_brand,software,Cài Hệ điều hành & Phần mềm,0,NO_SOURCE,120000,200000,160000,260000,220000,360000
dell-optiplex-small-form-factor,Dell OptiPlex Small Form Factor (SFF 7010 / 5090),pc_desktop,oem_brand,data-recovery,Cứu dữ liệu ổ cứng & Bo mạch,0,NO_SOURCE,500000,1500000,650000,1950000,900000,2700000
dell-optiplex-small-form-factor,Dell OptiPlex Small Form Factor (SFF 7010 / 5090),pc_desktop,oem_brand,diagnostic,Kiểm tra chẩn đoán toàn diện,0,NO_SOURCE,0,0,0,0,0,0
hp-prodesk-elitedesk-g9,HP ProDesk / EliteDesk 800 G9 Mini Desktop,pc_desktop,oem_brand,mainboard,Sửa mất nguồn / Lỗi Mainboard,0,NO_SOURCE,400000,950000,520000,1250000,720000,1700000
hp-prodesk-elitedesk-g9,HP ProDesk / EliteDesk 800 G9 Mini Desktop,pc_desktop,oem_brand,psu-repair,Nguồn máy tính bàn (PSU - Power Supply),0,NO_SOURCE,250000,500000,320000,650000,450000,900000
hp-prodesk-elitedesk-g9,HP ProDesk / EliteDesk 800 G9 Mini Desktop,pc_desktop,oem_brand,thermal,Vệ sinh máy & Tra keo tản nhiệt,0,NO_SOURCE,120000,200000,160000,260000,220000,360000
hp-prodesk-elitedesk-g9,HP ProDesk / EliteDesk 800 G9 Mini Desktop,pc_desktop,oem_brand,ssd-upgrade,Nâng cấp ổ cứng SSD siêu tốc,0,NO_SOURCE,450000,1100000,580000,1450000,810000,2000000
hp-prodesk-elitedesk-g9,HP ProDesk / EliteDesk 800 G9 Mini Desktop,pc_desktop,oem_brand,ram-upgrade,Nâng cấp bộ nhớ RAM,0,NO_SOURCE,350000,850000,460000,1100000,630000,1550000
hp-prodesk-elitedesk-g9,HP ProDesk / EliteDesk 800 G9 Mini Desktop,pc_desktop,oem_brand,software,Cài Hệ điều hành & Phần mềm,0,NO_SOURCE,120000,200000,160000,260000,220000,360000
hp-prodesk-elitedesk-g9,HP ProDesk / EliteDesk 800 G9 Mini Desktop,pc_desktop,oem_brand,data-recovery,Cứu dữ liệu ổ cứng & Bo mạch,0,NO_SOURCE,500000,1500000,650000,1950000,900000,2700000
hp-prodesk-elitedesk-g9,HP ProDesk / EliteDesk 800 G9 Mini Desktop,pc_desktop,oem_brand,diagnostic,Kiểm tra chẩn đoán toàn diện,0,NO_SOURCE,0,0,0,0,0,0
asus-expertcenter-d7-tower,Asus ExpertCenter D7 Tower,pc_desktop,oem_brand,mainboard,Sửa mất nguồn / Lỗi Mainboard,0,NO_SOURCE,400000,950000,520000,1250000,720000,1700000
asus-expertcenter-d7-tower,Asus ExpertCenter D7 Tower,pc_desktop,oem_brand,psu-repair,Nguồn máy tính bàn (PSU - Power Supply),0,NO_SOURCE,250000,500000,320000,650000,450000,900000
asus-expertcenter-d7-tower,Asus ExpertCenter D7 Tower,pc_desktop,oem_brand,thermal,Vệ sinh máy & Tra keo tản nhiệt,0,NO_SOURCE,120000,200000,160000,260000,220000,360000
asus-expertcenter-d7-tower,Asus ExpertCenter D7 Tower,pc_desktop,oem_brand,ssd-upgrade,Nâng cấp ổ cứng SSD siêu tốc,0,NO_SOURCE,450000,1100000,580000,1450000,810000,2000000
asus-expertcenter-d7-tower,Asus ExpertCenter D7 Tower,pc_desktop,oem_brand,ram-upgrade,Nâng cấp bộ nhớ RAM,0,NO_SOURCE,350000,850000,460000,1100000,630000,1550000
asus-expertcenter-d7-tower,Asus ExpertCenter D7 Tower,pc_desktop,oem_brand,software,Cài Hệ điều hành & Phần mềm,0,NO_SOURCE,120000,200000,160000,260000,220000,360000
asus-expertcenter-d7-tower,Asus ExpertCenter D7 Tower,pc_desktop,oem_brand,data-recovery,Cứu dữ liệu ổ cứng & Bo mạch,0,NO_SOURCE,500000,1500000,650000,1950000,900000,2700000
asus-expertcenter-d7-tower,Asus ExpertCenter D7 Tower,pc_desktop,oem_brand,diagnostic,Kiểm tra chẩn đoán toàn diện,0,NO_SOURCE,0,0,0,0,0,0
dell-inspiron-aio-24-5420,Dell Inspiron All-in-One 24 inch 5420 (Máy liền màn),pc_desktop,oem_brand,screen,Thay màn hình hiển thị,0,NO_SOURCE,1500000,3500000,1950000,4550000,2700000,6300000
dell-inspiron-aio-24-5420,Dell Inspiron All-in-One 24 inch 5420 (Máy liền màn),pc_desktop,oem_brand,mainboard,Sửa mất nguồn / Lỗi Mainboard,0,NO_SOURCE,650000,1600000,840000,2100000,1150000,2900000
dell-inspiron-aio-24-5420,Dell Inspiron All-in-One 24 inch 5420 (Máy liền màn),pc_desktop,oem_brand,psu-repair,Nguồn máy tính bàn (PSU - Power Supply),0,NO_SOURCE,350000,750000,460000,980000,630000,1350000
dell-inspiron-aio-24-5420,Dell Inspiron All-in-One 24 inch 5420 (Máy liền màn),pc_desktop,oem_brand,thermal,Vệ sinh máy & Tra keo tản nhiệt,0,NO_SOURCE,200000,350000,260000,460000,360000,630000
dell-inspiron-aio-24-5420,Dell Inspiron All-in-One 24 inch 5420 (Máy liền màn),pc_desktop,oem_brand,ssd-upgrade,Nâng cấp ổ cứng SSD siêu tốc,0,NO_SOURCE,650000,1600000,840000,2100000,1150000,2900000
dell-inspiron-aio-24-5420,Dell Inspiron All-in-One 24 inch 5420 (Máy liền màn),pc_desktop,oem_brand,ram-upgrade,Nâng cấp bộ nhớ RAM,0,NO_SOURCE,500000,1200000,650000,1550000,900000,2150000
dell-inspiron-aio-24-5420,Dell Inspiron All-in-One 24 inch 5420 (Máy liền màn),pc_desktop,oem_brand,software,Cài Hệ điều hành & Phần mềm,0,NO_SOURCE,150000,300000,200000,390000,270000,540000
dell-inspiron-aio-24-5420,Dell Inspiron All-in-One 24 inch 5420 (Máy liền màn),pc_desktop,oem_brand,data-recovery,Cứu dữ liệu ổ cứng & Bo mạch,0,NO_SOURCE,650000,2000000,840000,2600000,1150000,3600000
dell-inspiron-aio-24-5420,Dell Inspiron All-in-One 24 inch 5420 (Máy liền màn),pc_desktop,oem_brand,diagnostic,Kiểm tra chẩn đoán toàn diện,0,NO_SOURCE,0,0,0,0,0,0
hp-envy-aio-34-curved,HP Envy All-in-One 34 inch Màn Cong 5K,pc_desktop,oem_brand,screen,Thay màn hình hiển thị,0,NO_SOURCE,2800000,6500000,3650000,8450000,5050000,11700000
hp-envy-aio-34-curved,HP Envy All-in-One 34 inch Màn Cong 5K,pc_desktop,oem_brand,mainboard,Sửa mất nguồn / Lỗi Mainboard,0,NO_SOURCE,1200000,3500000,1550000,4550000,2150000,6300000
hp-envy-aio-34-curved,HP Envy All-in-One 34 inch Màn Cong 5K,pc_desktop,oem_brand,psu-repair,Nguồn máy tính bàn (PSU - Power Supply),0,NO_SOURCE,550000,1200000,720000,1550000,990000,2150000
hp-envy-aio-34-curved,HP Envy All-in-One 34 inch Màn Cong 5K,pc_desktop,oem_brand,thermal,Vệ sinh máy & Tra keo tản nhiệt,0,NO_SOURCE,350000,650000,460000,840000,630000,1150000
hp-envy-aio-34-curved,HP Envy All-in-One 34 inch Màn Cong 5K,pc_desktop,oem_brand,ssd-upgrade,Nâng cấp ổ cứng SSD siêu tốc,0,NO_SOURCE,950000,2500000,1250000,3250000,1700000,4500000
hp-envy-aio-34-curved,HP Envy All-in-One 34 inch Màn Cong 5K,pc_desktop,oem_brand,ram-upgrade,Nâng cấp bộ nhớ RAM,0,NO_SOURCE,750000,2200000,980000,2850000,1350000,3950000
hp-envy-aio-34-curved,HP Envy All-in-One 34 inch Màn Cong 5K,pc_desktop,oem_brand,software,Cài Hệ điều hành & Phần mềm,0,NO_SOURCE,200000,450000,260000,580000,360000,810000
hp-envy-aio-34-curved,HP Envy All-in-One 34 inch Màn Cong 5K,pc_desktop,oem_brand,data-recovery,Cứu dữ liệu ổ cứng & Bo mạch,0,NO_SOURCE,950000,3500000,1250000,4550000,1700000,6300000
hp-envy-aio-34-curved,HP Envy All-in-One 34 inch Màn Cong 5K,pc_desktop,oem_brand,diagnostic,Kiểm tra chẩn đoán toàn diện,0,NO_SOURCE,0,0,0,0,0,0
pc-office-standard-i5,PC Văn Phòng Đa Nhiệm (Core i5 12400 / 16GB RAM),pc_desktop,office,mainboard,Sửa mất nguồn / Lỗi Mainboard,0,NO_SOURCE,360000,860000,470000,1100000,650000,1550000
pc-office-standard-i5,PC Văn Phòng Đa Nhiệm (Core i5 12400 / 16GB RAM),pc_desktop,office,psu-repair,Nguồn máy tính bàn (PSU - Power Supply),0,NO_SOURCE,220000,450000,290000,580000,400000,810000
pc-office-standard-i5,PC Văn Phòng Đa Nhiệm (Core i5 12400 / 16GB RAM),pc_desktop,office,thermal,Vệ sinh máy & Tra keo tản nhiệt,0,NO_SOURCE,110000,180000,140000,230000,190000,320000
pc-office-standard-i5,PC Văn Phòng Đa Nhiệm (Core i5 12400 / 16GB RAM),pc_desktop,office,ssd-upgrade,Nâng cấp ổ cứng SSD siêu tốc,0,NO_SOURCE,400000,990000,530000,1300000,730000,1800000
pc-office-standard-i5,PC Văn Phòng Đa Nhiệm (Core i5 12400 / 16GB RAM),pc_desktop,office,ram-upgrade,Nâng cấp bộ nhớ RAM,0,NO_SOURCE,320000,760000,410000,990000,570000,1400000
pc-office-standard-i5,PC Văn Phòng Đa Nhiệm (Core i5 12400 / 16GB RAM),pc_desktop,office,software,Cài Hệ điều hành & Phần mềm,0,NO_SOURCE,110000,180000,140000,230000,190000,320000
pc-office-standard-i5,PC Văn Phòng Đa Nhiệm (Core i5 12400 / 16GB RAM),pc_desktop,office,data-recovery,Cứu dữ liệu ổ cứng & Bo mạch,0,NO_SOURCE,450000,1350000,580000,1750000,810000,2450000
pc-office-standard-i5,PC Văn Phòng Đa Nhiệm (Core i5 12400 / 16GB RAM),pc_desktop,office,diagnostic,Kiểm tra chẩn đoán toàn diện,0,NO_SOURCE,0,0,0,0,0,0
pc-office-basic-i3,PC Văn Phòng Cơ Bản (Core i3 10100 / 8GB RAM),pc_desktop,office,mainboard,Sửa mất nguồn / Lỗi Mainboard,0,NO_SOURCE,360000,860000,470000,1100000,650000,1550000
pc-office-basic-i3,PC Văn Phòng Cơ Bản (Core i3 10100 / 8GB RAM),pc_desktop,office,psu-repair,Nguồn máy tính bàn (PSU - Power Supply),0,NO_SOURCE,220000,450000,290000,580000,400000,810000
pc-office-basic-i3,PC Văn Phòng Cơ Bản (Core i3 10100 / 8GB RAM),pc_desktop,office,thermal,Vệ sinh máy & Tra keo tản nhiệt,0,NO_SOURCE,110000,180000,140000,230000,190000,320000
pc-office-basic-i3,PC Văn Phòng Cơ Bản (Core i3 10100 / 8GB RAM),pc_desktop,office,ssd-upgrade,Nâng cấp ổ cứng SSD siêu tốc,0,NO_SOURCE,400000,990000,530000,1300000,730000,1800000
pc-office-basic-i3,PC Văn Phòng Cơ Bản (Core i3 10100 / 8GB RAM),pc_desktop,office,ram-upgrade,Nâng cấp bộ nhớ RAM,0,NO_SOURCE,320000,760000,410000,990000,570000,1400000
pc-office-basic-i3,PC Văn Phòng Cơ Bản (Core i3 10100 / 8GB RAM),pc_desktop,office,software,Cài Hệ điều hành & Phần mềm,0,NO_SOURCE,110000,180000,140000,230000,190000,320000
pc-office-basic-i3,PC Văn Phòng Cơ Bản (Core i3 10100 / 8GB RAM),pc_desktop,office,data-recovery,Cứu dữ liệu ổ cứng & Bo mạch,0,NO_SOURCE,450000,1350000,580000,1750000,810000,2450000
pc-office-basic-i3,PC Văn Phòng Cơ Bản (Core i3 10100 / 8GB RAM),pc_desktop,office,diagnostic,Kiểm tra chẩn đoán toàn diện,0,NO_SOURCE,0,0,0,0,0,0
pc-office-mini-itx,PC Mini ITX Để Bàn Siêu Nhỏ Gọn,pc_desktop,office,mainboard,Sửa mất nguồn / Lỗi Mainboard,0,NO_SOURCE,360000,860000,470000,1100000,650000,1550000
pc-office-mini-itx,PC Mini ITX Để Bàn Siêu Nhỏ Gọn,pc_desktop,office,psu-repair,Nguồn máy tính bàn (PSU - Power Supply),0,NO_SOURCE,220000,450000,290000,580000,400000,810000
pc-office-mini-itx,PC Mini ITX Để Bàn Siêu Nhỏ Gọn,pc_desktop,office,thermal,Vệ sinh máy & Tra keo tản nhiệt,0,NO_SOURCE,110000,180000,140000,230000,190000,320000
pc-office-mini-itx,PC Mini ITX Để Bàn Siêu Nhỏ Gọn,pc_desktop,office,ssd-upgrade,Nâng cấp ổ cứng SSD siêu tốc,0,NO_SOURCE,400000,990000,530000,1300000,730000,1800000
pc-office-mini-itx,PC Mini ITX Để Bàn Siêu Nhỏ Gọn,pc_desktop,office,ram-upgrade,Nâng cấp bộ nhớ RAM,0,NO_SOURCE,320000,760000,410000,990000,570000,1400000
pc-office-mini-itx,PC Mini ITX Để Bàn Siêu Nhỏ Gọn,pc_desktop,office,software,Cài Hệ điều hành & Phần mềm,0,NO_SOURCE,110000,180000,140000,230000,190000,320000
pc-office-mini-itx,PC Mini ITX Để Bàn Siêu Nhỏ Gọn,pc_desktop,office,data-recovery,Cứu dữ liệu ổ cứng & Bo mạch,0,NO_SOURCE,450000,1350000,580000,1750000,810000,2450000
pc-office-mini-itx,PC Mini ITX Để Bàn Siêu Nhỏ Gọn,pc_desktop,office,diagnostic,Kiểm tra chẩn đoán toàn diện,0,NO_SOURCE,0,0,0,0,0,0
ws-pro-render-dual-xeon-threadripper,Workstation Render 3D / AI Deep Learning (Threadripper / Dual Xeon),pc_desktop,workstation,mainboard,Sửa mất nguồn / Lỗi Mainboard,0,NO_SOURCE,1450000,4200000,1850000,5450000,2600000,7550000
ws-pro-render-dual-xeon-threadripper,Workstation Render 3D / AI Deep Learning (Threadripper / Dual Xeon),pc_desktop,workstation,psu-repair,Nguồn máy tính bàn (PSU - Power Supply),0,NO_SOURCE,660000,1450000,860000,1850000,1200000,2600000
ws-pro-render-dual-xeon-threadripper,Workstation Render 3D / AI Deep Learning (Threadripper / Dual Xeon),pc_desktop,workstation,vga-gpu,Sửa Card đồ họa rời (VGA / GPU / VRAM),0,NO_SOURCE,1450000,3850000,1850000,5000000,2600000,6900000
ws-pro-render-dual-xeon-threadripper,Workstation Render 3D / AI Deep Learning (Threadripper / Dual Xeon),pc_desktop,workstation,thermal,Vệ sinh máy & Tra keo tản nhiệt,0,NO_SOURCE,420000,780000,550000,1000000,760000,1400000
ws-pro-render-dual-xeon-threadripper,Workstation Render 3D / AI Deep Learning (Threadripper / Dual Xeon),pc_desktop,workstation,aio-liquid-cooler,Tản nhiệt nước AIO (Bơm nước & Khối làm mát),0,NO_SOURCE,720000,1700000,940000,2200000,1300000,3000000
ws-pro-render-dual-xeon-threadripper,Workstation Render 3D / AI Deep Learning (Threadripper / Dual Xeon),pc_desktop,workstation,ssd-upgrade,Nâng cấp ổ cứng SSD siêu tốc,0,NO_SOURCE,1150000,3000000,1500000,3900000,2050000,5400000
ws-pro-render-dual-xeon-threadripper,Workstation Render 3D / AI Deep Learning (Threadripper / Dual Xeon),pc_desktop,workstation,ram-upgrade,Nâng cấp bộ nhớ RAM,0,NO_SOURCE,900000,2650000,1150000,3450000,1600000,4750000
ws-pro-render-dual-xeon-threadripper,Workstation Render 3D / AI Deep Learning (Threadripper / Dual Xeon),pc_desktop,workstation,software,Cài Hệ điều hành & Phần mềm,0,NO_SOURCE,240000,540000,310000,700000,430000,970000
ws-pro-render-dual-xeon-threadripper,Workstation Render 3D / AI Deep Learning (Threadripper / Dual Xeon),pc_desktop,workstation,data-recovery,Cứu dữ liệu ổ cứng & Bo mạch,0,NO_SOURCE,1150000,4200000,1500000,5450000,2050000,7550000
ws-pro-render-dual-xeon-threadripper,Workstation Render 3D / AI Deep Learning (Threadripper / Dual Xeon),pc_desktop,workstation,diagnostic,Kiểm tra chẩn đoán toàn diện,0,NO_SOURCE,0,0,0,0,0,0
ws-architecture-cad-i9-rtxa4000,Workstation Kiến Trúc / CAD / Revit (i9 14900K / RTX 4000 Ada),pc_desktop,workstation,mainboard,Sửa mất nguồn / Lỗi Mainboard,0,NO_SOURCE,1450000,4200000,1850000,5450000,2600000,7550000
ws-architecture-cad-i9-rtxa4000,Workstation Kiến Trúc / CAD / Revit (i9 14900K / RTX 4000 Ada),pc_desktop,workstation,psu-repair,Nguồn máy tính bàn (PSU - Power Supply),0,NO_SOURCE,660000,1450000,860000,1850000,1200000,2600000
ws-architecture-cad-i9-rtxa4000,Workstation Kiến Trúc / CAD / Revit (i9 14900K / RTX 4000 Ada),pc_desktop,workstation,vga-gpu,Sửa Card đồ họa rời (VGA / GPU / VRAM),0,NO_SOURCE,1450000,3850000,1850000,5000000,2600000,6900000
ws-architecture-cad-i9-rtxa4000,Workstation Kiến Trúc / CAD / Revit (i9 14900K / RTX 4000 Ada),pc_desktop,workstation,thermal,Vệ sinh máy & Tra keo tản nhiệt,0,NO_SOURCE,420000,780000,550000,1000000,760000,1400000
ws-architecture-cad-i9-rtxa4000,Workstation Kiến Trúc / CAD / Revit (i9 14900K / RTX 4000 Ada),pc_desktop,workstation,aio-liquid-cooler,Tản nhiệt nước AIO (Bơm nước & Khối làm mát),0,NO_SOURCE,720000,1700000,940000,2200000,1300000,3000000
ws-architecture-cad-i9-rtxa4000,Workstation Kiến Trúc / CAD / Revit (i9 14900K / RTX 4000 Ada),pc_desktop,workstation,ssd-upgrade,Nâng cấp ổ cứng SSD siêu tốc,0,NO_SOURCE,1150000,3000000,1500000,3900000,2050000,5400000
ws-architecture-cad-i9-rtxa4000,Workstation Kiến Trúc / CAD / Revit (i9 14900K / RTX 4000 Ada),pc_desktop,workstation,ram-upgrade,Nâng cấp bộ nhớ RAM,0,NO_SOURCE,900000,2650000,1150000,3450000,1600000,4750000
ws-architecture-cad-i9-rtxa4000,Workstation Kiến Trúc / CAD / Revit (i9 14900K / RTX 4000 Ada),pc_desktop,workstation,software,Cài Hệ điều hành & Phần mềm,0,NO_SOURCE,240000,540000,310000,700000,430000,970000
ws-architecture-cad-i9-rtxa4000,Workstation Kiến Trúc / CAD / Revit (i9 14900K / RTX 4000 Ada),pc_desktop,workstation,data-recovery,Cứu dữ liệu ổ cứng & Bo mạch,0,NO_SOURCE,1150000,4200000,1500000,5450000,2050000,7550000
ws-architecture-cad-i9-rtxa4000,Workstation Kiến Trúc / CAD / Revit (i9 14900K / RTX 4000 Ada),pc_desktop,workstation,diagnostic,Kiểm tra chẩn đoán toàn diện,0,NO_SOURCE,0,0,0,0,0,0
ws-creator-video-i7-rtx4070,Workstation Dựng Phim 4K / Đồ Họa 2D (i7 13700K / RTX 4070),pc_desktop,workstation,mainboard,Sửa mất nguồn / Lỗi Mainboard,0,NO_SOURCE,780000,1900000,1000000,2500000,1400000,3450000
ws-creator-video-i7-rtx4070,Workstation Dựng Phim 4K / Đồ Họa 2D (i7 13700K / RTX 4070),pc_desktop,workstation,psu-repair,Nguồn máy tính bàn (PSU - Power Supply),0,NO_SOURCE,420000,900000,550000,1150000,760000,1600000
ws-creator-video-i7-rtx4070,Workstation Dựng Phim 4K / Đồ Họa 2D (i7 13700K / RTX 4070),pc_desktop,workstation,vga-gpu,Sửa Card đồ họa rời (VGA / GPU / VRAM),0,NO_SOURCE,780000,1900000,1000000,2500000,1400000,3450000
ws-creator-video-i7-rtx4070,Workstation Dựng Phim 4K / Đồ Họa 2D (i7 13700K / RTX 4070),pc_desktop,workstation,thermal,Vệ sinh máy & Tra keo tản nhiệt,0,NO_SOURCE,240000,420000,310000,550000,430000,760000
ws-creator-video-i7-rtx4070,Workstation Dựng Phim 4K / Đồ Họa 2D (i7 13700K / RTX 4070),pc_desktop,workstation,aio-liquid-cooler,Tản nhiệt nước AIO (Bơm nước & Khối làm mát),0,NO_SOURCE,420000,900000,550000,1150000,760000,1600000
ws-creator-video-i7-rtx4070,Workstation Dựng Phim 4K / Đồ Họa 2D (i7 13700K / RTX 4070),pc_desktop,workstation,ssd-upgrade,Nâng cấp ổ cứng SSD siêu tốc,0,NO_SOURCE,780000,1900000,1000000,2500000,1400000,3450000
ws-creator-video-i7-rtx4070,Workstation Dựng Phim 4K / Đồ Họa 2D (i7 13700K / RTX 4070),pc_desktop,workstation,ram-upgrade,Nâng cấp bộ nhớ RAM,0,NO_SOURCE,600000,1450000,780000,1850000,1100000,2600000
ws-creator-video-i7-rtx4070,Workstation Dựng Phim 4K / Đồ Họa 2D (i7 13700K / RTX 4070),pc_desktop,workstation,software,Cài Hệ điều hành & Phần mềm,0,NO_SOURCE,180000,360000,230000,470000,320000,650000
ws-creator-video-i7-rtx4070,Workstation Dựng Phim 4K / Đồ Họa 2D (i7 13700K / RTX 4070),pc_desktop,workstation,data-recovery,Cứu dữ liệu ổ cứng & Bo mạch,0,NO_SOURCE,780000,2400000,1000000,3100000,1400000,4300000
ws-creator-video-i7-rtx4070,Workstation Dựng Phim 4K / Đồ Họa 2D (i7 13700K / RTX 4070),pc_desktop,workstation,diagnostic,Kiểm tra chẩn đoán toàn diện,0,NO_SOURCE,0,0,0,0,0,0
apple-iphone-16-pro-max,iPhone 16 Pro Max,phone,apple,screen,Thay màn hình hiển thị,0,NO_SOURCE,2750000,5500000,3600000,7200000,4950000,9950000
apple-iphone-16-pro-max,iPhone 16 Pro Max,phone,apple,glass-press,Ép mặt kính / Kính cảm ứng,0,NO_SOURCE,920000,1850000,1200000,2400000,1650000,3300000
apple-iphone-16-pro-max,iPhone 16 Pro Max,phone,apple,battery,Thay pin dung lượng cao / Pin Zin,0,NO_SOURCE,750000,1450000,970000,1850000,1350000,2600000
apple-iphone-16-pro-max,iPhone 16 Pro Max,phone,apple,charging-port,Sửa chân sạc / Cổng kết nối,0,NO_SOURCE,580000,1100000,750000,1400000,1050000,1950000
apple-iphone-16-pro-max,iPhone 16 Pro Max,phone,apple,water-damage,Cấp cứu máy vô nước / Rớt nước,0,NO_SOURCE,690000,1600000,900000,2100000,1250000,2900000
apple-iphone-16-pro-max,iPhone 16 Pro Max,phone,apple,mainboard,Sửa mất nguồn / Lỗi Mainboard,0,NO_SOURCE,1400000,3700000,1800000,4800000,2500000,6600000
apple-iphone-16-pro-max,iPhone 16 Pro Max,phone,apple,camera,Thay camera trước / sau,0,NO_SOURCE,1100000,2750000,1400000,3600000,1950000,4950000
apple-iphone-16-pro-max,iPhone 16 Pro Max,phone,apple,speaker,Loa trong / Loa ngoài rè,0,NO_SOURCE,460000,980000,600000,1250000,830000,1750000
apple-iphone-16-pro-max,iPhone 16 Pro Max,phone,apple,mic,Hỏng Micro (Nói không nghe),0,NO_SOURCE,460000,920000,600000,1200000,830000,1650000
apple-iphone-16-pro-max,iPhone 16 Pro Max,phone,apple,back-glass,Thay kính lưng / Bắn laser lưng,0,NO_SOURCE,750000,1500000,970000,1950000,1350000,2700000
apple-iphone-16-pro-max,iPhone 16 Pro Max,phone,apple,data-recovery,Cứu dữ liệu ổ cứng & Bo mạch,0,NO_SOURCE,920000,2900000,1200000,3750000,1650000,5200000
apple-iphone-16-pro-max,iPhone 16 Pro Max,phone,apple,diagnostic,Kiểm tra chẩn đoán toàn diện,0,NO_SOURCE,0,0,0,0,0,0
apple-iphone-16-pro-max,iPhone 16 Pro Max,phone,apple,face-id,Sửa Face ID / Cảm biến tiệm cận,0,NO_SOURCE,980000,1850000,1250000,2400000,1750000,3300000
apple-iphone-16-pro,iPhone 16 Pro,phone,apple,screen,Thay màn hình hiển thị,0,NO_SOURCE,2750000,5500000,3600000,7200000,4950000,9950000
apple-iphone-16-pro,iPhone 16 Pro,phone,apple,glass-press,Ép mặt kính / Kính cảm ứng,0,NO_SOURCE,920000,1850000,1200000,2400000,1650000,3300000
apple-iphone-16-pro,iPhone 16 Pro,phone,apple,battery,Thay pin dung lượng cao / Pin Zin,0,NO_SOURCE,750000,1450000,970000,1850000,1350000,2600000
apple-iphone-16-pro,iPhone 16 Pro,phone,apple,charging-port,Sửa chân sạc / Cổng kết nối,0,NO_SOURCE,580000,1100000,750000,1400000,1050000,1950000
apple-iphone-16-pro,iPhone 16 Pro,phone,apple,water-damage,Cấp cứu máy vô nước / Rớt nước,0,NO_SOURCE,690000,1600000,900000,2100000,1250000,2900000
apple-iphone-16-pro,iPhone 16 Pro,phone,apple,mainboard,Sửa mất nguồn / Lỗi Mainboard,0,NO_SOURCE,1400000,3700000,1800000,4800000,2500000,6600000
apple-iphone-16-pro,iPhone 16 Pro,phone,apple,camera,Thay camera trước / sau,0,NO_SOURCE,1100000,2750000,1400000,3600000,1950000,4950000
apple-iphone-16-pro,iPhone 16 Pro,phone,apple,speaker,Loa trong / Loa ngoài rè,0,NO_SOURCE,460000,980000,600000,1250000,830000,1750000
apple-iphone-16-pro,iPhone 16 Pro,phone,apple,mic,Hỏng Micro (Nói không nghe),0,NO_SOURCE,460000,920000,600000,1200000,830000,1650000
apple-iphone-16-pro,iPhone 16 Pro,phone,apple,back-glass,Thay kính lưng / Bắn laser lưng,0,NO_SOURCE,750000,1500000,970000,1950000,1350000,2700000
apple-iphone-16-pro,iPhone 16 Pro,phone,apple,data-recovery,Cứu dữ liệu ổ cứng & Bo mạch,0,NO_SOURCE,920000,2900000,1200000,3750000,1650000,5200000
apple-iphone-16-pro,iPhone 16 Pro,phone,apple,diagnostic,Kiểm tra chẩn đoán toàn diện,0,NO_SOURCE,0,0,0,0,0,0
apple-iphone-16-pro,iPhone 16 Pro,phone,apple,face-id,Sửa Face ID / Cảm biến tiệm cận,0,NO_SOURCE,980000,1850000,1250000,2400000,1750000,3300000
apple-iphone-16-plus,iPhone 16 Plus,phone,apple,screen,Thay màn hình hiển thị,0,NO_SOURCE,1600000,3200000,2100000,4200000,2900000,5800000
apple-iphone-16-plus,iPhone 16 Plus,phone,apple,glass-press,Ép mặt kính / Kính cảm ứng,0,NO_SOURCE,580000,1150000,750000,1500000,1050000,2050000
apple-iphone-16-plus,iPhone 16 Plus,phone,apple,battery,Thay pin dung lượng cao / Pin Zin,0,NO_SOURCE,520000,980000,670000,1250000,930000,1750000
apple-iphone-16-plus,iPhone 16 Plus,phone,apple,charging-port,Sửa chân sạc / Cổng kết nối,0,NO_SOURCE,400000,750000,520000,970000,720000,1350000
apple-iphone-16-plus,iPhone 16 Plus,phone,apple,water-damage,Cấp cứu máy vô nước / Rớt nước,0,NO_SOURCE,520000,1100000,670000,1400000,930000,1950000
apple-iphone-16-plus,iPhone 16 Plus,phone,apple,mainboard,Sửa mất nguồn / Lỗi Mainboard,0,NO_SOURCE,920000,2550000,1200000,3300000,1650000,4550000
apple-iphone-16-plus,iPhone 16 Plus,phone,apple,camera,Thay camera trước / sau,0,NO_SOURCE,690000,1700000,900000,2250000,1250000,3100000
apple-iphone-16-plus,iPhone 16 Plus,phone,apple,speaker,Loa trong / Loa ngoài rè,0,NO_SOURCE,340000,690000,450000,900000,620000,1250000
apple-iphone-16-plus,iPhone 16 Plus,phone,apple,mic,Hỏng Micro (Nói không nghe),0,NO_SOURCE,340000,630000,450000,820000,620000,1150000
apple-iphone-16-plus,iPhone 16 Plus,phone,apple,back-glass,Thay kính lưng / Bắn laser lưng,0,NO_SOURCE,460000,920000,600000,1200000,830000,1650000
apple-iphone-16-plus,iPhone 16 Plus,phone,apple,data-recovery,Cứu dữ liệu ổ cứng & Bo mạch,0,NO_SOURCE,690000,2050000,900000,2700000,1250000,3750000
apple-iphone-16-plus,iPhone 16 Plus,phone,apple,diagnostic,Kiểm tra chẩn đoán toàn diện,0,NO_SOURCE,0,0,0,0,0,0
apple-iphone-16-plus,iPhone 16 Plus,phone,apple,face-id,Sửa Face ID / Cảm biến tiệm cận,0,NO_SOURCE,750000,1400000,970000,1800000,1350000,2500000
apple-iphone-16,iPhone 16,phone,apple,screen,Thay màn hình hiển thị,0,NO_SOURCE,1600000,3200000,2100000,4200000,2900000,5800000
apple-iphone-16,iPhone 16,phone,apple,glass-press,Ép mặt kính / Kính cảm ứng,0,NO_SOURCE,580000,1150000,750000,1500000,1050000,2050000
apple-iphone-16,iPhone 16,phone,apple,battery,Thay pin dung lượng cao / Pin Zin,0,NO_SOURCE,520000,980000,670000,1250000,930000,1750000
apple-iphone-16,iPhone 16,phone,apple,charging-port,Sửa chân sạc / Cổng kết nối,0,NO_SOURCE,400000,750000,520000,970000,720000,1350000
apple-iphone-16,iPhone 16,phone,apple,water-damage,Cấp cứu máy vô nước / Rớt nước,0,NO_SOURCE,520000,1100000,670000,1400000,930000,1950000
apple-iphone-16,iPhone 16,phone,apple,mainboard,Sửa mất nguồn / Lỗi Mainboard,0,NO_SOURCE,920000,2550000,1200000,3300000,1650000,4550000
apple-iphone-16,iPhone 16,phone,apple,camera,Thay camera trước / sau,0,NO_SOURCE,690000,1700000,900000,2250000,1250000,3100000
apple-iphone-16,iPhone 16,phone,apple,speaker,Loa trong / Loa ngoài rè,0,NO_SOURCE,340000,690000,450000,900000,620000,1250000
apple-iphone-16,iPhone 16,phone,apple,mic,Hỏng Micro (Nói không nghe),0,NO_SOURCE,340000,630000,450000,820000,620000,1150000
apple-iphone-16,iPhone 16,phone,apple,back-glass,Thay kính lưng / Bắn laser lưng,0,NO_SOURCE,460000,920000,600000,1200000,830000,1650000
apple-iphone-16,iPhone 16,phone,apple,data-recovery,Cứu dữ liệu ổ cứng & Bo mạch,0,NO_SOURCE,690000,2050000,900000,2700000,1250000,3750000
apple-iphone-16,iPhone 16,phone,apple,diagnostic,Kiểm tra chẩn đoán toàn diện,0,NO_SOURCE,0,0,0,0,0,0
apple-iphone-16,iPhone 16,phone,apple,face-id,Sửa Face ID / Cảm biến tiệm cận,0,NO_SOURCE,750000,1400000,970000,1800000,1350000,2500000
apple-iphone-16e,iPhone 16e,phone,apple,screen,Thay màn hình hiển thị,0,NO_SOURCE,1600000,3200000,2100000,4200000,2900000,5800000
apple-iphone-16e,iPhone 16e,phone,apple,glass-press,Ép mặt kính / Kính cảm ứng,0,NO_SOURCE,580000,1150000,750000,1500000,1050000,2050000
apple-iphone-16e,iPhone 16e,phone,apple,battery,Thay pin dung lượng cao / Pin Zin,0,NO_SOURCE,520000,980000,670000,1250000,930000,1750000
apple-iphone-16e,iPhone 16e,phone,apple,charging-port,Sửa chân sạc / Cổng kết nối,0,NO_SOURCE,400000,750000,520000,970000,720000,1350000
apple-iphone-16e,iPhone 16e,phone,apple,water-damage,Cấp cứu máy vô nước / Rớt nước,0,NO_SOURCE,520000,1100000,670000,1400000,930000,1950000
apple-iphone-16e,iPhone 16e,phone,apple,mainboard,Sửa mất nguồn / Lỗi Mainboard,0,NO_SOURCE,920000,2550000,1200000,3300000,1650000,4550000
apple-iphone-16e,iPhone 16e,phone,apple,camera,Thay camera trước / sau,0,NO_SOURCE,690000,1700000,900000,2250000,1250000,3100000
apple-iphone-16e,iPhone 16e,phone,apple,speaker,Loa trong / Loa ngoài rè,0,NO_SOURCE,340000,690000,450000,900000,620000,1250000
apple-iphone-16e,iPhone 16e,phone,apple,mic,Hỏng Micro (Nói không nghe),0,NO_SOURCE,340000,630000,450000,820000,620000,1150000
apple-iphone-16e,iPhone 16e,phone,apple,back-glass,Thay kính lưng / Bắn laser lưng,0,NO_SOURCE,460000,920000,600000,1200000,830000,1650000
apple-iphone-16e,iPhone 16e,phone,apple,data-recovery,Cứu dữ liệu ổ cứng & Bo mạch,0,NO_SOURCE,690000,2050000,900000,2700000,1250000,3750000
apple-iphone-16e,iPhone 16e,phone,apple,diagnostic,Kiểm tra chẩn đoán toàn diện,0,NO_SOURCE,0,0,0,0,0,0
apple-iphone-16e,iPhone 16e,phone,apple,face-id,Sửa Face ID / Cảm biến tiệm cận,0,NO_SOURCE,750000,1400000,970000,1800000,1350000,2500000
apple-iphone-15-pro-max,iPhone 15 Pro Max,phone,apple,screen,Thay màn hình hiển thị,0,NO_SOURCE,2750000,5500000,3600000,7200000,4950000,9950000
apple-iphone-15-pro-max,iPhone 15 Pro Max,phone,apple,glass-press,Ép mặt kính / Kính cảm ứng,0,NO_SOURCE,920000,1850000,1200000,2400000,1650000,3300000
apple-iphone-15-pro-max,iPhone 15 Pro Max,phone,apple,battery,Thay pin dung lượng cao / Pin Zin,0,NO_SOURCE,750000,1450000,970000,1850000,1350000,2600000
apple-iphone-15-pro-max,iPhone 15 Pro Max,phone,apple,charging-port,Sửa chân sạc / Cổng kết nối,0,NO_SOURCE,580000,1100000,750000,1400000,1050000,1950000
apple-iphone-15-pro-max,iPhone 15 Pro Max,phone,apple,water-damage,Cấp cứu máy vô nước / Rớt nước,0,NO_SOURCE,690000,1600000,900000,2100000,1250000,2900000
apple-iphone-15-pro-max,iPhone 15 Pro Max,phone,apple,mainboard,Sửa mất nguồn / Lỗi Mainboard,0,NO_SOURCE,1400000,3700000,1800000,4800000,2500000,6600000
apple-iphone-15-pro-max,iPhone 15 Pro Max,phone,apple,camera,Thay camera trước / sau,0,NO_SOURCE,1100000,2750000,1400000,3600000,1950000,4950000
apple-iphone-15-pro-max,iPhone 15 Pro Max,phone,apple,speaker,Loa trong / Loa ngoài rè,0,NO_SOURCE,460000,980000,600000,1250000,830000,1750000
apple-iphone-15-pro-max,iPhone 15 Pro Max,phone,apple,mic,Hỏng Micro (Nói không nghe),0,NO_SOURCE,460000,920000,600000,1200000,830000,1650000
apple-iphone-15-pro-max,iPhone 15 Pro Max,phone,apple,back-glass,Thay kính lưng / Bắn laser lưng,0,NO_SOURCE,750000,1500000,970000,1950000,1350000,2700000
apple-iphone-15-pro-max,iPhone 15 Pro Max,phone,apple,data-recovery,Cứu dữ liệu ổ cứng & Bo mạch,0,NO_SOURCE,920000,2900000,1200000,3750000,1650000,5200000
apple-iphone-15-pro-max,iPhone 15 Pro Max,phone,apple,diagnostic,Kiểm tra chẩn đoán toàn diện,0,NO_SOURCE,0,0,0,0,0,0
apple-iphone-15-pro-max,iPhone 15 Pro Max,phone,apple,face-id,Sửa Face ID / Cảm biến tiệm cận,0,NO_SOURCE,980000,1850000,1250000,2400000,1750000,3300000
apple-iphone-15-pro,iPhone 15 Pro,phone,apple,screen,Thay màn hình hiển thị,0,NO_SOURCE,2750000,5500000,3600000,7200000,4950000,9950000
apple-iphone-15-pro,iPhone 15 Pro,phone,apple,glass-press,Ép mặt kính / Kính cảm ứng,0,NO_SOURCE,920000,1850000,1200000,2400000,1650000,3300000
apple-iphone-15-pro,iPhone 15 Pro,phone,apple,battery,Thay pin dung lượng cao / Pin Zin,0,NO_SOURCE,750000,1450000,970000,1850000,1350000,2600000
apple-iphone-15-pro,iPhone 15 Pro,phone,apple,charging-port,Sửa chân sạc / Cổng kết nối,0,NO_SOURCE,580000,1100000,750000,1400000,1050000,1950000
apple-iphone-15-pro,iPhone 15 Pro,phone,apple,water-damage,Cấp cứu máy vô nước / Rớt nước,0,NO_SOURCE,690000,1600000,900000,2100000,1250000,2900000
apple-iphone-15-pro,iPhone 15 Pro,phone,apple,mainboard,Sửa mất nguồn / Lỗi Mainboard,0,NO_SOURCE,1400000,3700000,1800000,4800000,2500000,6600000
apple-iphone-15-pro,iPhone 15 Pro,phone,apple,camera,Thay camera trước / sau,0,NO_SOURCE,1100000,2750000,1400000,3600000,1950000,4950000
apple-iphone-15-pro,iPhone 15 Pro,phone,apple,speaker,Loa trong / Loa ngoài rè,0,NO_SOURCE,460000,980000,600000,1250000,830000,1750000
apple-iphone-15-pro,iPhone 15 Pro,phone,apple,mic,Hỏng Micro (Nói không nghe),0,NO_SOURCE,460000,920000,600000,1200000,830000,1650000
apple-iphone-15-pro,iPhone 15 Pro,phone,apple,back-glass,Thay kính lưng / Bắn laser lưng,0,NO_SOURCE,750000,1500000,970000,1950000,1350000,2700000
apple-iphone-15-pro,iPhone 15 Pro,phone,apple,data-recovery,Cứu dữ liệu ổ cứng & Bo mạch,0,NO_SOURCE,920000,2900000,1200000,3750000,1650000,5200000
apple-iphone-15-pro,iPhone 15 Pro,phone,apple,diagnostic,Kiểm tra chẩn đoán toàn diện,0,NO_SOURCE,0,0,0,0,0,0
apple-iphone-15-pro,iPhone 15 Pro,phone,apple,face-id,Sửa Face ID / Cảm biến tiệm cận,0,NO_SOURCE,980000,1850000,1250000,2400000,1750000,3300000
apple-iphone-15-plus,iPhone 15 Plus,phone,apple,screen,Thay màn hình hiển thị,0,NO_SOURCE,1600000,3200000,2100000,4200000,2900000,5800000
apple-iphone-15-plus,iPhone 15 Plus,phone,apple,glass-press,Ép mặt kính / Kính cảm ứng,0,NO_SOURCE,580000,1150000,750000,1500000,1050000,2050000
apple-iphone-15-plus,iPhone 15 Plus,phone,apple,battery,Thay pin dung lượng cao / Pin Zin,0,NO_SOURCE,520000,980000,670000,1250000,930000,1750000
apple-iphone-15-plus,iPhone 15 Plus,phone,apple,charging-port,Sửa chân sạc / Cổng kết nối,0,NO_SOURCE,400000,750000,520000,970000,720000,1350000
apple-iphone-15-plus,iPhone 15 Plus,phone,apple,water-damage,Cấp cứu máy vô nước / Rớt nước,0,NO_SOURCE,520000,1100000,670000,1400000,930000,1950000
apple-iphone-15-plus,iPhone 15 Plus,phone,apple,mainboard,Sửa mất nguồn / Lỗi Mainboard,0,NO_SOURCE,920000,2550000,1200000,3300000,1650000,4550000
apple-iphone-15-plus,iPhone 15 Plus,phone,apple,camera,Thay camera trước / sau,0,NO_SOURCE,690000,1700000,900000,2250000,1250000,3100000
apple-iphone-15-plus,iPhone 15 Plus,phone,apple,speaker,Loa trong / Loa ngoài rè,0,NO_SOURCE,340000,690000,450000,900000,620000,1250000
apple-iphone-15-plus,iPhone 15 Plus,phone,apple,mic,Hỏng Micro (Nói không nghe),0,NO_SOURCE,340000,630000,450000,820000,620000,1150000
apple-iphone-15-plus,iPhone 15 Plus,phone,apple,back-glass,Thay kính lưng / Bắn laser lưng,0,NO_SOURCE,460000,920000,600000,1200000,830000,1650000
apple-iphone-15-plus,iPhone 15 Plus,phone,apple,data-recovery,Cứu dữ liệu ổ cứng & Bo mạch,0,NO_SOURCE,690000,2050000,900000,2700000,1250000,3750000
apple-iphone-15-plus,iPhone 15 Plus,phone,apple,diagnostic,Kiểm tra chẩn đoán toàn diện,0,NO_SOURCE,0,0,0,0,0,0
apple-iphone-15-plus,iPhone 15 Plus,phone,apple,face-id,Sửa Face ID / Cảm biến tiệm cận,0,NO_SOURCE,750000,1400000,970000,1800000,1350000,2500000
apple-iphone-15,iPhone 15,phone,apple,screen,Thay màn hình hiển thị,3,SOURCE_LISTED,1600000,3200000,2100000,4200000,2900000,5800000
apple-iphone-15,iPhone 15,phone,apple,glass-press,Ép mặt kính / Kính cảm ứng,0,NO_SOURCE,580000,1150000,750000,1500000,1050000,2050000
apple-iphone-15,iPhone 15,phone,apple,battery,Thay pin dung lượng cao / Pin Zin,3,SOURCE_LISTED,520000,980000,670000,1250000,930000,1750000
apple-iphone-15,iPhone 15,phone,apple,charging-port,Sửa chân sạc / Cổng kết nối,0,NO_SOURCE,400000,750000,520000,970000,720000,1350000
apple-iphone-15,iPhone 15,phone,apple,water-damage,Cấp cứu máy vô nước / Rớt nước,0,NO_SOURCE,520000,1100000,670000,1400000,930000,1950000
apple-iphone-15,iPhone 15,phone,apple,mainboard,Sửa mất nguồn / Lỗi Mainboard,0,NO_SOURCE,920000,2550000,1200000,3300000,1650000,4550000
apple-iphone-15,iPhone 15,phone,apple,camera,Thay camera trước / sau,0,NO_SOURCE,690000,1700000,900000,2250000,1250000,3100000
apple-iphone-15,iPhone 15,phone,apple,speaker,Loa trong / Loa ngoài rè,0,NO_SOURCE,340000,690000,450000,900000,620000,1250000
apple-iphone-15,iPhone 15,phone,apple,mic,Hỏng Micro (Nói không nghe),0,NO_SOURCE,340000,630000,450000,820000,620000,1150000
apple-iphone-15,iPhone 15,phone,apple,back-glass,Thay kính lưng / Bắn laser lưng,0,NO_SOURCE,460000,920000,600000,1200000,830000,1650000
apple-iphone-15,iPhone 15,phone,apple,data-recovery,Cứu dữ liệu ổ cứng & Bo mạch,0,NO_SOURCE,690000,2050000,900000,2700000,1250000,3750000
apple-iphone-15,iPhone 15,phone,apple,diagnostic,Kiểm tra chẩn đoán toàn diện,0,NO_SOURCE,0,0,0,0,0,0
apple-iphone-15,iPhone 15,phone,apple,face-id,Sửa Face ID / Cảm biến tiệm cận,0,NO_SOURCE,750000,1400000,970000,1800000,1350000,2500000
apple-iphone-14-pro-max,iPhone 14 Pro Max,phone,apple,screen,Thay màn hình hiển thị,0,NO_SOURCE,2750000,5500000,3600000,7200000,4950000,9950000
apple-iphone-14-pro-max,iPhone 14 Pro Max,phone,apple,glass-press,Ép mặt kính / Kính cảm ứng,0,NO_SOURCE,920000,1850000,1200000,2400000,1650000,3300000
apple-iphone-14-pro-max,iPhone 14 Pro Max,phone,apple,battery,Thay pin dung lượng cao / Pin Zin,0,NO_SOURCE,750000,1450000,970000,1850000,1350000,2600000
apple-iphone-14-pro-max,iPhone 14 Pro Max,phone,apple,charging-port,Sửa chân sạc / Cổng kết nối,0,NO_SOURCE,580000,1100000,750000,1400000,1050000,1950000
apple-iphone-14-pro-max,iPhone 14 Pro Max,phone,apple,water-damage,Cấp cứu máy vô nước / Rớt nước,0,NO_SOURCE,690000,1600000,900000,2100000,1250000,2900000
apple-iphone-14-pro-max,iPhone 14 Pro Max,phone,apple,mainboard,Sửa mất nguồn / Lỗi Mainboard,0,NO_SOURCE,1400000,3700000,1800000,4800000,2500000,6600000
apple-iphone-14-pro-max,iPhone 14 Pro Max,phone,apple,camera,Thay camera trước / sau,0,NO_SOURCE,1100000,2750000,1400000,3600000,1950000,4950000
apple-iphone-14-pro-max,iPhone 14 Pro Max,phone,apple,speaker,Loa trong / Loa ngoài rè,0,NO_SOURCE,460000,980000,600000,1250000,830000,1750000
apple-iphone-14-pro-max,iPhone 14 Pro Max,phone,apple,mic,Hỏng Micro (Nói không nghe),0,NO_SOURCE,460000,920000,600000,1200000,830000,1650000
apple-iphone-14-pro-max,iPhone 14 Pro Max,phone,apple,back-glass,Thay kính lưng / Bắn laser lưng,0,NO_SOURCE,750000,1500000,970000,1950000,1350000,2700000
apple-iphone-14-pro-max,iPhone 14 Pro Max,phone,apple,data-recovery,Cứu dữ liệu ổ cứng & Bo mạch,0,NO_SOURCE,920000,2900000,1200000,3750000,1650000,5200000
apple-iphone-14-pro-max,iPhone 14 Pro Max,phone,apple,diagnostic,Kiểm tra chẩn đoán toàn diện,0,NO_SOURCE,0,0,0,0,0,0
apple-iphone-14-pro-max,iPhone 14 Pro Max,phone,apple,face-id,Sửa Face ID / Cảm biến tiệm cận,0,NO_SOURCE,980000,1850000,1250000,2400000,1750000,3300000
apple-iphone-14-pro,iPhone 14 Pro,phone,apple,screen,Thay màn hình hiển thị,0,NO_SOURCE,2750000,5500000,3600000,7200000,4950000,9950000
apple-iphone-14-pro,iPhone 14 Pro,phone,apple,glass-press,Ép mặt kính / Kính cảm ứng,0,NO_SOURCE,920000,1850000,1200000,2400000,1650000,3300000
apple-iphone-14-pro,iPhone 14 Pro,phone,apple,battery,Thay pin dung lượng cao / Pin Zin,0,NO_SOURCE,750000,1450000,970000,1850000,1350000,2600000
apple-iphone-14-pro,iPhone 14 Pro,phone,apple,charging-port,Sửa chân sạc / Cổng kết nối,0,NO_SOURCE,580000,1100000,750000,1400000,1050000,1950000
apple-iphone-14-pro,iPhone 14 Pro,phone,apple,water-damage,Cấp cứu máy vô nước / Rớt nước,0,NO_SOURCE,690000,1600000,900000,2100000,1250000,2900000
apple-iphone-14-pro,iPhone 14 Pro,phone,apple,mainboard,Sửa mất nguồn / Lỗi Mainboard,0,NO_SOURCE,1400000,3700000,1800000,4800000,2500000,6600000
apple-iphone-14-pro,iPhone 14 Pro,phone,apple,camera,Thay camera trước / sau,0,NO_SOURCE,1100000,2750000,1400000,3600000,1950000,4950000
apple-iphone-14-pro,iPhone 14 Pro,phone,apple,speaker,Loa trong / Loa ngoài rè,0,NO_SOURCE,460000,980000,600000,1250000,830000,1750000
apple-iphone-14-pro,iPhone 14 Pro,phone,apple,mic,Hỏng Micro (Nói không nghe),0,NO_SOURCE,460000,920000,600000,1200000,830000,1650000
apple-iphone-14-pro,iPhone 14 Pro,phone,apple,back-glass,Thay kính lưng / Bắn laser lưng,0,NO_SOURCE,750000,1500000,970000,1950000,1350000,2700000
apple-iphone-14-pro,iPhone 14 Pro,phone,apple,data-recovery,Cứu dữ liệu ổ cứng & Bo mạch,0,NO_SOURCE,920000,2900000,1200000,3750000,1650000,5200000
apple-iphone-14-pro,iPhone 14 Pro,phone,apple,diagnostic,Kiểm tra chẩn đoán toàn diện,0,NO_SOURCE,0,0,0,0,0,0
apple-iphone-14-pro,iPhone 14 Pro,phone,apple,face-id,Sửa Face ID / Cảm biến tiệm cận,0,NO_SOURCE,980000,1850000,1250000,2400000,1750000,3300000
apple-iphone-14-plus,iPhone 14 Plus,phone,apple,screen,Thay màn hình hiển thị,0,NO_SOURCE,1600000,3200000,2100000,4200000,2900000,5800000
apple-iphone-14-plus,iPhone 14 Plus,phone,apple,glass-press,Ép mặt kính / Kính cảm ứng,0,NO_SOURCE,580000,1150000,750000,1500000,1050000,2050000
apple-iphone-14-plus,iPhone 14 Plus,phone,apple,battery,Thay pin dung lượng cao / Pin Zin,0,NO_SOURCE,520000,980000,670000,1250000,930000,1750000
apple-iphone-14-plus,iPhone 14 Plus,phone,apple,charging-port,Sửa chân sạc / Cổng kết nối,0,NO_SOURCE,400000,750000,520000,970000,720000,1350000
apple-iphone-14-plus,iPhone 14 Plus,phone,apple,water-damage,Cấp cứu máy vô nước / Rớt nước,0,NO_SOURCE,520000,1100000,670000,1400000,930000,1950000
apple-iphone-14-plus,iPhone 14 Plus,phone,apple,mainboard,Sửa mất nguồn / Lỗi Mainboard,0,NO_SOURCE,920000,2550000,1200000,3300000,1650000,4550000
apple-iphone-14-plus,iPhone 14 Plus,phone,apple,camera,Thay camera trước / sau,0,NO_SOURCE,690000,1700000,900000,2250000,1250000,3100000
apple-iphone-14-plus,iPhone 14 Plus,phone,apple,speaker,Loa trong / Loa ngoài rè,0,NO_SOURCE,340000,690000,450000,900000,620000,1250000
apple-iphone-14-plus,iPhone 14 Plus,phone,apple,mic,Hỏng Micro (Nói không nghe),0,NO_SOURCE,340000,630000,450000,820000,620000,1150000
apple-iphone-14-plus,iPhone 14 Plus,phone,apple,back-glass,Thay kính lưng / Bắn laser lưng,0,NO_SOURCE,460000,920000,600000,1200000,830000,1650000
apple-iphone-14-plus,iPhone 14 Plus,phone,apple,data-recovery,Cứu dữ liệu ổ cứng & Bo mạch,0,NO_SOURCE,690000,2050000,900000,2700000,1250000,3750000
apple-iphone-14-plus,iPhone 14 Plus,phone,apple,diagnostic,Kiểm tra chẩn đoán toàn diện,0,NO_SOURCE,0,0,0,0,0,0
apple-iphone-14-plus,iPhone 14 Plus,phone,apple,face-id,Sửa Face ID / Cảm biến tiệm cận,0,NO_SOURCE,750000,1400000,970000,1800000,1350000,2500000
apple-iphone-14,iPhone 14,phone,apple,screen,Thay màn hình hiển thị,3,SOURCE_LISTED,1600000,3200000,2100000,4200000,2900000,5800000
apple-iphone-14,iPhone 14,phone,apple,glass-press,Ép mặt kính / Kính cảm ứng,0,NO_SOURCE,580000,1150000,750000,1500000,1050000,2050000
apple-iphone-14,iPhone 14,phone,apple,battery,Thay pin dung lượng cao / Pin Zin,2,SOURCE_LISTED,520000,980000,670000,1250000,930000,1750000
apple-iphone-14,iPhone 14,phone,apple,charging-port,Sửa chân sạc / Cổng kết nối,0,NO_SOURCE,400000,750000,520000,970000,720000,1350000
apple-iphone-14,iPhone 14,phone,apple,water-damage,Cấp cứu máy vô nước / Rớt nước,0,NO_SOURCE,520000,1100000,670000,1400000,930000,1950000
apple-iphone-14,iPhone 14,phone,apple,mainboard,Sửa mất nguồn / Lỗi Mainboard,0,NO_SOURCE,920000,2550000,1200000,3300000,1650000,4550000
apple-iphone-14,iPhone 14,phone,apple,camera,Thay camera trước / sau,0,NO_SOURCE,690000,1700000,900000,2250000,1250000,3100000
apple-iphone-14,iPhone 14,phone,apple,speaker,Loa trong / Loa ngoài rè,0,NO_SOURCE,340000,690000,450000,900000,620000,1250000
apple-iphone-14,iPhone 14,phone,apple,mic,Hỏng Micro (Nói không nghe),0,NO_SOURCE,340000,630000,450000,820000,620000,1150000
apple-iphone-14,iPhone 14,phone,apple,back-glass,Thay kính lưng / Bắn laser lưng,0,NO_SOURCE,460000,920000,600000,1200000,830000,1650000
apple-iphone-14,iPhone 14,phone,apple,data-recovery,Cứu dữ liệu ổ cứng & Bo mạch,0,NO_SOURCE,690000,2050000,900000,2700000,1250000,3750000
apple-iphone-14,iPhone 14,phone,apple,diagnostic,Kiểm tra chẩn đoán toàn diện,0,NO_SOURCE,0,0,0,0,0,0
apple-iphone-14,iPhone 14,phone,apple,face-id,Sửa Face ID / Cảm biến tiệm cận,0,NO_SOURCE,750000,1400000,970000,1800000,1350000,2500000
apple-iphone-13-pro-max,iPhone 13 Pro Max,phone,apple,screen,Thay màn hình hiển thị,0,NO_SOURCE,2500000,3200000,3800000,4800000,6500000,7800000
apple-iphone-13-pro-max,iPhone 13 Pro Max,phone,apple,glass-press,Ép mặt kính / Kính cảm ứng,0,NO_SOURCE,920000,1850000,1200000,2400000,1650000,3300000
apple-iphone-13-pro-max,iPhone 13 Pro Max,phone,apple,battery,Thay pin dung lượng cao / Pin Zin,0,NO_SOURCE,750000,1450000,970000,1850000,1350000,2600000
apple-iphone-13-pro-max,iPhone 13 Pro Max,phone,apple,charging-port,Sửa chân sạc / Cổng kết nối,0,NO_SOURCE,580000,1100000,750000,1400000,1050000,1950000
apple-iphone-13-pro-max,iPhone 13 Pro Max,phone,apple,water-damage,Cấp cứu máy vô nước / Rớt nước,0,NO_SOURCE,690000,1600000,900000,2100000,1250000,2900000
apple-iphone-13-pro-max,iPhone 13 Pro Max,phone,apple,mainboard,Sửa mất nguồn / Lỗi Mainboard,0,NO_SOURCE,1400000,3700000,1800000,4800000,2500000,6600000
apple-iphone-13-pro-max,iPhone 13 Pro Max,phone,apple,camera,Thay camera trước / sau,0,NO_SOURCE,1100000,2750000,1400000,3600000,1950000,4950000
apple-iphone-13-pro-max,iPhone 13 Pro Max,phone,apple,speaker,Loa trong / Loa ngoài rè,0,NO_SOURCE,460000,980000,600000,1250000,830000,1750000
apple-iphone-13-pro-max,iPhone 13 Pro Max,phone,apple,mic,Hỏng Micro (Nói không nghe),0,NO_SOURCE,460000,920000,600000,1200000,830000,1650000
apple-iphone-13-pro-max,iPhone 13 Pro Max,phone,apple,back-glass,Thay kính lưng / Bắn laser lưng,0,NO_SOURCE,750000,1500000,970000,1950000,1350000,2700000
apple-iphone-13-pro-max,iPhone 13 Pro Max,phone,apple,data-recovery,Cứu dữ liệu ổ cứng & Bo mạch,0,NO_SOURCE,920000,2900000,1200000,3750000,1650000,5200000
apple-iphone-13-pro-max,iPhone 13 Pro Max,phone,apple,diagnostic,Kiểm tra chẩn đoán toàn diện,0,NO_SOURCE,0,0,0,0,0,0
apple-iphone-13-pro-max,iPhone 13 Pro Max,phone,apple,face-id,Sửa Face ID / Cảm biến tiệm cận,0,NO_SOURCE,850000,1200000,1300000,1650000,1900000,2400000
apple-iphone-13-pro,iPhone 13 Pro,phone,apple,screen,Thay màn hình hiển thị,0,NO_SOURCE,2750000,5500000,3600000,7200000,4950000,9950000
apple-iphone-13-pro,iPhone 13 Pro,phone,apple,glass-press,Ép mặt kính / Kính cảm ứng,0,NO_SOURCE,920000,1850000,1200000,2400000,1650000,3300000
apple-iphone-13-pro,iPhone 13 Pro,phone,apple,battery,Thay pin dung lượng cao / Pin Zin,0,NO_SOURCE,750000,1450000,970000,1850000,1350000,2600000
apple-iphone-13-pro,iPhone 13 Pro,phone,apple,charging-port,Sửa chân sạc / Cổng kết nối,0,NO_SOURCE,580000,1100000,750000,1400000,1050000,1950000
apple-iphone-13-pro,iPhone 13 Pro,phone,apple,water-damage,Cấp cứu máy vô nước / Rớt nước,0,NO_SOURCE,690000,1600000,900000,2100000,1250000,2900000
apple-iphone-13-pro,iPhone 13 Pro,phone,apple,mainboard,Sửa mất nguồn / Lỗi Mainboard,0,NO_SOURCE,1400000,3700000,1800000,4800000,2500000,6600000
apple-iphone-13-pro,iPhone 13 Pro,phone,apple,camera,Thay camera trước / sau,0,NO_SOURCE,1100000,2750000,1400000,3600000,1950000,4950000
apple-iphone-13-pro,iPhone 13 Pro,phone,apple,speaker,Loa trong / Loa ngoài rè,0,NO_SOURCE,460000,980000,600000,1250000,830000,1750000
apple-iphone-13-pro,iPhone 13 Pro,phone,apple,mic,Hỏng Micro (Nói không nghe),0,NO_SOURCE,460000,920000,600000,1200000,830000,1650000
apple-iphone-13-pro,iPhone 13 Pro,phone,apple,back-glass,Thay kính lưng / Bắn laser lưng,0,NO_SOURCE,750000,1500000,970000,1950000,1350000,2700000
apple-iphone-13-pro,iPhone 13 Pro,phone,apple,data-recovery,Cứu dữ liệu ổ cứng & Bo mạch,0,NO_SOURCE,920000,2900000,1200000,3750000,1650000,5200000
apple-iphone-13-pro,iPhone 13 Pro,phone,apple,diagnostic,Kiểm tra chẩn đoán toàn diện,0,NO_SOURCE,0,0,0,0,0,0
apple-iphone-13-pro,iPhone 13 Pro,phone,apple,face-id,Sửa Face ID / Cảm biến tiệm cận,0,NO_SOURCE,980000,1850000,1250000,2400000,1750000,3300000
apple-iphone-13,iPhone 13,phone,apple,screen,Thay màn hình hiển thị,4,SOURCE_LISTED,1600000,3200000,2100000,4200000,2900000,5800000
apple-iphone-13,iPhone 13,phone,apple,glass-press,Ép mặt kính / Kính cảm ứng,0,NO_SOURCE,580000,1150000,750000,1500000,1050000,2050000
apple-iphone-13,iPhone 13,phone,apple,battery,Thay pin dung lượng cao / Pin Zin,4,SOURCE_LISTED,520000,980000,670000,1250000,930000,1750000
apple-iphone-13,iPhone 13,phone,apple,charging-port,Sửa chân sạc / Cổng kết nối,0,NO_SOURCE,400000,750000,520000,970000,720000,1350000
apple-iphone-13,iPhone 13,phone,apple,water-damage,Cấp cứu máy vô nước / Rớt nước,0,NO_SOURCE,520000,1100000,670000,1400000,930000,1950000
apple-iphone-13,iPhone 13,phone,apple,mainboard,Sửa mất nguồn / Lỗi Mainboard,0,NO_SOURCE,920000,2550000,1200000,3300000,1650000,4550000
apple-iphone-13,iPhone 13,phone,apple,camera,Thay camera trước / sau,0,NO_SOURCE,690000,1700000,900000,2250000,1250000,3100000
apple-iphone-13,iPhone 13,phone,apple,speaker,Loa trong / Loa ngoài rè,0,NO_SOURCE,340000,690000,450000,900000,620000,1250000
apple-iphone-13,iPhone 13,phone,apple,mic,Hỏng Micro (Nói không nghe),0,NO_SOURCE,340000,630000,450000,820000,620000,1150000
apple-iphone-13,iPhone 13,phone,apple,back-glass,Thay kính lưng / Bắn laser lưng,0,NO_SOURCE,460000,920000,600000,1200000,830000,1650000
apple-iphone-13,iPhone 13,phone,apple,data-recovery,Cứu dữ liệu ổ cứng & Bo mạch,0,NO_SOURCE,690000,2050000,900000,2700000,1250000,3750000
apple-iphone-13,iPhone 13,phone,apple,diagnostic,Kiểm tra chẩn đoán toàn diện,0,NO_SOURCE,0,0,0,0,0,0
apple-iphone-13,iPhone 13,phone,apple,face-id,Sửa Face ID / Cảm biến tiệm cận,0,NO_SOURCE,750000,1400000,970000,1800000,1350000,2500000
apple-iphone-13-mini,iPhone 13 mini,phone,apple,screen,Thay màn hình hiển thị,0,NO_SOURCE,1600000,3200000,2100000,4200000,2900000,5800000
apple-iphone-13-mini,iPhone 13 mini,phone,apple,glass-press,Ép mặt kính / Kính cảm ứng,0,NO_SOURCE,580000,1150000,750000,1500000,1050000,2050000
apple-iphone-13-mini,iPhone 13 mini,phone,apple,battery,Thay pin dung lượng cao / Pin Zin,0,NO_SOURCE,520000,980000,670000,1250000,930000,1750000
apple-iphone-13-mini,iPhone 13 mini,phone,apple,charging-port,Sửa chân sạc / Cổng kết nối,0,NO_SOURCE,400000,750000,520000,970000,720000,1350000
apple-iphone-13-mini,iPhone 13 mini,phone,apple,water-damage,Cấp cứu máy vô nước / Rớt nước,0,NO_SOURCE,520000,1100000,670000,1400000,930000,1950000
apple-iphone-13-mini,iPhone 13 mini,phone,apple,mainboard,Sửa mất nguồn / Lỗi Mainboard,0,NO_SOURCE,920000,2550000,1200000,3300000,1650000,4550000
apple-iphone-13-mini,iPhone 13 mini,phone,apple,camera,Thay camera trước / sau,0,NO_SOURCE,690000,1700000,900000,2250000,1250000,3100000
apple-iphone-13-mini,iPhone 13 mini,phone,apple,speaker,Loa trong / Loa ngoài rè,0,NO_SOURCE,340000,690000,450000,900000,620000,1250000
apple-iphone-13-mini,iPhone 13 mini,phone,apple,mic,Hỏng Micro (Nói không nghe),0,NO_SOURCE,340000,630000,450000,820000,620000,1150000
apple-iphone-13-mini,iPhone 13 mini,phone,apple,back-glass,Thay kính lưng / Bắn laser lưng,0,NO_SOURCE,460000,920000,600000,1200000,830000,1650000
apple-iphone-13-mini,iPhone 13 mini,phone,apple,data-recovery,Cứu dữ liệu ổ cứng & Bo mạch,0,NO_SOURCE,690000,2050000,900000,2700000,1250000,3750000
apple-iphone-13-mini,iPhone 13 mini,phone,apple,diagnostic,Kiểm tra chẩn đoán toàn diện,0,NO_SOURCE,0,0,0,0,0,0
apple-iphone-13-mini,iPhone 13 mini,phone,apple,face-id,Sửa Face ID / Cảm biến tiệm cận,0,NO_SOURCE,750000,1400000,970000,1800000,1350000,2500000
apple-iphone-12-pro-max,iPhone 12 Pro Max,phone,apple,screen,Thay màn hình hiển thị,0,NO_SOURCE,1600000,3200000,2100000,4200000,2900000,5800000
apple-iphone-12-pro-max,iPhone 12 Pro Max,phone,apple,glass-press,Ép mặt kính / Kính cảm ứng,0,NO_SOURCE,580000,1150000,750000,1500000,1050000,2050000
apple-iphone-12-pro-max,iPhone 12 Pro Max,phone,apple,battery,Thay pin dung lượng cao / Pin Zin,0,NO_SOURCE,520000,980000,670000,1250000,930000,1750000
apple-iphone-12-pro-max,iPhone 12 Pro Max,phone,apple,charging-port,Sửa chân sạc / Cổng kết nối,0,NO_SOURCE,400000,750000,520000,970000,720000,1350000
apple-iphone-12-pro-max,iPhone 12 Pro Max,phone,apple,water-damage,Cấp cứu máy vô nước / Rớt nước,0,NO_SOURCE,520000,1100000,670000,1400000,930000,1950000
apple-iphone-12-pro-max,iPhone 12 Pro Max,phone,apple,mainboard,Sửa mất nguồn / Lỗi Mainboard,0,NO_SOURCE,920000,2550000,1200000,3300000,1650000,4550000
apple-iphone-12-pro-max,iPhone 12 Pro Max,phone,apple,camera,Thay camera trước / sau,0,NO_SOURCE,690000,1700000,900000,2250000,1250000,3100000
apple-iphone-12-pro-max,iPhone 12 Pro Max,phone,apple,speaker,Loa trong / Loa ngoài rè,0,NO_SOURCE,340000,690000,450000,900000,620000,1250000
apple-iphone-12-pro-max,iPhone 12 Pro Max,phone,apple,mic,Hỏng Micro (Nói không nghe),0,NO_SOURCE,340000,630000,450000,820000,620000,1150000
apple-iphone-12-pro-max,iPhone 12 Pro Max,phone,apple,back-glass,Thay kính lưng / Bắn laser lưng,0,NO_SOURCE,460000,920000,600000,1200000,830000,1650000
apple-iphone-12-pro-max,iPhone 12 Pro Max,phone,apple,data-recovery,Cứu dữ liệu ổ cứng & Bo mạch,0,NO_SOURCE,690000,2050000,900000,2700000,1250000,3750000
apple-iphone-12-pro-max,iPhone 12 Pro Max,phone,apple,diagnostic,Kiểm tra chẩn đoán toàn diện,0,NO_SOURCE,0,0,0,0,0,0
apple-iphone-12-pro-max,iPhone 12 Pro Max,phone,apple,face-id,Sửa Face ID / Cảm biến tiệm cận,0,NO_SOURCE,750000,1400000,970000,1800000,1350000,2500000
apple-iphone-12-pro,iPhone 12 Pro,phone,apple,screen,Thay màn hình hiển thị,0,NO_SOURCE,1600000,3200000,2100000,4200000,2900000,5800000
apple-iphone-12-pro,iPhone 12 Pro,phone,apple,glass-press,Ép mặt kính / Kính cảm ứng,0,NO_SOURCE,580000,1150000,750000,1500000,1050000,2050000
apple-iphone-12-pro,iPhone 12 Pro,phone,apple,battery,Thay pin dung lượng cao / Pin Zin,0,NO_SOURCE,520000,980000,670000,1250000,930000,1750000
apple-iphone-12-pro,iPhone 12 Pro,phone,apple,charging-port,Sửa chân sạc / Cổng kết nối,0,NO_SOURCE,400000,750000,520000,970000,720000,1350000
apple-iphone-12-pro,iPhone 12 Pro,phone,apple,water-damage,Cấp cứu máy vô nước / Rớt nước,0,NO_SOURCE,520000,1100000,670000,1400000,930000,1950000
apple-iphone-12-pro,iPhone 12 Pro,phone,apple,mainboard,Sửa mất nguồn / Lỗi Mainboard,0,NO_SOURCE,920000,2550000,1200000,3300000,1650000,4550000
apple-iphone-12-pro,iPhone 12 Pro,phone,apple,camera,Thay camera trước / sau,0,NO_SOURCE,690000,1700000,900000,2250000,1250000,3100000
apple-iphone-12-pro,iPhone 12 Pro,phone,apple,speaker,Loa trong / Loa ngoài rè,0,NO_SOURCE,340000,690000,450000,900000,620000,1250000
apple-iphone-12-pro,iPhone 12 Pro,phone,apple,mic,Hỏng Micro (Nói không nghe),0,NO_SOURCE,340000,630000,450000,820000,620000,1150000
apple-iphone-12-pro,iPhone 12 Pro,phone,apple,back-glass,Thay kính lưng / Bắn laser lưng,0,NO_SOURCE,460000,920000,600000,1200000,830000,1650000
apple-iphone-12-pro,iPhone 12 Pro,phone,apple,data-recovery,Cứu dữ liệu ổ cứng & Bo mạch,0,NO_SOURCE,690000,2050000,900000,2700000,1250000,3750000
apple-iphone-12-pro,iPhone 12 Pro,phone,apple,diagnostic,Kiểm tra chẩn đoán toàn diện,0,NO_SOURCE,0,0,0,0,0,0
apple-iphone-12-pro,iPhone 12 Pro,phone,apple,face-id,Sửa Face ID / Cảm biến tiệm cận,0,NO_SOURCE,750000,1400000,970000,1800000,1350000,2500000
apple-iphone-12,iPhone 12,phone,apple,screen,Thay màn hình hiển thị,4,SOURCE_LISTED,1600000,3200000,2100000,4200000,2900000,5800000
apple-iphone-12,iPhone 12,phone,apple,glass-press,Ép mặt kính / Kính cảm ứng,0,NO_SOURCE,580000,1150000,750000,1500000,1050000,2050000
apple-iphone-12,iPhone 12,phone,apple,battery,Thay pin dung lượng cao / Pin Zin,0,NO_SOURCE,520000,980000,670000,1250000,930000,1750000
apple-iphone-12,iPhone 12,phone,apple,charging-port,Sửa chân sạc / Cổng kết nối,0,NO_SOURCE,400000,750000,520000,970000,720000,1350000
apple-iphone-12,iPhone 12,phone,apple,water-damage,Cấp cứu máy vô nước / Rớt nước,0,NO_SOURCE,520000,1100000,670000,1400000,930000,1950000
apple-iphone-12,iPhone 12,phone,apple,mainboard,Sửa mất nguồn / Lỗi Mainboard,0,NO_SOURCE,920000,2550000,1200000,3300000,1650000,4550000
apple-iphone-12,iPhone 12,phone,apple,camera,Thay camera trước / sau,0,NO_SOURCE,690000,1700000,900000,2250000,1250000,3100000
apple-iphone-12,iPhone 12,phone,apple,speaker,Loa trong / Loa ngoài rè,0,NO_SOURCE,340000,690000,450000,900000,620000,1250000
apple-iphone-12,iPhone 12,phone,apple,mic,Hỏng Micro (Nói không nghe),0,NO_SOURCE,340000,630000,450000,820000,620000,1150000
apple-iphone-12,iPhone 12,phone,apple,back-glass,Thay kính lưng / Bắn laser lưng,0,NO_SOURCE,460000,920000,600000,1200000,830000,1650000
apple-iphone-12,iPhone 12,phone,apple,data-recovery,Cứu dữ liệu ổ cứng & Bo mạch,0,NO_SOURCE,690000,2050000,900000,2700000,1250000,3750000
apple-iphone-12,iPhone 12,phone,apple,diagnostic,Kiểm tra chẩn đoán toàn diện,0,NO_SOURCE,0,0,0,0,0,0
apple-iphone-12,iPhone 12,phone,apple,face-id,Sửa Face ID / Cảm biến tiệm cận,0,NO_SOURCE,750000,1400000,970000,1800000,1350000,2500000
apple-iphone-12-mini,iPhone 12 mini,phone,apple,screen,Thay màn hình hiển thị,0,NO_SOURCE,800000,1850000,1050000,2400000,1450000,3300000
apple-iphone-12-mini,iPhone 12 mini,phone,apple,glass-press,Ép mặt kính / Kính cảm ứng,0,NO_SOURCE,340000,690000,450000,900000,620000,1250000
apple-iphone-12-mini,iPhone 12 mini,phone,apple,battery,Thay pin dung lượng cao / Pin Zin,0,NO_SOURCE,340000,630000,450000,820000,620000,1150000
apple-iphone-12-mini,iPhone 12 mini,phone,apple,charging-port,Sửa chân sạc / Cổng kết nối,0,NO_SOURCE,290000,520000,370000,670000,520000,930000
apple-iphone-12-mini,iPhone 12 mini,phone,apple,water-damage,Cấp cứu máy vô nước / Rớt nước,0,NO_SOURCE,340000,690000,450000,900000,620000,1250000
apple-iphone-12-mini,iPhone 12 mini,phone,apple,mainboard,Sửa mất nguồn / Lỗi Mainboard,0,NO_SOURCE,580000,1400000,750000,1800000,1050000,2500000
apple-iphone-12-mini,iPhone 12 mini,phone,apple,camera,Thay camera trước / sau,0,NO_SOURCE,400000,920000,520000,1200000,720000,1650000
apple-iphone-12-mini,iPhone 12 mini,phone,apple,speaker,Loa trong / Loa ngoài rè,0,NO_SOURCE,230000,460000,300000,600000,410000,830000
apple-iphone-12-mini,iPhone 12 mini,phone,apple,mic,Hỏng Micro (Nói không nghe),0,NO_SOURCE,230000,440000,300000,570000,410000,790000
apple-iphone-12-mini,iPhone 12 mini,phone,apple,back-glass,Thay kính lưng / Bắn laser lưng,0,NO_SOURCE,290000,580000,370000,750000,520000,1050000
apple-iphone-12-mini,iPhone 12 mini,phone,apple,data-recovery,Cứu dữ liệu ổ cứng & Bo mạch,0,NO_SOURCE,460000,1400000,600000,1800000,830000,2500000
apple-iphone-12-mini,iPhone 12 mini,phone,apple,diagnostic,Kiểm tra chẩn đoán toàn diện,0,NO_SOURCE,0,0,0,0,0,0
apple-iphone-12-mini,iPhone 12 mini,phone,apple,face-id,Sửa Face ID / Cảm biến tiệm cận,0,NO_SOURCE,520000,980000,670000,1250000,930000,1750000
apple-iphone-11-pro-max,iPhone 11 Pro Max,phone,apple,screen,Thay màn hình hiển thị,0,NO_SOURCE,800000,1850000,1050000,2400000,1450000,3300000
apple-iphone-11-pro-max,iPhone 11 Pro Max,phone,apple,glass-press,Ép mặt kính / Kính cảm ứng,0,NO_SOURCE,340000,690000,450000,900000,620000,1250000
apple-iphone-11-pro-max,iPhone 11 Pro Max,phone,apple,battery,Thay pin dung lượng cao / Pin Zin,0,NO_SOURCE,340000,630000,450000,820000,620000,1150000
apple-iphone-11-pro-max,iPhone 11 Pro Max,phone,apple,charging-port,Sửa chân sạc / Cổng kết nối,0,NO_SOURCE,290000,520000,370000,670000,520000,930000
apple-iphone-11-pro-max,iPhone 11 Pro Max,phone,apple,water-damage,Cấp cứu máy vô nước / Rớt nước,0,NO_SOURCE,340000,690000,450000,900000,620000,1250000
apple-iphone-11-pro-max,iPhone 11 Pro Max,phone,apple,mainboard,Sửa mất nguồn / Lỗi Mainboard,0,NO_SOURCE,580000,1400000,750000,1800000,1050000,2500000
apple-iphone-11-pro-max,iPhone 11 Pro Max,phone,apple,camera,Thay camera trước / sau,0,NO_SOURCE,400000,920000,520000,1200000,720000,1650000
apple-iphone-11-pro-max,iPhone 11 Pro Max,phone,apple,speaker,Loa trong / Loa ngoài rè,0,NO_SOURCE,230000,460000,300000,600000,410000,830000
apple-iphone-11-pro-max,iPhone 11 Pro Max,phone,apple,mic,Hỏng Micro (Nói không nghe),0,NO_SOURCE,230000,440000,300000,570000,410000,790000
apple-iphone-11-pro-max,iPhone 11 Pro Max,phone,apple,back-glass,Thay kính lưng / Bắn laser lưng,0,NO_SOURCE,290000,580000,370000,750000,520000,1050000
apple-iphone-11-pro-max,iPhone 11 Pro Max,phone,apple,data-recovery,Cứu dữ liệu ổ cứng & Bo mạch,0,NO_SOURCE,460000,1400000,600000,1800000,830000,2500000
apple-iphone-11-pro-max,iPhone 11 Pro Max,phone,apple,diagnostic,Kiểm tra chẩn đoán toàn diện,0,NO_SOURCE,0,0,0,0,0,0
apple-iphone-11-pro-max,iPhone 11 Pro Max,phone,apple,face-id,Sửa Face ID / Cảm biến tiệm cận,0,NO_SOURCE,520000,980000,670000,1250000,930000,1750000
apple-iphone-11-pro,iPhone 11 Pro,phone,apple,screen,Thay màn hình hiển thị,0,NO_SOURCE,800000,1850000,1050000,2400000,1450000,3300000
apple-iphone-11-pro,iPhone 11 Pro,phone,apple,glass-press,Ép mặt kính / Kính cảm ứng,0,NO_SOURCE,340000,690000,450000,900000,620000,1250000
apple-iphone-11-pro,iPhone 11 Pro,phone,apple,battery,Thay pin dung lượng cao / Pin Zin,0,NO_SOURCE,340000,630000,450000,820000,620000,1150000
apple-iphone-11-pro,iPhone 11 Pro,phone,apple,charging-port,Sửa chân sạc / Cổng kết nối,0,NO_SOURCE,290000,520000,370000,670000,520000,930000
apple-iphone-11-pro,iPhone 11 Pro,phone,apple,water-damage,Cấp cứu máy vô nước / Rớt nước,0,NO_SOURCE,340000,690000,450000,900000,620000,1250000
apple-iphone-11-pro,iPhone 11 Pro,phone,apple,mainboard,Sửa mất nguồn / Lỗi Mainboard,0,NO_SOURCE,580000,1400000,750000,1800000,1050000,2500000
apple-iphone-11-pro,iPhone 11 Pro,phone,apple,camera,Thay camera trước / sau,0,NO_SOURCE,400000,920000,520000,1200000,720000,1650000
apple-iphone-11-pro,iPhone 11 Pro,phone,apple,speaker,Loa trong / Loa ngoài rè,0,NO_SOURCE,230000,460000,300000,600000,410000,830000
apple-iphone-11-pro,iPhone 11 Pro,phone,apple,mic,Hỏng Micro (Nói không nghe),0,NO_SOURCE,230000,440000,300000,570000,410000,790000
apple-iphone-11-pro,iPhone 11 Pro,phone,apple,back-glass,Thay kính lưng / Bắn laser lưng,0,NO_SOURCE,290000,580000,370000,750000,520000,1050000
apple-iphone-11-pro,iPhone 11 Pro,phone,apple,data-recovery,Cứu dữ liệu ổ cứng & Bo mạch,0,NO_SOURCE,460000,1400000,600000,1800000,830000,2500000
apple-iphone-11-pro,iPhone 11 Pro,phone,apple,diagnostic,Kiểm tra chẩn đoán toàn diện,0,NO_SOURCE,0,0,0,0,0,0
apple-iphone-11-pro,iPhone 11 Pro,phone,apple,face-id,Sửa Face ID / Cảm biến tiệm cận,0,NO_SOURCE,520000,980000,670000,1250000,930000,1750000
apple-iphone-11,iPhone 11,phone,apple,screen,Thay màn hình hiển thị,2,SOURCE_LISTED,800000,1850000,1050000,2400000,1450000,3300000
apple-iphone-11,iPhone 11,phone,apple,glass-press,Ép mặt kính / Kính cảm ứng,0,NO_SOURCE,340000,690000,450000,900000,620000,1250000
apple-iphone-11,iPhone 11,phone,apple,battery,Thay pin dung lượng cao / Pin Zin,4,SOURCE_LISTED,340000,630000,450000,820000,620000,1150000
apple-iphone-11,iPhone 11,phone,apple,charging-port,Sửa chân sạc / Cổng kết nối,0,NO_SOURCE,290000,520000,370000,670000,520000,930000
apple-iphone-11,iPhone 11,phone,apple,water-damage,Cấp cứu máy vô nước / Rớt nước,0,NO_SOURCE,340000,690000,450000,900000,620000,1250000
apple-iphone-11,iPhone 11,phone,apple,mainboard,Sửa mất nguồn / Lỗi Mainboard,0,NO_SOURCE,580000,1400000,750000,1800000,1050000,2500000
apple-iphone-11,iPhone 11,phone,apple,camera,Thay camera trước / sau,0,NO_SOURCE,400000,920000,520000,1200000,720000,1650000
apple-iphone-11,iPhone 11,phone,apple,speaker,Loa trong / Loa ngoài rè,0,NO_SOURCE,230000,460000,300000,600000,410000,830000
apple-iphone-11,iPhone 11,phone,apple,mic,Hỏng Micro (Nói không nghe),0,NO_SOURCE,230000,440000,300000,570000,410000,790000
apple-iphone-11,iPhone 11,phone,apple,back-glass,Thay kính lưng / Bắn laser lưng,0,NO_SOURCE,290000,580000,370000,750000,520000,1050000
apple-iphone-11,iPhone 11,phone,apple,data-recovery,Cứu dữ liệu ổ cứng & Bo mạch,0,NO_SOURCE,460000,1400000,600000,1800000,830000,2500000
apple-iphone-11,iPhone 11,phone,apple,diagnostic,Kiểm tra chẩn đoán toàn diện,0,NO_SOURCE,0,0,0,0,0,0
apple-iphone-11,iPhone 11,phone,apple,face-id,Sửa Face ID / Cảm biến tiệm cận,0,NO_SOURCE,520000,980000,670000,1250000,930000,1750000
apple-iphone-xs-max,iPhone XS Max,phone,apple,screen,Thay màn hình hiển thị,0,NO_SOURCE,800000,1850000,1050000,2400000,1450000,3300000
apple-iphone-xs-max,iPhone XS Max,phone,apple,glass-press,Ép mặt kính / Kính cảm ứng,0,NO_SOURCE,340000,690000,450000,900000,620000,1250000
apple-iphone-xs-max,iPhone XS Max,phone,apple,battery,Thay pin dung lượng cao / Pin Zin,0,NO_SOURCE,340000,630000,450000,820000,620000,1150000
apple-iphone-xs-max,iPhone XS Max,phone,apple,charging-port,Sửa chân sạc / Cổng kết nối,0,NO_SOURCE,290000,520000,370000,670000,520000,930000
apple-iphone-xs-max,iPhone XS Max,phone,apple,water-damage,Cấp cứu máy vô nước / Rớt nước,0,NO_SOURCE,340000,690000,450000,900000,620000,1250000
apple-iphone-xs-max,iPhone XS Max,phone,apple,mainboard,Sửa mất nguồn / Lỗi Mainboard,0,NO_SOURCE,580000,1400000,750000,1800000,1050000,2500000
apple-iphone-xs-max,iPhone XS Max,phone,apple,camera,Thay camera trước / sau,0,NO_SOURCE,400000,920000,520000,1200000,720000,1650000
apple-iphone-xs-max,iPhone XS Max,phone,apple,speaker,Loa trong / Loa ngoài rè,0,NO_SOURCE,230000,460000,300000,600000,410000,830000
apple-iphone-xs-max,iPhone XS Max,phone,apple,mic,Hỏng Micro (Nói không nghe),0,NO_SOURCE,230000,440000,300000,570000,410000,790000
apple-iphone-xs-max,iPhone XS Max,phone,apple,back-glass,Thay kính lưng / Bắn laser lưng,0,NO_SOURCE,290000,580000,370000,750000,520000,1050000
apple-iphone-xs-max,iPhone XS Max,phone,apple,data-recovery,Cứu dữ liệu ổ cứng & Bo mạch,0,NO_SOURCE,460000,1400000,600000,1800000,830000,2500000
apple-iphone-xs-max,iPhone XS Max,phone,apple,diagnostic,Kiểm tra chẩn đoán toàn diện,0,NO_SOURCE,0,0,0,0,0,0
apple-iphone-xs-max,iPhone XS Max,phone,apple,face-id,Sửa Face ID / Cảm biến tiệm cận,0,NO_SOURCE,520000,980000,670000,1250000,930000,1750000
apple-iphone-xs,iPhone XS,phone,apple,screen,Thay màn hình hiển thị,0,NO_SOURCE,800000,1850000,1050000,2400000,1450000,3300000
apple-iphone-xs,iPhone XS,phone,apple,glass-press,Ép mặt kính / Kính cảm ứng,0,NO_SOURCE,340000,690000,450000,900000,620000,1250000
apple-iphone-xs,iPhone XS,phone,apple,battery,Thay pin dung lượng cao / Pin Zin,0,NO_SOURCE,340000,630000,450000,820000,620000,1150000
apple-iphone-xs,iPhone XS,phone,apple,charging-port,Sửa chân sạc / Cổng kết nối,0,NO_SOURCE,290000,520000,370000,670000,520000,930000
apple-iphone-xs,iPhone XS,phone,apple,water-damage,Cấp cứu máy vô nước / Rớt nước,0,NO_SOURCE,340000,690000,450000,900000,620000,1250000
apple-iphone-xs,iPhone XS,phone,apple,mainboard,Sửa mất nguồn / Lỗi Mainboard,0,NO_SOURCE,580000,1400000,750000,1800000,1050000,2500000
apple-iphone-xs,iPhone XS,phone,apple,camera,Thay camera trước / sau,0,NO_SOURCE,400000,920000,520000,1200000,720000,1650000
apple-iphone-xs,iPhone XS,phone,apple,speaker,Loa trong / Loa ngoài rè,0,NO_SOURCE,230000,460000,300000,600000,410000,830000
apple-iphone-xs,iPhone XS,phone,apple,mic,Hỏng Micro (Nói không nghe),0,NO_SOURCE,230000,440000,300000,570000,410000,790000
apple-iphone-xs,iPhone XS,phone,apple,back-glass,Thay kính lưng / Bắn laser lưng,0,NO_SOURCE,290000,580000,370000,750000,520000,1050000
apple-iphone-xs,iPhone XS,phone,apple,data-recovery,Cứu dữ liệu ổ cứng & Bo mạch,0,NO_SOURCE,460000,1400000,600000,1800000,830000,2500000
apple-iphone-xs,iPhone XS,phone,apple,diagnostic,Kiểm tra chẩn đoán toàn diện,0,NO_SOURCE,0,0,0,0,0,0
apple-iphone-xs,iPhone XS,phone,apple,face-id,Sửa Face ID / Cảm biến tiệm cận,0,NO_SOURCE,520000,980000,670000,1250000,930000,1750000
apple-iphone-xr,iPhone XR,phone,apple,screen,Thay màn hình hiển thị,0,NO_SOURCE,800000,1850000,1050000,2400000,1450000,3300000
apple-iphone-xr,iPhone XR,phone,apple,glass-press,Ép mặt kính / Kính cảm ứng,0,NO_SOURCE,340000,690000,450000,900000,620000,1250000
apple-iphone-xr,iPhone XR,phone,apple,battery,Thay pin dung lượng cao / Pin Zin,0,NO_SOURCE,340000,630000,450000,820000,620000,1150000
apple-iphone-xr,iPhone XR,phone,apple,charging-port,Sửa chân sạc / Cổng kết nối,0,NO_SOURCE,290000,520000,370000,670000,520000,930000
apple-iphone-xr,iPhone XR,phone,apple,water-damage,Cấp cứu máy vô nước / Rớt nước,0,NO_SOURCE,340000,690000,450000,900000,620000,1250000
apple-iphone-xr,iPhone XR,phone,apple,mainboard,Sửa mất nguồn / Lỗi Mainboard,0,NO_SOURCE,580000,1400000,750000,1800000,1050000,2500000
apple-iphone-xr,iPhone XR,phone,apple,camera,Thay camera trước / sau,0,NO_SOURCE,400000,920000,520000,1200000,720000,1650000
apple-iphone-xr,iPhone XR,phone,apple,speaker,Loa trong / Loa ngoài rè,0,NO_SOURCE,230000,460000,300000,600000,410000,830000
apple-iphone-xr,iPhone XR,phone,apple,mic,Hỏng Micro (Nói không nghe),0,NO_SOURCE,230000,440000,300000,570000,410000,790000
apple-iphone-xr,iPhone XR,phone,apple,back-glass,Thay kính lưng / Bắn laser lưng,0,NO_SOURCE,290000,580000,370000,750000,520000,1050000
apple-iphone-xr,iPhone XR,phone,apple,data-recovery,Cứu dữ liệu ổ cứng & Bo mạch,0,NO_SOURCE,460000,1400000,600000,1800000,830000,2500000
apple-iphone-xr,iPhone XR,phone,apple,diagnostic,Kiểm tra chẩn đoán toàn diện,0,NO_SOURCE,0,0,0,0,0,0
apple-iphone-xr,iPhone XR,phone,apple,face-id,Sửa Face ID / Cảm biến tiệm cận,0,NO_SOURCE,520000,980000,670000,1250000,930000,1750000
apple-iphone-x,iPhone X,phone,apple,screen,Thay màn hình hiển thị,0,NO_SOURCE,800000,1850000,1050000,2400000,1450000,3300000
apple-iphone-x,iPhone X,phone,apple,glass-press,Ép mặt kính / Kính cảm ứng,0,NO_SOURCE,340000,690000,450000,900000,620000,1250000
apple-iphone-x,iPhone X,phone,apple,battery,Thay pin dung lượng cao / Pin Zin,0,NO_SOURCE,340000,630000,450000,820000,620000,1150000
apple-iphone-x,iPhone X,phone,apple,charging-port,Sửa chân sạc / Cổng kết nối,0,NO_SOURCE,290000,520000,370000,670000,520000,930000
apple-iphone-x,iPhone X,phone,apple,water-damage,Cấp cứu máy vô nước / Rớt nước,0,NO_SOURCE,340000,690000,450000,900000,620000,1250000
apple-iphone-x,iPhone X,phone,apple,mainboard,Sửa mất nguồn / Lỗi Mainboard,0,NO_SOURCE,580000,1400000,750000,1800000,1050000,2500000
apple-iphone-x,iPhone X,phone,apple,camera,Thay camera trước / sau,0,NO_SOURCE,400000,920000,520000,1200000,720000,1650000
apple-iphone-x,iPhone X,phone,apple,speaker,Loa trong / Loa ngoài rè,0,NO_SOURCE,230000,460000,300000,600000,410000,830000
apple-iphone-x,iPhone X,phone,apple,mic,Hỏng Micro (Nói không nghe),0,NO_SOURCE,230000,440000,300000,570000,410000,790000
apple-iphone-x,iPhone X,phone,apple,back-glass,Thay kính lưng / Bắn laser lưng,0,NO_SOURCE,290000,580000,370000,750000,520000,1050000
apple-iphone-x,iPhone X,phone,apple,data-recovery,Cứu dữ liệu ổ cứng & Bo mạch,0,NO_SOURCE,460000,1400000,600000,1800000,830000,2500000
apple-iphone-x,iPhone X,phone,apple,diagnostic,Kiểm tra chẩn đoán toàn diện,0,NO_SOURCE,0,0,0,0,0,0
apple-iphone-x,iPhone X,phone,apple,face-id,Sửa Face ID / Cảm biến tiệm cận,0,NO_SOURCE,520000,980000,670000,1250000,930000,1750000
apple-iphone-8-plus,iPhone 8 Plus,phone,apple,screen,Thay màn hình hiển thị,0,NO_SOURCE,400000,800000,520000,1050000,720000,1450000
apple-iphone-8-plus,iPhone 8 Plus,phone,apple,glass-press,Ép mặt kính / Kính cảm ứng,0,NO_SOURCE,230000,400000,300000,520000,410000,720000
apple-iphone-8-plus,iPhone 8 Plus,phone,apple,battery,Thay pin dung lượng cao / Pin Zin,0,NO_SOURCE,230000,400000,300000,520000,410000,720000
apple-iphone-8-plus,iPhone 8 Plus,phone,apple,charging-port,Sửa chân sạc / Cổng kết nối,0,NO_SOURCE,170000,320000,220000,420000,310000,580000
apple-iphone-8-plus,iPhone 8 Plus,phone,apple,water-damage,Cấp cứu máy vô nước / Rớt nước,0,NO_SOURCE,230000,460000,300000,600000,410000,830000
apple-iphone-8-plus,iPhone 8 Plus,phone,apple,mainboard,Sửa mất nguồn / Lỗi Mainboard,0,NO_SOURCE,400000,860000,520000,1100000,720000,1550000
apple-iphone-8-plus,iPhone 8 Plus,phone,apple,camera,Thay camera trước / sau,0,NO_SOURCE,230000,520000,300000,670000,410000,930000
apple-iphone-8-plus,iPhone 8 Plus,phone,apple,speaker,Loa trong / Loa ngoài rè,0,NO_SOURCE,170000,340000,220000,450000,310000,620000
apple-iphone-8-plus,iPhone 8 Plus,phone,apple,mic,Hỏng Micro (Nói không nghe),0,NO_SOURCE,170000,320000,220000,420000,310000,580000
apple-iphone-8-plus,iPhone 8 Plus,phone,apple,back-glass,Thay kính lưng / Bắn laser lưng,0,NO_SOURCE,210000,370000,270000,480000,370000,660000
apple-iphone-8-plus,iPhone 8 Plus,phone,apple,data-recovery,Cứu dữ liệu ổ cứng & Bo mạch,0,NO_SOURCE,340000,920000,450000,1200000,620000,1650000
apple-iphone-8-plus,iPhone 8 Plus,phone,apple,diagnostic,Kiểm tra chẩn đoán toàn diện,0,NO_SOURCE,0,0,0,0,0,0
apple-iphone-8,iPhone 8,phone,apple,screen,Thay màn hình hiển thị,0,NO_SOURCE,400000,800000,520000,1050000,720000,1450000
apple-iphone-8,iPhone 8,phone,apple,glass-press,Ép mặt kính / Kính cảm ứng,0,NO_SOURCE,230000,400000,300000,520000,410000,720000
apple-iphone-8,iPhone 8,phone,apple,battery,Thay pin dung lượng cao / Pin Zin,0,NO_SOURCE,230000,400000,300000,520000,410000,720000
apple-iphone-8,iPhone 8,phone,apple,charging-port,Sửa chân sạc / Cổng kết nối,0,NO_SOURCE,170000,320000,220000,420000,310000,580000
apple-iphone-8,iPhone 8,phone,apple,water-damage,Cấp cứu máy vô nước / Rớt nước,0,NO_SOURCE,230000,460000,300000,600000,410000,830000
apple-iphone-8,iPhone 8,phone,apple,mainboard,Sửa mất nguồn / Lỗi Mainboard,0,NO_SOURCE,400000,860000,520000,1100000,720000,1550000
apple-iphone-8,iPhone 8,phone,apple,camera,Thay camera trước / sau,0,NO_SOURCE,230000,520000,300000,670000,410000,930000
apple-iphone-8,iPhone 8,phone,apple,speaker,Loa trong / Loa ngoài rè,0,NO_SOURCE,170000,340000,220000,450000,310000,620000
apple-iphone-8,iPhone 8,phone,apple,mic,Hỏng Micro (Nói không nghe),0,NO_SOURCE,170000,320000,220000,420000,310000,580000
apple-iphone-8,iPhone 8,phone,apple,back-glass,Thay kính lưng / Bắn laser lưng,0,NO_SOURCE,210000,370000,270000,480000,370000,660000
apple-iphone-8,iPhone 8,phone,apple,data-recovery,Cứu dữ liệu ổ cứng & Bo mạch,0,NO_SOURCE,340000,920000,450000,1200000,620000,1650000
apple-iphone-8,iPhone 8,phone,apple,diagnostic,Kiểm tra chẩn đoán toàn diện,0,NO_SOURCE,0,0,0,0,0,0
apple-iphone-7-plus,iPhone 7 Plus,phone,apple,screen,Thay màn hình hiển thị,0,NO_SOURCE,400000,800000,520000,1050000,720000,1450000
apple-iphone-7-plus,iPhone 7 Plus,phone,apple,glass-press,Ép mặt kính / Kính cảm ứng,0,NO_SOURCE,230000,400000,300000,520000,410000,720000
apple-iphone-7-plus,iPhone 7 Plus,phone,apple,battery,Thay pin dung lượng cao / Pin Zin,0,NO_SOURCE,230000,400000,300000,520000,410000,720000
apple-iphone-7-plus,iPhone 7 Plus,phone,apple,charging-port,Sửa chân sạc / Cổng kết nối,0,NO_SOURCE,170000,320000,220000,420000,310000,580000
apple-iphone-7-plus,iPhone 7 Plus,phone,apple,water-damage,Cấp cứu máy vô nước / Rớt nước,0,NO_SOURCE,230000,460000,300000,600000,410000,830000
apple-iphone-7-plus,iPhone 7 Plus,phone,apple,mainboard,Sửa mất nguồn / Lỗi Mainboard,0,NO_SOURCE,400000,860000,520000,1100000,720000,1550000
apple-iphone-7-plus,iPhone 7 Plus,phone,apple,camera,Thay camera trước / sau,0,NO_SOURCE,230000,520000,300000,670000,410000,930000
apple-iphone-7-plus,iPhone 7 Plus,phone,apple,speaker,Loa trong / Loa ngoài rè,0,NO_SOURCE,170000,340000,220000,450000,310000,620000
apple-iphone-7-plus,iPhone 7 Plus,phone,apple,mic,Hỏng Micro (Nói không nghe),0,NO_SOURCE,170000,320000,220000,420000,310000,580000
apple-iphone-7-plus,iPhone 7 Plus,phone,apple,back-glass,Thay kính lưng / Bắn laser lưng,0,NO_SOURCE,210000,370000,270000,480000,370000,660000
apple-iphone-7-plus,iPhone 7 Plus,phone,apple,data-recovery,Cứu dữ liệu ổ cứng & Bo mạch,0,NO_SOURCE,340000,920000,450000,1200000,620000,1650000
apple-iphone-7-plus,iPhone 7 Plus,phone,apple,diagnostic,Kiểm tra chẩn đoán toàn diện,0,NO_SOURCE,0,0,0,0,0,0
apple-iphone-7,iPhone 7,phone,apple,screen,Thay màn hình hiển thị,0,NO_SOURCE,400000,800000,520000,1050000,720000,1450000
apple-iphone-7,iPhone 7,phone,apple,glass-press,Ép mặt kính / Kính cảm ứng,0,NO_SOURCE,230000,400000,300000,520000,410000,720000
apple-iphone-7,iPhone 7,phone,apple,battery,Thay pin dung lượng cao / Pin Zin,0,NO_SOURCE,230000,400000,300000,520000,410000,720000
apple-iphone-7,iPhone 7,phone,apple,charging-port,Sửa chân sạc / Cổng kết nối,0,NO_SOURCE,170000,320000,220000,420000,310000,580000
apple-iphone-7,iPhone 7,phone,apple,water-damage,Cấp cứu máy vô nước / Rớt nước,0,NO_SOURCE,230000,460000,300000,600000,410000,830000
apple-iphone-7,iPhone 7,phone,apple,mainboard,Sửa mất nguồn / Lỗi Mainboard,0,NO_SOURCE,400000,860000,520000,1100000,720000,1550000
apple-iphone-7,iPhone 7,phone,apple,camera,Thay camera trước / sau,0,NO_SOURCE,230000,520000,300000,670000,410000,930000
apple-iphone-7,iPhone 7,phone,apple,speaker,Loa trong / Loa ngoài rè,0,NO_SOURCE,170000,340000,220000,450000,310000,620000
apple-iphone-7,iPhone 7,phone,apple,mic,Hỏng Micro (Nói không nghe),0,NO_SOURCE,170000,320000,220000,420000,310000,580000
apple-iphone-7,iPhone 7,phone,apple,back-glass,Thay kính lưng / Bắn laser lưng,0,NO_SOURCE,210000,370000,270000,480000,370000,660000
apple-iphone-7,iPhone 7,phone,apple,data-recovery,Cứu dữ liệu ổ cứng & Bo mạch,0,NO_SOURCE,340000,920000,450000,1200000,620000,1650000
apple-iphone-7,iPhone 7,phone,apple,diagnostic,Kiểm tra chẩn đoán toàn diện,0,NO_SOURCE,0,0,0,0,0,0
apple-iphone-se-2022,iPhone SE 2022 (3rd Gen),phone,apple,screen,Thay màn hình hiển thị,0,NO_SOURCE,800000,1850000,1050000,2400000,1450000,3300000
apple-iphone-se-2022,iPhone SE 2022 (3rd Gen),phone,apple,glass-press,Ép mặt kính / Kính cảm ứng,0,NO_SOURCE,340000,690000,450000,900000,620000,1250000
apple-iphone-se-2022,iPhone SE 2022 (3rd Gen),phone,apple,battery,Thay pin dung lượng cao / Pin Zin,0,NO_SOURCE,340000,630000,450000,820000,620000,1150000
apple-iphone-se-2022,iPhone SE 2022 (3rd Gen),phone,apple,charging-port,Sửa chân sạc / Cổng kết nối,0,NO_SOURCE,290000,520000,370000,670000,520000,930000
apple-iphone-se-2022,iPhone SE 2022 (3rd Gen),phone,apple,water-damage,Cấp cứu máy vô nước / Rớt nước,0,NO_SOURCE,340000,690000,450000,900000,620000,1250000
apple-iphone-se-2022,iPhone SE 2022 (3rd Gen),phone,apple,mainboard,Sửa mất nguồn / Lỗi Mainboard,0,NO_SOURCE,580000,1400000,750000,1800000,1050000,2500000
apple-iphone-se-2022,iPhone SE 2022 (3rd Gen),phone,apple,camera,Thay camera trước / sau,0,NO_SOURCE,400000,920000,520000,1200000,720000,1650000
apple-iphone-se-2022,iPhone SE 2022 (3rd Gen),phone,apple,speaker,Loa trong / Loa ngoài rè,0,NO_SOURCE,230000,460000,300000,600000,410000,830000
apple-iphone-se-2022,iPhone SE 2022 (3rd Gen),phone,apple,mic,Hỏng Micro (Nói không nghe),0,NO_SOURCE,230000,440000,300000,570000,410000,790000
apple-iphone-se-2022,iPhone SE 2022 (3rd Gen),phone,apple,back-glass,Thay kính lưng / Bắn laser lưng,0,NO_SOURCE,290000,580000,370000,750000,520000,1050000
apple-iphone-se-2022,iPhone SE 2022 (3rd Gen),phone,apple,data-recovery,Cứu dữ liệu ổ cứng & Bo mạch,0,NO_SOURCE,460000,1400000,600000,1800000,830000,2500000
apple-iphone-se-2022,iPhone SE 2022 (3rd Gen),phone,apple,diagnostic,Kiểm tra chẩn đoán toàn diện,0,NO_SOURCE,0,0,0,0,0,0
apple-iphone-se-2020,iPhone SE 2020 (2nd Gen),phone,apple,screen,Thay màn hình hiển thị,0,NO_SOURCE,400000,800000,520000,1050000,720000,1450000
apple-iphone-se-2020,iPhone SE 2020 (2nd Gen),phone,apple,glass-press,Ép mặt kính / Kính cảm ứng,0,NO_SOURCE,230000,400000,300000,520000,410000,720000
apple-iphone-se-2020,iPhone SE 2020 (2nd Gen),phone,apple,battery,Thay pin dung lượng cao / Pin Zin,0,NO_SOURCE,230000,400000,300000,520000,410000,720000
apple-iphone-se-2020,iPhone SE 2020 (2nd Gen),phone,apple,charging-port,Sửa chân sạc / Cổng kết nối,0,NO_SOURCE,170000,320000,220000,420000,310000,580000
apple-iphone-se-2020,iPhone SE 2020 (2nd Gen),phone,apple,water-damage,Cấp cứu máy vô nước / Rớt nước,0,NO_SOURCE,230000,460000,300000,600000,410000,830000
apple-iphone-se-2020,iPhone SE 2020 (2nd Gen),phone,apple,mainboard,Sửa mất nguồn / Lỗi Mainboard,0,NO_SOURCE,400000,860000,520000,1100000,720000,1550000
apple-iphone-se-2020,iPhone SE 2020 (2nd Gen),phone,apple,camera,Thay camera trước / sau,0,NO_SOURCE,230000,520000,300000,670000,410000,930000
apple-iphone-se-2020,iPhone SE 2020 (2nd Gen),phone,apple,speaker,Loa trong / Loa ngoài rè,0,NO_SOURCE,170000,340000,220000,450000,310000,620000
apple-iphone-se-2020,iPhone SE 2020 (2nd Gen),phone,apple,mic,Hỏng Micro (Nói không nghe),0,NO_SOURCE,170000,320000,220000,420000,310000,580000
apple-iphone-se-2020,iPhone SE 2020 (2nd Gen),phone,apple,back-glass,Thay kính lưng / Bắn laser lưng,0,NO_SOURCE,210000,370000,270000,480000,370000,660000
apple-iphone-se-2020,iPhone SE 2020 (2nd Gen),phone,apple,data-recovery,Cứu dữ liệu ổ cứng & Bo mạch,0,NO_SOURCE,340000,920000,450000,1200000,620000,1650000
apple-iphone-se-2020,iPhone SE 2020 (2nd Gen),phone,apple,diagnostic,Kiểm tra chẩn đoán toàn diện,0,NO_SOURCE,0,0,0,0,0,0
apple-iphone-6s-plus,iPhone 6s Plus,phone,apple,screen,Thay màn hình hiển thị,0,NO_SOURCE,400000,800000,520000,1050000,720000,1450000
apple-iphone-6s-plus,iPhone 6s Plus,phone,apple,glass-press,Ép mặt kính / Kính cảm ứng,0,NO_SOURCE,230000,400000,300000,520000,410000,720000
apple-iphone-6s-plus,iPhone 6s Plus,phone,apple,battery,Thay pin dung lượng cao / Pin Zin,0,NO_SOURCE,230000,400000,300000,520000,410000,720000
apple-iphone-6s-plus,iPhone 6s Plus,phone,apple,charging-port,Sửa chân sạc / Cổng kết nối,0,NO_SOURCE,170000,320000,220000,420000,310000,580000
apple-iphone-6s-plus,iPhone 6s Plus,phone,apple,water-damage,Cấp cứu máy vô nước / Rớt nước,0,NO_SOURCE,230000,460000,300000,600000,410000,830000
apple-iphone-6s-plus,iPhone 6s Plus,phone,apple,mainboard,Sửa mất nguồn / Lỗi Mainboard,0,NO_SOURCE,400000,860000,520000,1100000,720000,1550000
apple-iphone-6s-plus,iPhone 6s Plus,phone,apple,camera,Thay camera trước / sau,0,NO_SOURCE,230000,520000,300000,670000,410000,930000
apple-iphone-6s-plus,iPhone 6s Plus,phone,apple,speaker,Loa trong / Loa ngoài rè,0,NO_SOURCE,170000,340000,220000,450000,310000,620000
apple-iphone-6s-plus,iPhone 6s Plus,phone,apple,mic,Hỏng Micro (Nói không nghe),0,NO_SOURCE,170000,320000,220000,420000,310000,580000
apple-iphone-6s-plus,iPhone 6s Plus,phone,apple,back-glass,Thay kính lưng / Bắn laser lưng,0,NO_SOURCE,210000,370000,270000,480000,370000,660000
apple-iphone-6s-plus,iPhone 6s Plus,phone,apple,data-recovery,Cứu dữ liệu ổ cứng & Bo mạch,0,NO_SOURCE,340000,920000,450000,1200000,620000,1650000
apple-iphone-6s-plus,iPhone 6s Plus,phone,apple,diagnostic,Kiểm tra chẩn đoán toàn diện,0,NO_SOURCE,0,0,0,0,0,0
google-pixel-9-pro-xl,Google Pixel 9 Pro XL,phone,google,screen,Thay màn hình hiển thị,0,NO_SOURCE,2650000,5300000,3450000,6850000,4750000,9500000
google-pixel-9-pro-xl,Google Pixel 9 Pro XL,phone,google,glass-press,Ép mặt kính / Kính cảm ứng,0,NO_SOURCE,880000,1750000,1150000,2300000,1600000,3150000
google-pixel-9-pro-xl,Google Pixel 9 Pro XL,phone,google,battery,Thay pin dung lượng cao / Pin Zin,0,NO_SOURCE,720000,1400000,930000,1800000,1300000,2500000
google-pixel-9-pro-xl,Google Pixel 9 Pro XL,phone,google,charging-port,Sửa chân sạc / Cổng kết nối,0,NO_SOURCE,550000,1050000,720000,1350000,990000,1900000
google-pixel-9-pro-xl,Google Pixel 9 Pro XL,phone,google,water-damage,Cấp cứu máy vô nước / Rớt nước,0,NO_SOURCE,660000,1550000,860000,2000000,1200000,2750000
google-pixel-9-pro-xl,Google Pixel 9 Pro XL,phone,google,mainboard,Sửa mất nguồn / Lỗi Mainboard,0,NO_SOURCE,1300000,3500000,1700000,4600000,2400000,6350000
google-pixel-9-pro-xl,Google Pixel 9 Pro XL,phone,google,camera,Thay camera trước / sau,0,NO_SOURCE,1050000,2650000,1350000,3450000,1900000,4750000
google-pixel-9-pro-xl,Google Pixel 9 Pro XL,phone,google,speaker,Loa trong / Loa ngoài rè,0,NO_SOURCE,440000,940000,570000,1200000,790000,1700000
google-pixel-9-pro-xl,Google Pixel 9 Pro XL,phone,google,mic,Hỏng Micro (Nói không nghe),0,NO_SOURCE,440000,880000,570000,1150000,790000,1600000
google-pixel-9-pro-xl,Google Pixel 9 Pro XL,phone,google,back-glass,Thay kính lưng / Bắn laser lưng,0,NO_SOURCE,720000,1450000,930000,1850000,1300000,2550000
google-pixel-9-pro-xl,Google Pixel 9 Pro XL,phone,google,data-recovery,Cứu dữ liệu ổ cứng & Bo mạch,0,NO_SOURCE,880000,2750000,1150000,3600000,1600000,4950000
google-pixel-9-pro-xl,Google Pixel 9 Pro XL,phone,google,diagnostic,Kiểm tra chẩn đoán toàn diện,0,NO_SOURCE,0,0,0,0,0,0
google-pixel-9-pro,Google Pixel 9 Pro,phone,google,screen,Thay màn hình hiển thị,0,NO_SOURCE,2650000,5300000,3450000,6850000,4750000,9500000
google-pixel-9-pro,Google Pixel 9 Pro,phone,google,glass-press,Ép mặt kính / Kính cảm ứng,0,NO_SOURCE,880000,1750000,1150000,2300000,1600000,3150000
google-pixel-9-pro,Google Pixel 9 Pro,phone,google,battery,Thay pin dung lượng cao / Pin Zin,0,NO_SOURCE,720000,1400000,930000,1800000,1300000,2500000
google-pixel-9-pro,Google Pixel 9 Pro,phone,google,charging-port,Sửa chân sạc / Cổng kết nối,0,NO_SOURCE,550000,1050000,720000,1350000,990000,1900000
google-pixel-9-pro,Google Pixel 9 Pro,phone,google,water-damage,Cấp cứu máy vô nước / Rớt nước,0,NO_SOURCE,660000,1550000,860000,2000000,1200000,2750000
google-pixel-9-pro,Google Pixel 9 Pro,phone,google,mainboard,Sửa mất nguồn / Lỗi Mainboard,0,NO_SOURCE,1300000,3500000,1700000,4600000,2400000,6350000
google-pixel-9-pro,Google Pixel 9 Pro,phone,google,camera,Thay camera trước / sau,0,NO_SOURCE,1050000,2650000,1350000,3450000,1900000,4750000
google-pixel-9-pro,Google Pixel 9 Pro,phone,google,speaker,Loa trong / Loa ngoài rè,0,NO_SOURCE,440000,940000,570000,1200000,790000,1700000
google-pixel-9-pro,Google Pixel 9 Pro,phone,google,mic,Hỏng Micro (Nói không nghe),0,NO_SOURCE,440000,880000,570000,1150000,790000,1600000
google-pixel-9-pro,Google Pixel 9 Pro,phone,google,back-glass,Thay kính lưng / Bắn laser lưng,0,NO_SOURCE,720000,1450000,930000,1850000,1300000,2550000
google-pixel-9-pro,Google Pixel 9 Pro,phone,google,data-recovery,Cứu dữ liệu ổ cứng & Bo mạch,0,NO_SOURCE,880000,2750000,1150000,3600000,1600000,4950000
google-pixel-9-pro,Google Pixel 9 Pro,phone,google,diagnostic,Kiểm tra chẩn đoán toàn diện,0,NO_SOURCE,0,0,0,0,0,0
google-pixel-9,Google Pixel 9,phone,google,screen,Thay màn hình hiển thị,0,NO_SOURCE,1550000,3100000,2000000,4000000,2750000,5550000
google-pixel-9,Google Pixel 9,phone,google,glass-press,Ép mặt kính / Kính cảm ứng,0,NO_SOURCE,550000,1100000,720000,1450000,990000,2000000
google-pixel-9,Google Pixel 9,phone,google,battery,Thay pin dung lượng cao / Pin Zin,0,NO_SOURCE,500000,940000,640000,1200000,890000,1700000
google-pixel-9,Google Pixel 9,phone,google,charging-port,Sửa chân sạc / Cổng kết nối,0,NO_SOURCE,390000,720000,500000,930000,690000,1300000
google-pixel-9,Google Pixel 9,phone,google,water-damage,Cấp cứu máy vô nước / Rớt nước,0,NO_SOURCE,500000,1050000,640000,1350000,890000,1900000
google-pixel-9,Google Pixel 9,phone,google,mainboard,Sửa mất nguồn / Lỗi Mainboard,0,NO_SOURCE,880000,2400000,1150000,3150000,1600000,4350000
google-pixel-9,Google Pixel 9,phone,google,camera,Thay camera trước / sau,0,NO_SOURCE,660000,1650000,860000,2150000,1200000,2950000
google-pixel-9,Google Pixel 9,phone,google,speaker,Loa trong / Loa ngoài rè,0,NO_SOURCE,330000,660000,430000,860000,590000,1200000
google-pixel-9,Google Pixel 9,phone,google,mic,Hỏng Micro (Nói không nghe),0,NO_SOURCE,330000,600000,430000,790000,590000,1100000
google-pixel-9,Google Pixel 9,phone,google,back-glass,Thay kính lưng / Bắn laser lưng,0,NO_SOURCE,440000,880000,570000,1150000,790000,1600000
google-pixel-9,Google Pixel 9,phone,google,data-recovery,Cứu dữ liệu ổ cứng & Bo mạch,0,NO_SOURCE,660000,2000000,860000,2550000,1200000,3550000
google-pixel-9,Google Pixel 9,phone,google,diagnostic,Kiểm tra chẩn đoán toàn diện,0,NO_SOURCE,0,0,0,0,0,0
google-pixel-8-pro,Google Pixel 8 Pro,phone,google,screen,Thay màn hình hiển thị,0,NO_SOURCE,2650000,5300000,3450000,6850000,4750000,9500000
google-pixel-8-pro,Google Pixel 8 Pro,phone,google,glass-press,Ép mặt kính / Kính cảm ứng,0,NO_SOURCE,880000,1750000,1150000,2300000,1600000,3150000
google-pixel-8-pro,Google Pixel 8 Pro,phone,google,battery,Thay pin dung lượng cao / Pin Zin,0,NO_SOURCE,720000,1400000,930000,1800000,1300000,2500000
google-pixel-8-pro,Google Pixel 8 Pro,phone,google,charging-port,Sửa chân sạc / Cổng kết nối,0,NO_SOURCE,550000,1050000,720000,1350000,990000,1900000
google-pixel-8-pro,Google Pixel 8 Pro,phone,google,water-damage,Cấp cứu máy vô nước / Rớt nước,0,NO_SOURCE,660000,1550000,860000,2000000,1200000,2750000
google-pixel-8-pro,Google Pixel 8 Pro,phone,google,mainboard,Sửa mất nguồn / Lỗi Mainboard,0,NO_SOURCE,1300000,3500000,1700000,4600000,2400000,6350000
google-pixel-8-pro,Google Pixel 8 Pro,phone,google,camera,Thay camera trước / sau,0,NO_SOURCE,1050000,2650000,1350000,3450000,1900000,4750000
google-pixel-8-pro,Google Pixel 8 Pro,phone,google,speaker,Loa trong / Loa ngoài rè,0,NO_SOURCE,440000,940000,570000,1200000,790000,1700000
google-pixel-8-pro,Google Pixel 8 Pro,phone,google,mic,Hỏng Micro (Nói không nghe),0,NO_SOURCE,440000,880000,570000,1150000,790000,1600000
google-pixel-8-pro,Google Pixel 8 Pro,phone,google,back-glass,Thay kính lưng / Bắn laser lưng,0,NO_SOURCE,720000,1450000,930000,1850000,1300000,2550000
google-pixel-8-pro,Google Pixel 8 Pro,phone,google,data-recovery,Cứu dữ liệu ổ cứng & Bo mạch,0,NO_SOURCE,880000,2750000,1150000,3600000,1600000,4950000
google-pixel-8-pro,Google Pixel 8 Pro,phone,google,diagnostic,Kiểm tra chẩn đoán toàn diện,0,NO_SOURCE,0,0,0,0,0,0
google-pixel-8,Google Pixel 8,phone,google,screen,Thay màn hình hiển thị,0,NO_SOURCE,1550000,3100000,2000000,4000000,2750000,5550000
google-pixel-8,Google Pixel 8,phone,google,glass-press,Ép mặt kính / Kính cảm ứng,0,NO_SOURCE,550000,1100000,720000,1450000,990000,2000000
google-pixel-8,Google Pixel 8,phone,google,battery,Thay pin dung lượng cao / Pin Zin,0,NO_SOURCE,500000,940000,640000,1200000,890000,1700000
google-pixel-8,Google Pixel 8,phone,google,charging-port,Sửa chân sạc / Cổng kết nối,0,NO_SOURCE,390000,720000,500000,930000,690000,1300000
google-pixel-8,Google Pixel 8,phone,google,water-damage,Cấp cứu máy vô nước / Rớt nước,0,NO_SOURCE,500000,1050000,640000,1350000,890000,1900000
google-pixel-8,Google Pixel 8,phone,google,mainboard,Sửa mất nguồn / Lỗi Mainboard,0,NO_SOURCE,880000,2400000,1150000,3150000,1600000,4350000
google-pixel-8,Google Pixel 8,phone,google,camera,Thay camera trước / sau,0,NO_SOURCE,660000,1650000,860000,2150000,1200000,2950000
google-pixel-8,Google Pixel 8,phone,google,speaker,Loa trong / Loa ngoài rè,0,NO_SOURCE,330000,660000,430000,860000,590000,1200000
google-pixel-8,Google Pixel 8,phone,google,mic,Hỏng Micro (Nói không nghe),0,NO_SOURCE,330000,600000,430000,790000,590000,1100000
google-pixel-8,Google Pixel 8,phone,google,back-glass,Thay kính lưng / Bắn laser lưng,0,NO_SOURCE,440000,880000,570000,1150000,790000,1600000
google-pixel-8,Google Pixel 8,phone,google,data-recovery,Cứu dữ liệu ổ cứng & Bo mạch,0,NO_SOURCE,660000,2000000,860000,2550000,1200000,3550000
google-pixel-8,Google Pixel 8,phone,google,diagnostic,Kiểm tra chẩn đoán toàn diện,0,NO_SOURCE,0,0,0,0,0,0
google-pixel-8a,Google Pixel 8a,phone,google,screen,Thay màn hình hiển thị,0,NO_SOURCE,770000,1750000,1000000,2300000,1400000,3150000
google-pixel-8a,Google Pixel 8a,phone,google,glass-press,Ép mặt kính / Kính cảm ứng,0,NO_SOURCE,330000,660000,430000,860000,590000,1200000
google-pixel-8a,Google Pixel 8a,phone,google,battery,Thay pin dung lượng cao / Pin Zin,0,NO_SOURCE,330000,600000,430000,790000,590000,1100000
google-pixel-8a,Google Pixel 8a,phone,google,charging-port,Sửa chân sạc / Cổng kết nối,0,NO_SOURCE,280000,500000,360000,640000,500000,890000
google-pixel-8a,Google Pixel 8a,phone,google,water-damage,Cấp cứu máy vô nước / Rớt nước,0,NO_SOURCE,330000,660000,430000,860000,590000,1200000
google-pixel-8a,Google Pixel 8a,phone,google,mainboard,Sửa mất nguồn / Lỗi Mainboard,0,NO_SOURCE,550000,1300000,720000,1700000,990000,2400000
google-pixel-8a,Google Pixel 8a,phone,google,camera,Thay camera trước / sau,0,NO_SOURCE,390000,880000,500000,1150000,690000,1600000
google-pixel-8a,Google Pixel 8a,phone,google,speaker,Loa trong / Loa ngoài rè,0,NO_SOURCE,220000,440000,290000,570000,400000,790000
google-pixel-8a,Google Pixel 8a,phone,google,mic,Hỏng Micro (Nói không nghe),0,NO_SOURCE,220000,420000,290000,540000,400000,750000
google-pixel-8a,Google Pixel 8a,phone,google,back-glass,Thay kính lưng / Bắn laser lưng,0,NO_SOURCE,280000,550000,360000,720000,500000,990000
google-pixel-8a,Google Pixel 8a,phone,google,data-recovery,Cứu dữ liệu ổ cứng & Bo mạch,0,NO_SOURCE,440000,1300000,570000,1700000,790000,2400000
google-pixel-8a,Google Pixel 8a,phone,google,diagnostic,Kiểm tra chẩn đoán toàn diện,0,NO_SOURCE,0,0,0,0,0,0
google-pixel-7-pro,Google Pixel 7 Pro,phone,google,screen,Thay màn hình hiển thị,0,NO_SOURCE,1550000,3100000,2000000,4000000,2750000,5550000
google-pixel-7-pro,Google Pixel 7 Pro,phone,google,glass-press,Ép mặt kính / Kính cảm ứng,0,NO_SOURCE,550000,1100000,720000,1450000,990000,2000000
google-pixel-7-pro,Google Pixel 7 Pro,phone,google,battery,Thay pin dung lượng cao / Pin Zin,0,NO_SOURCE,500000,940000,640000,1200000,890000,1700000
google-pixel-7-pro,Google Pixel 7 Pro,phone,google,charging-port,Sửa chân sạc / Cổng kết nối,0,NO_SOURCE,390000,720000,500000,930000,690000,1300000
google-pixel-7-pro,Google Pixel 7 Pro,phone,google,water-damage,Cấp cứu máy vô nước / Rớt nước,0,NO_SOURCE,500000,1050000,640000,1350000,890000,1900000
google-pixel-7-pro,Google Pixel 7 Pro,phone,google,mainboard,Sửa mất nguồn / Lỗi Mainboard,0,NO_SOURCE,880000,2400000,1150000,3150000,1600000,4350000
google-pixel-7-pro,Google Pixel 7 Pro,phone,google,camera,Thay camera trước / sau,0,NO_SOURCE,660000,1650000,860000,2150000,1200000,2950000
google-pixel-7-pro,Google Pixel 7 Pro,phone,google,speaker,Loa trong / Loa ngoài rè,0,NO_SOURCE,330000,660000,430000,860000,590000,1200000
google-pixel-7-pro,Google Pixel 7 Pro,phone,google,mic,Hỏng Micro (Nói không nghe),0,NO_SOURCE,330000,600000,430000,790000,590000,1100000
google-pixel-7-pro,Google Pixel 7 Pro,phone,google,back-glass,Thay kính lưng / Bắn laser lưng,0,NO_SOURCE,440000,880000,570000,1150000,790000,1600000
google-pixel-7-pro,Google Pixel 7 Pro,phone,google,data-recovery,Cứu dữ liệu ổ cứng & Bo mạch,0,NO_SOURCE,660000,2000000,860000,2550000,1200000,3550000
google-pixel-7-pro,Google Pixel 7 Pro,phone,google,diagnostic,Kiểm tra chẩn đoán toàn diện,0,NO_SOURCE,0,0,0,0,0,0
google-pixel-7,Google Pixel 7,phone,google,screen,Thay màn hình hiển thị,0,NO_SOURCE,770000,1750000,1000000,2300000,1400000,3150000
google-pixel-7,Google Pixel 7,phone,google,glass-press,Ép mặt kính / Kính cảm ứng,0,NO_SOURCE,330000,660000,430000,860000,590000,1200000
google-pixel-7,Google Pixel 7,phone,google,battery,Thay pin dung lượng cao / Pin Zin,0,NO_SOURCE,330000,600000,430000,790000,590000,1100000
google-pixel-7,Google Pixel 7,phone,google,charging-port,Sửa chân sạc / Cổng kết nối,0,NO_SOURCE,280000,500000,360000,640000,500000,890000
google-pixel-7,Google Pixel 7,phone,google,water-damage,Cấp cứu máy vô nước / Rớt nước,0,NO_SOURCE,330000,660000,430000,860000,590000,1200000
google-pixel-7,Google Pixel 7,phone,google,mainboard,Sửa mất nguồn / Lỗi Mainboard,0,NO_SOURCE,550000,1300000,720000,1700000,990000,2400000
google-pixel-7,Google Pixel 7,phone,google,camera,Thay camera trước / sau,0,NO_SOURCE,390000,880000,500000,1150000,690000,1600000
google-pixel-7,Google Pixel 7,phone,google,speaker,Loa trong / Loa ngoài rè,0,NO_SOURCE,220000,440000,290000,570000,400000,790000
google-pixel-7,Google Pixel 7,phone,google,mic,Hỏng Micro (Nói không nghe),0,NO_SOURCE,220000,420000,290000,540000,400000,750000
google-pixel-7,Google Pixel 7,phone,google,back-glass,Thay kính lưng / Bắn laser lưng,0,NO_SOURCE,280000,550000,360000,720000,500000,990000
google-pixel-7,Google Pixel 7,phone,google,data-recovery,Cứu dữ liệu ổ cứng & Bo mạch,0,NO_SOURCE,440000,1300000,570000,1700000,790000,2400000
google-pixel-7,Google Pixel 7,phone,google,diagnostic,Kiểm tra chẩn đoán toàn diện,0,NO_SOURCE,0,0,0,0,0,0
google-pixel-7a,Google Pixel 7a,phone,google,screen,Thay màn hình hiển thị,0,NO_SOURCE,770000,1750000,1000000,2300000,1400000,3150000
google-pixel-7a,Google Pixel 7a,phone,google,glass-press,Ép mặt kính / Kính cảm ứng,0,NO_SOURCE,330000,660000,430000,860000,590000,1200000
google-pixel-7a,Google Pixel 7a,phone,google,battery,Thay pin dung lượng cao / Pin Zin,0,NO_SOURCE,330000,600000,430000,790000,590000,1100000
google-pixel-7a,Google Pixel 7a,phone,google,charging-port,Sửa chân sạc / Cổng kết nối,0,NO_SOURCE,280000,500000,360000,640000,500000,890000
google-pixel-7a,Google Pixel 7a,phone,google,water-damage,Cấp cứu máy vô nước / Rớt nước,0,NO_SOURCE,330000,660000,430000,860000,590000,1200000
google-pixel-7a,Google Pixel 7a,phone,google,mainboard,Sửa mất nguồn / Lỗi Mainboard,0,NO_SOURCE,550000,1300000,720000,1700000,990000,2400000
google-pixel-7a,Google Pixel 7a,phone,google,camera,Thay camera trước / sau,0,NO_SOURCE,390000,880000,500000,1150000,690000,1600000
google-pixel-7a,Google Pixel 7a,phone,google,speaker,Loa trong / Loa ngoài rè,0,NO_SOURCE,220000,440000,290000,570000,400000,790000
google-pixel-7a,Google Pixel 7a,phone,google,mic,Hỏng Micro (Nói không nghe),0,NO_SOURCE,220000,420000,290000,540000,400000,750000
google-pixel-7a,Google Pixel 7a,phone,google,back-glass,Thay kính lưng / Bắn laser lưng,0,NO_SOURCE,280000,550000,360000,720000,500000,990000
google-pixel-7a,Google Pixel 7a,phone,google,data-recovery,Cứu dữ liệu ổ cứng & Bo mạch,0,NO_SOURCE,440000,1300000,570000,1700000,790000,2400000
google-pixel-7a,Google Pixel 7a,phone,google,diagnostic,Kiểm tra chẩn đoán toàn diện,0,NO_SOURCE,0,0,0,0,0,0
google-pixel-6-pro,Google Pixel 6 Pro,phone,google,screen,Thay màn hình hiển thị,0,NO_SOURCE,770000,1750000,1000000,2300000,1400000,3150000
google-pixel-6-pro,Google Pixel 6 Pro,phone,google,glass-press,Ép mặt kính / Kính cảm ứng,0,NO_SOURCE,330000,660000,430000,860000,590000,1200000
google-pixel-6-pro,Google Pixel 6 Pro,phone,google,battery,Thay pin dung lượng cao / Pin Zin,0,NO_SOURCE,330000,600000,430000,790000,590000,1100000
google-pixel-6-pro,Google Pixel 6 Pro,phone,google,charging-port,Sửa chân sạc / Cổng kết nối,0,NO_SOURCE,280000,500000,360000,640000,500000,890000
google-pixel-6-pro,Google Pixel 6 Pro,phone,google,water-damage,Cấp cứu máy vô nước / Rớt nước,0,NO_SOURCE,330000,660000,430000,860000,590000,1200000
google-pixel-6-pro,Google Pixel 6 Pro,phone,google,mainboard,Sửa mất nguồn / Lỗi Mainboard,0,NO_SOURCE,550000,1300000,720000,1700000,990000,2400000
google-pixel-6-pro,Google Pixel 6 Pro,phone,google,camera,Thay camera trước / sau,0,NO_SOURCE,390000,880000,500000,1150000,690000,1600000
google-pixel-6-pro,Google Pixel 6 Pro,phone,google,speaker,Loa trong / Loa ngoài rè,0,NO_SOURCE,220000,440000,290000,570000,400000,790000
google-pixel-6-pro,Google Pixel 6 Pro,phone,google,mic,Hỏng Micro (Nói không nghe),0,NO_SOURCE,220000,420000,290000,540000,400000,750000
google-pixel-6-pro,Google Pixel 6 Pro,phone,google,back-glass,Thay kính lưng / Bắn laser lưng,0,NO_SOURCE,280000,550000,360000,720000,500000,990000
google-pixel-6-pro,Google Pixel 6 Pro,phone,google,data-recovery,Cứu dữ liệu ổ cứng & Bo mạch,0,NO_SOURCE,440000,1300000,570000,1700000,790000,2400000
google-pixel-6-pro,Google Pixel 6 Pro,phone,google,diagnostic,Kiểm tra chẩn đoán toàn diện,0,NO_SOURCE,0,0,0,0,0,0
oneplus-12,OnePlus 12,phone,oneplus,screen,Thay màn hình hiển thị,0,NO_SOURCE,2500000,5050000,3300000,6550000,4550000,9050000
oneplus-12,OnePlus 12,phone,oneplus,glass-press,Ép mặt kính / Kính cảm ứng,0,NO_SOURCE,840000,1700000,1100000,2200000,1500000,3000000
oneplus-12,OnePlus 12,phone,oneplus,battery,Thay pin dung lượng cao / Pin Zin,0,NO_SOURCE,680000,1300000,890000,1700000,1250000,2350000
oneplus-12,OnePlus 12,phone,oneplus,charging-port,Sửa chân sạc / Cổng kết nối,0,NO_SOURCE,520000,1000000,680000,1300000,940000,1800000
oneplus-12,OnePlus 12,phone,oneplus,water-damage,Cấp cứu máy vô nước / Rớt nước,0,NO_SOURCE,630000,1450000,820000,1900000,1150000,2650000
oneplus-12,OnePlus 12,phone,oneplus,mainboard,Sửa mất nguồn / Lỗi Mainboard,0,NO_SOURCE,1250000,3350000,1650000,4350000,2250000,6050000
oneplus-12,OnePlus 12,phone,oneplus,camera,Thay camera trước / sau,0,NO_SOURCE,1000000,2500000,1300000,3300000,1800000,4550000
oneplus-12,OnePlus 12,phone,oneplus,speaker,Loa trong / Loa ngoài rè,0,NO_SOURCE,420000,890000,550000,1150000,760000,1600000
oneplus-12,OnePlus 12,phone,oneplus,mic,Hỏng Micro (Nói không nghe),0,NO_SOURCE,420000,840000,550000,1100000,760000,1500000
oneplus-12,OnePlus 12,phone,oneplus,back-glass,Thay kính lưng / Bắn laser lưng,0,NO_SOURCE,680000,1350000,890000,1750000,1250000,2450000
oneplus-12,OnePlus 12,phone,oneplus,data-recovery,Cứu dữ liệu ổ cứng & Bo mạch,0,NO_SOURCE,840000,2600000,1100000,3400000,1500000,4700000
oneplus-12,OnePlus 12,phone,oneplus,diagnostic,Kiểm tra chẩn đoán toàn diện,0,NO_SOURCE,0,0,0,0,0,0
oneplus-11,OnePlus 11,phone,oneplus,screen,Thay màn hình hiển thị,0,NO_SOURCE,1450000,2950000,1900000,3800000,2650000,5300000
oneplus-11,OnePlus 11,phone,oneplus,glass-press,Ép mặt kính / Kính cảm ứng,0,NO_SOURCE,520000,1050000,680000,1350000,940000,1900000
oneplus-11,OnePlus 11,phone,oneplus,battery,Thay pin dung lượng cao / Pin Zin,0,NO_SOURCE,470000,890000,610000,1150000,850000,1600000
oneplus-11,OnePlus 11,phone,oneplus,charging-port,Sửa chân sạc / Cổng kết nối,0,NO_SOURCE,370000,680000,480000,890000,660000,1250000
oneplus-11,OnePlus 11,phone,oneplus,water-damage,Cấp cứu máy vô nước / Rớt nước,0,NO_SOURCE,470000,1000000,610000,1300000,850000,1800000
oneplus-11,OnePlus 11,phone,oneplus,mainboard,Sửa mất nguồn / Lỗi Mainboard,0,NO_SOURCE,840000,2300000,1100000,3000000,1500000,4150000
oneplus-11,OnePlus 11,phone,oneplus,camera,Thay camera trước / sau,0,NO_SOURCE,630000,1600000,820000,2050000,1150000,2850000
oneplus-11,OnePlus 11,phone,oneplus,speaker,Loa trong / Loa ngoài rè,0,NO_SOURCE,320000,630000,410000,820000,570000,1150000
oneplus-11,OnePlus 11,phone,oneplus,mic,Hỏng Micro (Nói không nghe),0,NO_SOURCE,320000,580000,410000,750000,570000,1050000
oneplus-11,OnePlus 11,phone,oneplus,back-glass,Thay kính lưng / Bắn laser lưng,0,NO_SOURCE,420000,840000,550000,1100000,760000,1500000
oneplus-11,OnePlus 11,phone,oneplus,data-recovery,Cứu dữ liệu ổ cứng & Bo mạch,0,NO_SOURCE,630000,1900000,820000,2450000,1150000,3400000
oneplus-11,OnePlus 11,phone,oneplus,diagnostic,Kiểm tra chẩn đoán toàn diện,0,NO_SOURCE,0,0,0,0,0,0
oneplus-10-pro,OnePlus 10 Pro,phone,oneplus,screen,Thay màn hình hiển thị,0,NO_SOURCE,1450000,2950000,1900000,3800000,2650000,5300000
oneplus-10-pro,OnePlus 10 Pro,phone,oneplus,glass-press,Ép mặt kính / Kính cảm ứng,0,NO_SOURCE,520000,1050000,680000,1350000,940000,1900000
oneplus-10-pro,OnePlus 10 Pro,phone,oneplus,battery,Thay pin dung lượng cao / Pin Zin,0,NO_SOURCE,470000,890000,610000,1150000,850000,1600000
oneplus-10-pro,OnePlus 10 Pro,phone,oneplus,charging-port,Sửa chân sạc / Cổng kết nối,0,NO_SOURCE,370000,680000,480000,890000,660000,1250000
oneplus-10-pro,OnePlus 10 Pro,phone,oneplus,water-damage,Cấp cứu máy vô nước / Rớt nước,0,NO_SOURCE,470000,1000000,610000,1300000,850000,1800000
oneplus-10-pro,OnePlus 10 Pro,phone,oneplus,mainboard,Sửa mất nguồn / Lỗi Mainboard,0,NO_SOURCE,840000,2300000,1100000,3000000,1500000,4150000
oneplus-10-pro,OnePlus 10 Pro,phone,oneplus,camera,Thay camera trước / sau,0,NO_SOURCE,630000,1600000,820000,2050000,1150000,2850000
oneplus-10-pro,OnePlus 10 Pro,phone,oneplus,speaker,Loa trong / Loa ngoài rè,0,NO_SOURCE,320000,630000,410000,820000,570000,1150000
oneplus-10-pro,OnePlus 10 Pro,phone,oneplus,mic,Hỏng Micro (Nói không nghe),0,NO_SOURCE,320000,580000,410000,750000,570000,1050000
oneplus-10-pro,OnePlus 10 Pro,phone,oneplus,back-glass,Thay kính lưng / Bắn laser lưng,0,NO_SOURCE,420000,840000,550000,1100000,760000,1500000
oneplus-10-pro,OnePlus 10 Pro,phone,oneplus,data-recovery,Cứu dữ liệu ổ cứng & Bo mạch,0,NO_SOURCE,630000,1900000,820000,2450000,1150000,3400000
oneplus-10-pro,OnePlus 10 Pro,phone,oneplus,diagnostic,Kiểm tra chẩn đoán toàn diện,0,NO_SOURCE,0,0,0,0,0,0
oneplus-open,OnePlus Open,phone,oneplus,screen,Thay màn hình hiển thị,0,NO_SOURCE,4000000,7900000,5200000,10250000,7200000,14200000
oneplus-open,OnePlus Open,phone,oneplus,glass-press,Ép mặt kính / Kính cảm ứng,0,NO_SOURCE,1250000,2300000,1650000,3000000,2250000,4150000
oneplus-open,OnePlus Open,phone,oneplus,battery,Thay pin dung lượng cao / Pin Zin,0,NO_SOURCE,740000,1400000,960000,1850000,1300000,2550000
oneplus-open,OnePlus Open,phone,oneplus,charging-port,Sửa chân sạc / Cổng kết nối,0,NO_SOURCE,580000,1050000,750000,1350000,1050000,1900000
oneplus-open,OnePlus Open,phone,oneplus,water-damage,Cấp cứu máy vô nước / Rớt nước,0,NO_SOURCE,840000,1900000,1100000,2450000,1500000,3400000
oneplus-open,OnePlus Open,phone,oneplus,mainboard,Sửa mất nguồn / Lỗi Mainboard,0,NO_SOURCE,1600000,4000000,2050000,5200000,2850000,7200000
oneplus-open,OnePlus Open,phone,oneplus,camera,Thay camera trước / sau,0,NO_SOURCE,1000000,2300000,1300000,3000000,1800000,4150000
oneplus-open,OnePlus Open,phone,oneplus,speaker,Loa trong / Loa ngoài rè,0,NO_SOURCE,470000,940000,610000,1250000,850000,1700000
oneplus-open,OnePlus Open,phone,oneplus,mic,Hỏng Micro (Nói không nghe),0,NO_SOURCE,470000,890000,610000,1150000,850000,1600000
oneplus-open,OnePlus Open,phone,oneplus,hinge-body,Sửa gãy bản lề / Vỏ khung sườn,0,NO_SOURCE,1250000,2950000,1650000,3800000,2250000,5300000
oneplus-open,OnePlus Open,phone,oneplus,back-glass,Thay kính lưng / Bắn laser lưng,0,NO_SOURCE,740000,1450000,960000,1900000,1300000,2650000
oneplus-open,OnePlus Open,phone,oneplus,data-recovery,Cứu dữ liệu ổ cứng & Bo mạch,0,NO_SOURCE,940000,2950000,1250000,3800000,1700000,5300000
oneplus-open,OnePlus Open,phone,oneplus,diagnostic,Kiểm tra chẩn đoán toàn diện,0,NO_SOURCE,0,0,0,0,0,0
oneplus-open,OnePlus Open,phone,oneplus,foldable-cable,Cáp bản lề & Màn hình nếp gấp (Fold/Flip),0,NO_SOURCE,1600000,2750000,2050000,3550000,2850000,4900000
oneplus-ace-3,OnePlus Ace 3 (12R),phone,oneplus,screen,Thay màn hình hiển thị,0,NO_SOURCE,1450000,2950000,1900000,3800000,2650000,5300000
oneplus-ace-3,OnePlus Ace 3 (12R),phone,oneplus,glass-press,Ép mặt kính / Kính cảm ứng,0,NO_SOURCE,520000,1050000,680000,1350000,940000,1900000
oneplus-ace-3,OnePlus Ace 3 (12R),phone,oneplus,battery,Thay pin dung lượng cao / Pin Zin,0,NO_SOURCE,470000,890000,610000,1150000,850000,1600000
oneplus-ace-3,OnePlus Ace 3 (12R),phone,oneplus,charging-port,Sửa chân sạc / Cổng kết nối,0,NO_SOURCE,370000,680000,480000,890000,660000,1250000
oneplus-ace-3,OnePlus Ace 3 (12R),phone,oneplus,water-damage,Cấp cứu máy vô nước / Rớt nước,0,NO_SOURCE,470000,1000000,610000,1300000,850000,1800000
oneplus-ace-3,OnePlus Ace 3 (12R),phone,oneplus,mainboard,Sửa mất nguồn / Lỗi Mainboard,0,NO_SOURCE,840000,2300000,1100000,3000000,1500000,4150000
oneplus-ace-3,OnePlus Ace 3 (12R),phone,oneplus,camera,Thay camera trước / sau,0,NO_SOURCE,630000,1600000,820000,2050000,1150000,2850000
oneplus-ace-3,OnePlus Ace 3 (12R),phone,oneplus,speaker,Loa trong / Loa ngoài rè,0,NO_SOURCE,320000,630000,410000,820000,570000,1150000
oneplus-ace-3,OnePlus Ace 3 (12R),phone,oneplus,mic,Hỏng Micro (Nói không nghe),0,NO_SOURCE,320000,580000,410000,750000,570000,1050000
oneplus-ace-3,OnePlus Ace 3 (12R),phone,oneplus,back-glass,Thay kính lưng / Bắn laser lưng,0,NO_SOURCE,420000,840000,550000,1100000,760000,1500000
oneplus-ace-3,OnePlus Ace 3 (12R),phone,oneplus,data-recovery,Cứu dữ liệu ổ cứng & Bo mạch,0,NO_SOURCE,630000,1900000,820000,2450000,1150000,3400000
oneplus-ace-3,OnePlus Ace 3 (12R),phone,oneplus,diagnostic,Kiểm tra chẩn đoán toàn diện,0,NO_SOURCE,0,0,0,0,0,0
oneplus-nord-3,OnePlus Nord 3 5G,phone,oneplus,screen,Thay màn hình hiển thị,0,NO_SOURCE,740000,1700000,960000,2200000,1300000,3000000
oneplus-nord-3,OnePlus Nord 3 5G,phone,oneplus,glass-press,Ép mặt kính / Kính cảm ứng,0,NO_SOURCE,320000,630000,410000,820000,570000,1150000
oneplus-nord-3,OnePlus Nord 3 5G,phone,oneplus,battery,Thay pin dung lượng cao / Pin Zin,0,NO_SOURCE,320000,580000,410000,750000,570000,1050000
oneplus-nord-3,OnePlus Nord 3 5G,phone,oneplus,charging-port,Sửa chân sạc / Cổng kết nối,0,NO_SOURCE,260000,470000,340000,610000,470000,850000
oneplus-nord-3,OnePlus Nord 3 5G,phone,oneplus,water-damage,Cấp cứu máy vô nước / Rớt nước,0,NO_SOURCE,320000,630000,410000,820000,570000,1150000
oneplus-nord-3,OnePlus Nord 3 5G,phone,oneplus,mainboard,Sửa mất nguồn / Lỗi Mainboard,0,NO_SOURCE,520000,1250000,680000,1650000,940000,2250000
oneplus-nord-3,OnePlus Nord 3 5G,phone,oneplus,camera,Thay camera trước / sau,0,NO_SOURCE,370000,840000,480000,1100000,660000,1500000
oneplus-nord-3,OnePlus Nord 3 5G,phone,oneplus,speaker,Loa trong / Loa ngoài rè,0,NO_SOURCE,210000,420000,270000,550000,380000,760000
oneplus-nord-3,OnePlus Nord 3 5G,phone,oneplus,mic,Hỏng Micro (Nói không nghe),0,NO_SOURCE,210000,400000,270000,520000,380000,720000
oneplus-nord-3,OnePlus Nord 3 5G,phone,oneplus,back-glass,Thay kính lưng / Bắn laser lưng,0,NO_SOURCE,260000,520000,340000,680000,470000,940000
oneplus-nord-3,OnePlus Nord 3 5G,phone,oneplus,data-recovery,Cứu dữ liệu ổ cứng & Bo mạch,0,NO_SOURCE,420000,1250000,550000,1650000,760000,2250000
oneplus-nord-3,OnePlus Nord 3 5G,phone,oneplus,diagnostic,Kiểm tra chẩn đoán toàn diện,0,NO_SOURCE,0,0,0,0,0,0
oppo-find-n3,Oppo Find N3,phone,oppo,screen,Thay màn hình hiển thị,0,NO_SOURCE,3400000,6750000,4450000,8800000,6150000,12150000
oppo-find-n3,Oppo Find N3,phone,oppo,glass-press,Ép mặt kính / Kính cảm ứng,0,NO_SOURCE,1100000,2000000,1400000,2550000,1950000,3550000
oppo-find-n3,Oppo Find N3,phone,oppo,battery,Thay pin dung lượng cao / Pin Zin,0,NO_SOURCE,630000,1200000,820000,1600000,1150000,2200000
oppo-find-n3,Oppo Find N3,phone,oppo,charging-port,Sửa chân sạc / Cổng kết nối,0,NO_SOURCE,500000,900000,640000,1150000,890000,1600000
oppo-find-n3,Oppo Find N3,phone,oppo,water-damage,Cấp cứu máy vô nước / Rớt nước,0,NO_SOURCE,720000,1600000,940000,2100000,1300000,2900000
oppo-find-n3,Oppo Find N3,phone,oppo,mainboard,Sửa mất nguồn / Lỗi Mainboard,0,NO_SOURCE,1350000,3400000,1750000,4450000,2450000,6150000
oppo-find-n3,Oppo Find N3,phone,oppo,camera,Thay camera trước / sau,0,NO_SOURCE,860000,2000000,1100000,2550000,1550000,3550000
oppo-find-n3,Oppo Find N3,phone,oppo,speaker,Loa trong / Loa ngoài rè,0,NO_SOURCE,400000,810000,530000,1050000,730000,1450000
oppo-find-n3,Oppo Find N3,phone,oppo,mic,Hỏng Micro (Nói không nghe),0,NO_SOURCE,400000,760000,530000,990000,730000,1400000
oppo-find-n3,Oppo Find N3,phone,oppo,hinge-body,Sửa gãy bản lề / Vỏ khung sườn,0,NO_SOURCE,1100000,2500000,1400000,3300000,1950000,4550000
oppo-find-n3,Oppo Find N3,phone,oppo,back-glass,Thay kính lưng / Bắn laser lưng,0,NO_SOURCE,630000,1250000,820000,1650000,1150000,2250000
oppo-find-n3,Oppo Find N3,phone,oppo,data-recovery,Cứu dữ liệu ổ cứng & Bo mạch,0,NO_SOURCE,810000,2500000,1050000,3300000,1450000,4550000
oppo-find-n3,Oppo Find N3,phone,oppo,diagnostic,Kiểm tra chẩn đoán toàn diện,0,NO_SOURCE,0,0,0,0,0,0
oppo-find-n3,Oppo Find N3,phone,oppo,foldable-cable,Cáp bản lề & Màn hình nếp gấp (Fold/Flip),0,NO_SOURCE,1350000,2350000,1750000,3050000,2450000,4200000
oppo-find-n3-flip,Oppo Find N3 Flip,phone,oppo,screen,Thay màn hình hiển thị,0,NO_SOURCE,3400000,6750000,4450000,8800000,6150000,12150000
oppo-find-n3-flip,Oppo Find N3 Flip,phone,oppo,glass-press,Ép mặt kính / Kính cảm ứng,0,NO_SOURCE,1100000,2000000,1400000,2550000,1950000,3550000
oppo-find-n3-flip,Oppo Find N3 Flip,phone,oppo,battery,Thay pin dung lượng cao / Pin Zin,0,NO_SOURCE,630000,1200000,820000,1600000,1150000,2200000
oppo-find-n3-flip,Oppo Find N3 Flip,phone,oppo,charging-port,Sửa chân sạc / Cổng kết nối,0,NO_SOURCE,500000,900000,640000,1150000,890000,1600000
oppo-find-n3-flip,Oppo Find N3 Flip,phone,oppo,water-damage,Cấp cứu máy vô nước / Rớt nước,0,NO_SOURCE,720000,1600000,940000,2100000,1300000,2900000
oppo-find-n3-flip,Oppo Find N3 Flip,phone,oppo,mainboard,Sửa mất nguồn / Lỗi Mainboard,0,NO_SOURCE,1350000,3400000,1750000,4450000,2450000,6150000
oppo-find-n3-flip,Oppo Find N3 Flip,phone,oppo,camera,Thay camera trước / sau,0,NO_SOURCE,860000,2000000,1100000,2550000,1550000,3550000
oppo-find-n3-flip,Oppo Find N3 Flip,phone,oppo,speaker,Loa trong / Loa ngoài rè,0,NO_SOURCE,400000,810000,530000,1050000,730000,1450000
oppo-find-n3-flip,Oppo Find N3 Flip,phone,oppo,mic,Hỏng Micro (Nói không nghe),0,NO_SOURCE,400000,760000,530000,990000,730000,1400000
oppo-find-n3-flip,Oppo Find N3 Flip,phone,oppo,hinge-body,Sửa gãy bản lề / Vỏ khung sườn,0,NO_SOURCE,1100000,2500000,1400000,3300000,1950000,4550000
oppo-find-n3-flip,Oppo Find N3 Flip,phone,oppo,back-glass,Thay kính lưng / Bắn laser lưng,0,NO_SOURCE,630000,1250000,820000,1650000,1150000,2250000
oppo-find-n3-flip,Oppo Find N3 Flip,phone,oppo,data-recovery,Cứu dữ liệu ổ cứng & Bo mạch,0,NO_SOURCE,810000,2500000,1050000,3300000,1450000,4550000
oppo-find-n3-flip,Oppo Find N3 Flip,phone,oppo,diagnostic,Kiểm tra chẩn đoán toàn diện,0,NO_SOURCE,0,0,0,0,0,0
oppo-find-n3-flip,Oppo Find N3 Flip,phone,oppo,foldable-cable,Cáp bản lề & Màn hình nếp gấp (Fold/Flip),0,NO_SOURCE,1350000,2350000,1750000,3050000,2450000,4200000
oppo-find-n2-flip,Oppo Find N2 Flip,phone,oppo,screen,Thay màn hình hiển thị,0,NO_SOURCE,3400000,6750000,4450000,8800000,6150000,12150000
oppo-find-n2-flip,Oppo Find N2 Flip,phone,oppo,glass-press,Ép mặt kính / Kính cảm ứng,0,NO_SOURCE,1100000,2000000,1400000,2550000,1950000,3550000
oppo-find-n2-flip,Oppo Find N2 Flip,phone,oppo,battery,Thay pin dung lượng cao / Pin Zin,0,NO_SOURCE,630000,1200000,820000,1600000,1150000,2200000
oppo-find-n2-flip,Oppo Find N2 Flip,phone,oppo,charging-port,Sửa chân sạc / Cổng kết nối,0,NO_SOURCE,500000,900000,640000,1150000,890000,1600000
oppo-find-n2-flip,Oppo Find N2 Flip,phone,oppo,water-damage,Cấp cứu máy vô nước / Rớt nước,0,NO_SOURCE,720000,1600000,940000,2100000,1300000,2900000
oppo-find-n2-flip,Oppo Find N2 Flip,phone,oppo,mainboard,Sửa mất nguồn / Lỗi Mainboard,0,NO_SOURCE,1350000,3400000,1750000,4450000,2450000,6150000
oppo-find-n2-flip,Oppo Find N2 Flip,phone,oppo,camera,Thay camera trước / sau,0,NO_SOURCE,860000,2000000,1100000,2550000,1550000,3550000
oppo-find-n2-flip,Oppo Find N2 Flip,phone,oppo,speaker,Loa trong / Loa ngoài rè,0,NO_SOURCE,400000,810000,530000,1050000,730000,1450000
oppo-find-n2-flip,Oppo Find N2 Flip,phone,oppo,mic,Hỏng Micro (Nói không nghe),0,NO_SOURCE,400000,760000,530000,990000,730000,1400000
oppo-find-n2-flip,Oppo Find N2 Flip,phone,oppo,hinge-body,Sửa gãy bản lề / Vỏ khung sườn,0,NO_SOURCE,1100000,2500000,1400000,3300000,1950000,4550000
oppo-find-n2-flip,Oppo Find N2 Flip,phone,oppo,back-glass,Thay kính lưng / Bắn laser lưng,0,NO_SOURCE,630000,1250000,820000,1650000,1150000,2250000
oppo-find-n2-flip,Oppo Find N2 Flip,phone,oppo,data-recovery,Cứu dữ liệu ổ cứng & Bo mạch,0,NO_SOURCE,810000,2500000,1050000,3300000,1450000,4550000
oppo-find-n2-flip,Oppo Find N2 Flip,phone,oppo,diagnostic,Kiểm tra chẩn đoán toàn diện,0,NO_SOURCE,0,0,0,0,0,0
oppo-find-n2-flip,Oppo Find N2 Flip,phone,oppo,foldable-cable,Cáp bản lề & Màn hình nếp gấp (Fold/Flip),0,NO_SOURCE,1350000,2350000,1750000,3050000,2450000,4200000
oppo-find-x6-pro,Oppo Find X6 Pro,phone,oppo,screen,Thay màn hình hiển thị,0,NO_SOURCE,2150000,4300000,2800000,5600000,3900000,7800000
oppo-find-x6-pro,Oppo Find X6 Pro,phone,oppo,glass-press,Ép mặt kính / Kính cảm ứng,0,NO_SOURCE,720000,1450000,940000,1850000,1300000,2600000
oppo-find-x6-pro,Oppo Find X6 Pro,phone,oppo,battery,Thay pin dung lượng cao / Pin Zin,0,NO_SOURCE,580000,1100000,760000,1450000,1050000,2000000
oppo-find-x6-pro,Oppo Find X6 Pro,phone,oppo,charging-port,Sửa chân sạc / Cổng kết nối,0,NO_SOURCE,450000,860000,580000,1100000,810000,1550000
oppo-find-x6-pro,Oppo Find X6 Pro,phone,oppo,water-damage,Cấp cứu máy vô nước / Rớt nước,0,NO_SOURCE,540000,1250000,700000,1650000,970000,2250000
oppo-find-x6-pro,Oppo Find X6 Pro,phone,oppo,mainboard,Sửa mất nguồn / Lỗi Mainboard,0,NO_SOURCE,1100000,2900000,1400000,3750000,1950000,5200000
oppo-find-x6-pro,Oppo Find X6 Pro,phone,oppo,camera,Thay camera trước / sau,0,NO_SOURCE,860000,2150000,1100000,2800000,1550000,3900000
oppo-find-x6-pro,Oppo Find X6 Pro,phone,oppo,speaker,Loa trong / Loa ngoài rè,0,NO_SOURCE,360000,760000,470000,990000,650000,1400000
oppo-find-x6-pro,Oppo Find X6 Pro,phone,oppo,mic,Hỏng Micro (Nói không nghe),0,NO_SOURCE,360000,720000,470000,940000,650000,1300000
oppo-find-x6-pro,Oppo Find X6 Pro,phone,oppo,back-glass,Thay kính lưng / Bắn laser lưng,0,NO_SOURCE,580000,1150000,760000,1500000,1050000,2100000
oppo-find-x6-pro,Oppo Find X6 Pro,phone,oppo,data-recovery,Cứu dữ liệu ổ cứng & Bo mạch,0,NO_SOURCE,720000,2250000,940000,2900000,1300000,4050000
oppo-find-x6-pro,Oppo Find X6 Pro,phone,oppo,diagnostic,Kiểm tra chẩn đoán toàn diện,0,NO_SOURCE,0,0,0,0,0,0
oppo-find-x5-pro,Oppo Find X5 Pro,phone,oppo,screen,Thay màn hình hiển thị,0,NO_SOURCE,1250000,2500000,1650000,3300000,2250000,4550000
oppo-find-x5-pro,Oppo Find X5 Pro,phone,oppo,glass-press,Ép mặt kính / Kính cảm ứng,0,NO_SOURCE,450000,900000,580000,1150000,810000,1600000
oppo-find-x5-pro,Oppo Find X5 Pro,phone,oppo,battery,Thay pin dung lượng cao / Pin Zin,0,NO_SOURCE,400000,760000,530000,990000,730000,1400000
oppo-find-x5-pro,Oppo Find X5 Pro,phone,oppo,charging-port,Sửa chân sạc / Cổng kết nối,0,NO_SOURCE,320000,580000,410000,760000,570000,1050000
oppo-find-x5-pro,Oppo Find X5 Pro,phone,oppo,water-damage,Cấp cứu máy vô nước / Rớt nước,0,NO_SOURCE,400000,860000,530000,1100000,730000,1550000
oppo-find-x5-pro,Oppo Find X5 Pro,phone,oppo,mainboard,Sửa mất nguồn / Lỗi Mainboard,0,NO_SOURCE,720000,2000000,940000,2550000,1300000,3550000
oppo-find-x5-pro,Oppo Find X5 Pro,phone,oppo,camera,Thay camera trước / sau,0,NO_SOURCE,540000,1350000,700000,1750000,970000,2450000
oppo-find-x5-pro,Oppo Find X5 Pro,phone,oppo,speaker,Loa trong / Loa ngoài rè,0,NO_SOURCE,270000,540000,350000,700000,490000,970000
oppo-find-x5-pro,Oppo Find X5 Pro,phone,oppo,mic,Hỏng Micro (Nói không nghe),0,NO_SOURCE,270000,500000,350000,640000,490000,890000
oppo-find-x5-pro,Oppo Find X5 Pro,phone,oppo,back-glass,Thay kính lưng / Bắn laser lưng,0,NO_SOURCE,360000,720000,470000,940000,650000,1300000
oppo-find-x5-pro,Oppo Find X5 Pro,phone,oppo,data-recovery,Cứu dữ liệu ổ cứng & Bo mạch,0,NO_SOURCE,540000,1600000,700000,2100000,970000,2900000
oppo-find-x5-pro,Oppo Find X5 Pro,phone,oppo,diagnostic,Kiểm tra chẩn đoán toàn diện,0,NO_SOURCE,0,0,0,0,0,0
oppo-reno-12-pro,Oppo Reno 12 Pro,phone,oppo,screen,Thay màn hình hiển thị,0,NO_SOURCE,1250000,2500000,1650000,3300000,2250000,4550000
oppo-reno-12-pro,Oppo Reno 12 Pro,phone,oppo,glass-press,Ép mặt kính / Kính cảm ứng,0,NO_SOURCE,450000,900000,580000,1150000,810000,1600000
oppo-reno-12-pro,Oppo Reno 12 Pro,phone,oppo,battery,Thay pin dung lượng cao / Pin Zin,0,NO_SOURCE,400000,760000,530000,990000,730000,1400000
oppo-reno-12-pro,Oppo Reno 12 Pro,phone,oppo,charging-port,Sửa chân sạc / Cổng kết nối,0,NO_SOURCE,320000,580000,410000,760000,570000,1050000
oppo-reno-12-pro,Oppo Reno 12 Pro,phone,oppo,water-damage,Cấp cứu máy vô nước / Rớt nước,0,NO_SOURCE,400000,860000,530000,1100000,730000,1550000
oppo-reno-12-pro,Oppo Reno 12 Pro,phone,oppo,mainboard,Sửa mất nguồn / Lỗi Mainboard,0,NO_SOURCE,720000,2000000,940000,2550000,1300000,3550000
oppo-reno-12-pro,Oppo Reno 12 Pro,phone,oppo,camera,Thay camera trước / sau,0,NO_SOURCE,540000,1350000,700000,1750000,970000,2450000
oppo-reno-12-pro,Oppo Reno 12 Pro,phone,oppo,speaker,Loa trong / Loa ngoài rè,0,NO_SOURCE,270000,540000,350000,700000,490000,970000
oppo-reno-12-pro,Oppo Reno 12 Pro,phone,oppo,mic,Hỏng Micro (Nói không nghe),0,NO_SOURCE,270000,500000,350000,640000,490000,890000
oppo-reno-12-pro,Oppo Reno 12 Pro,phone,oppo,back-glass,Thay kính lưng / Bắn laser lưng,0,NO_SOURCE,360000,720000,470000,940000,650000,1300000
oppo-reno-12-pro,Oppo Reno 12 Pro,phone,oppo,data-recovery,Cứu dữ liệu ổ cứng & Bo mạch,0,NO_SOURCE,540000,1600000,700000,2100000,970000,2900000
oppo-reno-12-pro,Oppo Reno 12 Pro,phone,oppo,diagnostic,Kiểm tra chẩn đoán toàn diện,0,NO_SOURCE,0,0,0,0,0,0
oppo-reno-12,Oppo Reno 12,phone,oppo,screen,Thay màn hình hiển thị,0,NO_SOURCE,630000,1450000,820000,1850000,1150000,2600000
oppo-reno-12,Oppo Reno 12,phone,oppo,glass-press,Ép mặt kính / Kính cảm ứng,0,NO_SOURCE,270000,540000,350000,700000,490000,970000
oppo-reno-12,Oppo Reno 12,phone,oppo,battery,Thay pin dung lượng cao / Pin Zin,0,NO_SOURCE,270000,500000,350000,640000,490000,890000
oppo-reno-12,Oppo Reno 12,phone,oppo,charging-port,Sửa chân sạc / Cổng kết nối,0,NO_SOURCE,220000,400000,290000,530000,400000,730000
oppo-reno-12,Oppo Reno 12,phone,oppo,water-damage,Cấp cứu máy vô nước / Rớt nước,0,NO_SOURCE,270000,540000,350000,700000,490000,970000
oppo-reno-12,Oppo Reno 12,phone,oppo,mainboard,Sửa mất nguồn / Lỗi Mainboard,0,NO_SOURCE,450000,1100000,580000,1400000,810000,1950000
oppo-reno-12,Oppo Reno 12,phone,oppo,camera,Thay camera trước / sau,0,NO_SOURCE,320000,720000,410000,940000,570000,1300000
oppo-reno-12,Oppo Reno 12,phone,oppo,speaker,Loa trong / Loa ngoài rè,0,NO_SOURCE,180000,360000,230000,470000,320000,650000
oppo-reno-12,Oppo Reno 12,phone,oppo,mic,Hỏng Micro (Nói không nghe),0,NO_SOURCE,180000,340000,230000,440000,320000,620000
oppo-reno-12,Oppo Reno 12,phone,oppo,back-glass,Thay kính lưng / Bắn laser lưng,0,NO_SOURCE,220000,450000,290000,580000,400000,810000
oppo-reno-12,Oppo Reno 12,phone,oppo,data-recovery,Cứu dữ liệu ổ cứng & Bo mạch,0,NO_SOURCE,360000,1100000,470000,1400000,650000,1950000
oppo-reno-12,Oppo Reno 12,phone,oppo,diagnostic,Kiểm tra chẩn đoán toàn diện,0,NO_SOURCE,0,0,0,0,0,0
oppo-reno-11-pro,Oppo Reno 11 Pro,phone,oppo,screen,Thay màn hình hiển thị,0,NO_SOURCE,1250000,2500000,1650000,3300000,2250000,4550000
oppo-reno-11-pro,Oppo Reno 11 Pro,phone,oppo,glass-press,Ép mặt kính / Kính cảm ứng,0,NO_SOURCE,450000,900000,580000,1150000,810000,1600000
oppo-reno-11-pro,Oppo Reno 11 Pro,phone,oppo,battery,Thay pin dung lượng cao / Pin Zin,0,NO_SOURCE,400000,760000,530000,990000,730000,1400000
oppo-reno-11-pro,Oppo Reno 11 Pro,phone,oppo,charging-port,Sửa chân sạc / Cổng kết nối,0,NO_SOURCE,320000,580000,410000,760000,570000,1050000
oppo-reno-11-pro,Oppo Reno 11 Pro,phone,oppo,water-damage,Cấp cứu máy vô nước / Rớt nước,0,NO_SOURCE,400000,860000,530000,1100000,730000,1550000
oppo-reno-11-pro,Oppo Reno 11 Pro,phone,oppo,mainboard,Sửa mất nguồn / Lỗi Mainboard,0,NO_SOURCE,720000,2000000,940000,2550000,1300000,3550000
oppo-reno-11-pro,Oppo Reno 11 Pro,phone,oppo,camera,Thay camera trước / sau,0,NO_SOURCE,540000,1350000,700000,1750000,970000,2450000
oppo-reno-11-pro,Oppo Reno 11 Pro,phone,oppo,speaker,Loa trong / Loa ngoài rè,0,NO_SOURCE,270000,540000,350000,700000,490000,970000
oppo-reno-11-pro,Oppo Reno 11 Pro,phone,oppo,mic,Hỏng Micro (Nói không nghe),0,NO_SOURCE,270000,500000,350000,640000,490000,890000
oppo-reno-11-pro,Oppo Reno 11 Pro,phone,oppo,back-glass,Thay kính lưng / Bắn laser lưng,0,NO_SOURCE,360000,720000,470000,940000,650000,1300000
oppo-reno-11-pro,Oppo Reno 11 Pro,phone,oppo,data-recovery,Cứu dữ liệu ổ cứng & Bo mạch,0,NO_SOURCE,540000,1600000,700000,2100000,970000,2900000
oppo-reno-11-pro,Oppo Reno 11 Pro,phone,oppo,diagnostic,Kiểm tra chẩn đoán toàn diện,0,NO_SOURCE,0,0,0,0,0,0
oppo-reno-11,Oppo Reno 11,phone,oppo,screen,Thay màn hình hiển thị,0,NO_SOURCE,630000,1450000,820000,1850000,1150000,2600000
oppo-reno-11,Oppo Reno 11,phone,oppo,glass-press,Ép mặt kính / Kính cảm ứng,0,NO_SOURCE,270000,540000,350000,700000,490000,970000
oppo-reno-11,Oppo Reno 11,phone,oppo,battery,Thay pin dung lượng cao / Pin Zin,0,NO_SOURCE,270000,500000,350000,640000,490000,890000
oppo-reno-11,Oppo Reno 11,phone,oppo,charging-port,Sửa chân sạc / Cổng kết nối,0,NO_SOURCE,220000,400000,290000,530000,400000,730000
oppo-reno-11,Oppo Reno 11,phone,oppo,water-damage,Cấp cứu máy vô nước / Rớt nước,0,NO_SOURCE,270000,540000,350000,700000,490000,970000
oppo-reno-11,Oppo Reno 11,phone,oppo,mainboard,Sửa mất nguồn / Lỗi Mainboard,0,NO_SOURCE,450000,1100000,580000,1400000,810000,1950000
oppo-reno-11,Oppo Reno 11,phone,oppo,camera,Thay camera trước / sau,0,NO_SOURCE,320000,720000,410000,940000,570000,1300000
oppo-reno-11,Oppo Reno 11,phone,oppo,speaker,Loa trong / Loa ngoài rè,0,NO_SOURCE,180000,360000,230000,470000,320000,650000
oppo-reno-11,Oppo Reno 11,phone,oppo,mic,Hỏng Micro (Nói không nghe),0,NO_SOURCE,180000,340000,230000,440000,320000,620000
oppo-reno-11,Oppo Reno 11,phone,oppo,back-glass,Thay kính lưng / Bắn laser lưng,0,NO_SOURCE,220000,450000,290000,580000,400000,810000
oppo-reno-11,Oppo Reno 11,phone,oppo,data-recovery,Cứu dữ liệu ổ cứng & Bo mạch,0,NO_SOURCE,360000,1100000,470000,1400000,650000,1950000
oppo-reno-11,Oppo Reno 11,phone,oppo,diagnostic,Kiểm tra chẩn đoán toàn diện,0,NO_SOURCE,0,0,0,0,0,0
oppo-reno-10-pro-plus,Oppo Reno 10 Pro+,phone,oppo,screen,Thay màn hình hiển thị,0,NO_SOURCE,1250000,2500000,1650000,3300000,2250000,4550000
oppo-reno-10-pro-plus,Oppo Reno 10 Pro+,phone,oppo,glass-press,Ép mặt kính / Kính cảm ứng,0,NO_SOURCE,450000,900000,580000,1150000,810000,1600000
oppo-reno-10-pro-plus,Oppo Reno 10 Pro+,phone,oppo,battery,Thay pin dung lượng cao / Pin Zin,0,NO_SOURCE,400000,760000,530000,990000,730000,1400000
oppo-reno-10-pro-plus,Oppo Reno 10 Pro+,phone,oppo,charging-port,Sửa chân sạc / Cổng kết nối,0,NO_SOURCE,320000,580000,410000,760000,570000,1050000
oppo-reno-10-pro-plus,Oppo Reno 10 Pro+,phone,oppo,water-damage,Cấp cứu máy vô nước / Rớt nước,0,NO_SOURCE,400000,860000,530000,1100000,730000,1550000
oppo-reno-10-pro-plus,Oppo Reno 10 Pro+,phone,oppo,mainboard,Sửa mất nguồn / Lỗi Mainboard,0,NO_SOURCE,720000,2000000,940000,2550000,1300000,3550000
oppo-reno-10-pro-plus,Oppo Reno 10 Pro+,phone,oppo,camera,Thay camera trước / sau,0,NO_SOURCE,540000,1350000,700000,1750000,970000,2450000
oppo-reno-10-pro-plus,Oppo Reno 10 Pro+,phone,oppo,speaker,Loa trong / Loa ngoài rè,0,NO_SOURCE,270000,540000,350000,700000,490000,970000
oppo-reno-10-pro-plus,Oppo Reno 10 Pro+,phone,oppo,mic,Hỏng Micro (Nói không nghe),0,NO_SOURCE,270000,500000,350000,640000,490000,890000
oppo-reno-10-pro-plus,Oppo Reno 10 Pro+,phone,oppo,back-glass,Thay kính lưng / Bắn laser lưng,0,NO_SOURCE,360000,720000,470000,940000,650000,1300000
oppo-reno-10-pro-plus,Oppo Reno 10 Pro+,phone,oppo,data-recovery,Cứu dữ liệu ổ cứng & Bo mạch,0,NO_SOURCE,540000,1600000,700000,2100000,970000,2900000
oppo-reno-10-pro-plus,Oppo Reno 10 Pro+,phone,oppo,diagnostic,Kiểm tra chẩn đoán toàn diện,0,NO_SOURCE,0,0,0,0,0,0
oppo-reno-10,Oppo Reno 10,phone,oppo,screen,Thay màn hình hiển thị,0,NO_SOURCE,630000,1450000,820000,1850000,1150000,2600000
oppo-reno-10,Oppo Reno 10,phone,oppo,glass-press,Ép mặt kính / Kính cảm ứng,0,NO_SOURCE,270000,540000,350000,700000,490000,970000
oppo-reno-10,Oppo Reno 10,phone,oppo,battery,Thay pin dung lượng cao / Pin Zin,0,NO_SOURCE,270000,500000,350000,640000,490000,890000
oppo-reno-10,Oppo Reno 10,phone,oppo,charging-port,Sửa chân sạc / Cổng kết nối,0,NO_SOURCE,220000,400000,290000,530000,400000,730000
oppo-reno-10,Oppo Reno 10,phone,oppo,water-damage,Cấp cứu máy vô nước / Rớt nước,0,NO_SOURCE,270000,540000,350000,700000,490000,970000
oppo-reno-10,Oppo Reno 10,phone,oppo,mainboard,Sửa mất nguồn / Lỗi Mainboard,0,NO_SOURCE,450000,1100000,580000,1400000,810000,1950000
oppo-reno-10,Oppo Reno 10,phone,oppo,camera,Thay camera trước / sau,0,NO_SOURCE,320000,720000,410000,940000,570000,1300000
oppo-reno-10,Oppo Reno 10,phone,oppo,speaker,Loa trong / Loa ngoài rè,0,NO_SOURCE,180000,360000,230000,470000,320000,650000
oppo-reno-10,Oppo Reno 10,phone,oppo,mic,Hỏng Micro (Nói không nghe),0,NO_SOURCE,180000,340000,230000,440000,320000,620000
oppo-reno-10,Oppo Reno 10,phone,oppo,back-glass,Thay kính lưng / Bắn laser lưng,0,NO_SOURCE,220000,450000,290000,580000,400000,810000
oppo-reno-10,Oppo Reno 10,phone,oppo,data-recovery,Cứu dữ liệu ổ cứng & Bo mạch,0,NO_SOURCE,360000,1100000,470000,1400000,650000,1950000
oppo-reno-10,Oppo Reno 10,phone,oppo,diagnostic,Kiểm tra chẩn đoán toàn diện,0,NO_SOURCE,0,0,0,0,0,0
oppo-reno-8,Oppo Reno 8 5G / 4G,phone,oppo,screen,Thay màn hình hiển thị,0,NO_SOURCE,630000,1450000,820000,1850000,1150000,2600000
oppo-reno-8,Oppo Reno 8 5G / 4G,phone,oppo,glass-press,Ép mặt kính / Kính cảm ứng,0,NO_SOURCE,270000,540000,350000,700000,490000,970000
oppo-reno-8,Oppo Reno 8 5G / 4G,phone,oppo,battery,Thay pin dung lượng cao / Pin Zin,0,NO_SOURCE,270000,500000,350000,640000,490000,890000
oppo-reno-8,Oppo Reno 8 5G / 4G,phone,oppo,charging-port,Sửa chân sạc / Cổng kết nối,0,NO_SOURCE,220000,400000,290000,530000,400000,730000
oppo-reno-8,Oppo Reno 8 5G / 4G,phone,oppo,water-damage,Cấp cứu máy vô nước / Rớt nước,0,NO_SOURCE,270000,540000,350000,700000,490000,970000
oppo-reno-8,Oppo Reno 8 5G / 4G,phone,oppo,mainboard,Sửa mất nguồn / Lỗi Mainboard,0,NO_SOURCE,450000,1100000,580000,1400000,810000,1950000
oppo-reno-8,Oppo Reno 8 5G / 4G,phone,oppo,camera,Thay camera trước / sau,0,NO_SOURCE,320000,720000,410000,940000,570000,1300000
oppo-reno-8,Oppo Reno 8 5G / 4G,phone,oppo,speaker,Loa trong / Loa ngoài rè,0,NO_SOURCE,180000,360000,230000,470000,320000,650000
oppo-reno-8,Oppo Reno 8 5G / 4G,phone,oppo,mic,Hỏng Micro (Nói không nghe),0,NO_SOURCE,180000,340000,230000,440000,320000,620000
oppo-reno-8,Oppo Reno 8 5G / 4G,phone,oppo,back-glass,Thay kính lưng / Bắn laser lưng,0,NO_SOURCE,220000,450000,290000,580000,400000,810000
oppo-reno-8,Oppo Reno 8 5G / 4G,phone,oppo,data-recovery,Cứu dữ liệu ổ cứng & Bo mạch,0,NO_SOURCE,360000,1100000,470000,1400000,650000,1950000
oppo-reno-8,Oppo Reno 8 5G / 4G,phone,oppo,diagnostic,Kiểm tra chẩn đoán toàn diện,0,NO_SOURCE,0,0,0,0,0,0
oppo-a79-5g,Oppo A79 5G,phone,oppo,screen,Thay màn hình hiển thị,0,NO_SOURCE,630000,1450000,820000,1850000,1150000,2600000
oppo-a79-5g,Oppo A79 5G,phone,oppo,glass-press,Ép mặt kính / Kính cảm ứng,0,NO_SOURCE,270000,540000,350000,700000,490000,970000
oppo-a79-5g,Oppo A79 5G,phone,oppo,battery,Thay pin dung lượng cao / Pin Zin,0,NO_SOURCE,270000,500000,350000,640000,490000,890000
oppo-a79-5g,Oppo A79 5G,phone,oppo,charging-port,Sửa chân sạc / Cổng kết nối,0,NO_SOURCE,220000,400000,290000,530000,400000,730000
oppo-a79-5g,Oppo A79 5G,phone,oppo,water-damage,Cấp cứu máy vô nước / Rớt nước,0,NO_SOURCE,270000,540000,350000,700000,490000,970000
oppo-a79-5g,Oppo A79 5G,phone,oppo,mainboard,Sửa mất nguồn / Lỗi Mainboard,0,NO_SOURCE,450000,1100000,580000,1400000,810000,1950000
oppo-a79-5g,Oppo A79 5G,phone,oppo,camera,Thay camera trước / sau,0,NO_SOURCE,320000,720000,410000,940000,570000,1300000
oppo-a79-5g,Oppo A79 5G,phone,oppo,speaker,Loa trong / Loa ngoài rè,0,NO_SOURCE,180000,360000,230000,470000,320000,650000
oppo-a79-5g,Oppo A79 5G,phone,oppo,mic,Hỏng Micro (Nói không nghe),0,NO_SOURCE,180000,340000,230000,440000,320000,620000
oppo-a79-5g,Oppo A79 5G,phone,oppo,back-glass,Thay kính lưng / Bắn laser lưng,0,NO_SOURCE,220000,450000,290000,580000,400000,810000
oppo-a79-5g,Oppo A79 5G,phone,oppo,data-recovery,Cứu dữ liệu ổ cứng & Bo mạch,0,NO_SOURCE,360000,1100000,470000,1400000,650000,1950000
oppo-a79-5g,Oppo A79 5G,phone,oppo,diagnostic,Kiểm tra chẩn đoán toàn diện,0,NO_SOURCE,0,0,0,0,0,0
oppo-a78,Oppo A78,phone,oppo,screen,Thay màn hình hiển thị,0,NO_SOURCE,320000,630000,410000,820000,570000,1150000
oppo-a78,Oppo A78,phone,oppo,glass-press,Ép mặt kính / Kính cảm ứng,0,NO_SOURCE,180000,320000,230000,410000,320000,570000
oppo-a78,Oppo A78,phone,oppo,battery,Thay pin dung lượng cao / Pin Zin,0,NO_SOURCE,180000,320000,230000,410000,320000,570000
oppo-a78,Oppo A78,phone,oppo,charging-port,Sửa chân sạc / Cổng kết nối,0,NO_SOURCE,140000,250000,180000,330000,240000,450000
oppo-a78,Oppo A78,phone,oppo,water-damage,Cấp cứu máy vô nước / Rớt nước,0,NO_SOURCE,180000,360000,230000,470000,320000,650000
oppo-a78,Oppo A78,phone,oppo,mainboard,Sửa mất nguồn / Lỗi Mainboard,0,NO_SOURCE,320000,680000,410000,880000,570000,1200000
oppo-a78,Oppo A78,phone,oppo,camera,Thay camera trước / sau,0,NO_SOURCE,180000,400000,230000,530000,320000,730000
oppo-a78,Oppo A78,phone,oppo,speaker,Loa trong / Loa ngoài rè,0,NO_SOURCE,140000,270000,180000,350000,240000,490000
oppo-a78,Oppo A78,phone,oppo,mic,Hỏng Micro (Nói không nghe),0,NO_SOURCE,140000,250000,180000,330000,240000,450000
oppo-a78,Oppo A78,phone,oppo,back-glass,Thay kính lưng / Bắn laser lưng,0,NO_SOURCE,160000,290000,210000,370000,290000,520000
oppo-a78,Oppo A78,phone,oppo,data-recovery,Cứu dữ liệu ổ cứng & Bo mạch,0,NO_SOURCE,270000,720000,350000,940000,490000,1300000
oppo-a78,Oppo A78,phone,oppo,diagnostic,Kiểm tra chẩn đoán toàn diện,0,NO_SOURCE,0,0,0,0,0,0
oppo-a58,Oppo A58,phone,oppo,screen,Thay màn hình hiển thị,0,NO_SOURCE,320000,630000,410000,820000,570000,1150000
oppo-a58,Oppo A58,phone,oppo,glass-press,Ép mặt kính / Kính cảm ứng,0,NO_SOURCE,180000,320000,230000,410000,320000,570000
oppo-a58,Oppo A58,phone,oppo,battery,Thay pin dung lượng cao / Pin Zin,0,NO_SOURCE,180000,320000,230000,410000,320000,570000
oppo-a58,Oppo A58,phone,oppo,charging-port,Sửa chân sạc / Cổng kết nối,0,NO_SOURCE,140000,250000,180000,330000,240000,450000
oppo-a58,Oppo A58,phone,oppo,water-damage,Cấp cứu máy vô nước / Rớt nước,0,NO_SOURCE,180000,360000,230000,470000,320000,650000
oppo-a58,Oppo A58,phone,oppo,mainboard,Sửa mất nguồn / Lỗi Mainboard,0,NO_SOURCE,320000,680000,410000,880000,570000,1200000
oppo-a58,Oppo A58,phone,oppo,camera,Thay camera trước / sau,0,NO_SOURCE,180000,400000,230000,530000,320000,730000
oppo-a58,Oppo A58,phone,oppo,speaker,Loa trong / Loa ngoài rè,0,NO_SOURCE,140000,270000,180000,350000,240000,490000
oppo-a58,Oppo A58,phone,oppo,mic,Hỏng Micro (Nói không nghe),0,NO_SOURCE,140000,250000,180000,330000,240000,450000
oppo-a58,Oppo A58,phone,oppo,back-glass,Thay kính lưng / Bắn laser lưng,0,NO_SOURCE,160000,290000,210000,370000,290000,520000
oppo-a58,Oppo A58,phone,oppo,data-recovery,Cứu dữ liệu ổ cứng & Bo mạch,0,NO_SOURCE,270000,720000,350000,940000,490000,1300000
oppo-a58,Oppo A58,phone,oppo,diagnostic,Kiểm tra chẩn đoán toàn diện,0,NO_SOURCE,0,0,0,0,0,0
oppo-a38,Oppo A38,phone,oppo,screen,Thay màn hình hiển thị,0,NO_SOURCE,320000,630000,410000,820000,570000,1150000
oppo-a38,Oppo A38,phone,oppo,glass-press,Ép mặt kính / Kính cảm ứng,0,NO_SOURCE,180000,320000,230000,410000,320000,570000
oppo-a38,Oppo A38,phone,oppo,battery,Thay pin dung lượng cao / Pin Zin,0,NO_SOURCE,180000,320000,230000,410000,320000,570000
oppo-a38,Oppo A38,phone,oppo,charging-port,Sửa chân sạc / Cổng kết nối,0,NO_SOURCE,140000,250000,180000,330000,240000,450000
oppo-a38,Oppo A38,phone,oppo,water-damage,Cấp cứu máy vô nước / Rớt nước,0,NO_SOURCE,180000,360000,230000,470000,320000,650000
oppo-a38,Oppo A38,phone,oppo,mainboard,Sửa mất nguồn / Lỗi Mainboard,0,NO_SOURCE,320000,680000,410000,880000,570000,1200000
oppo-a38,Oppo A38,phone,oppo,camera,Thay camera trước / sau,0,NO_SOURCE,180000,400000,230000,530000,320000,730000
oppo-a38,Oppo A38,phone,oppo,speaker,Loa trong / Loa ngoài rè,0,NO_SOURCE,140000,270000,180000,350000,240000,490000
oppo-a38,Oppo A38,phone,oppo,mic,Hỏng Micro (Nói không nghe),0,NO_SOURCE,140000,250000,180000,330000,240000,450000
oppo-a38,Oppo A38,phone,oppo,back-glass,Thay kính lưng / Bắn laser lưng,0,NO_SOURCE,160000,290000,210000,370000,290000,520000
oppo-a38,Oppo A38,phone,oppo,data-recovery,Cứu dữ liệu ổ cứng & Bo mạch,0,NO_SOURCE,270000,720000,350000,940000,490000,1300000
oppo-a38,Oppo A38,phone,oppo,diagnostic,Kiểm tra chẩn đoán toàn diện,0,NO_SOURCE,0,0,0,0,0,0
asus-rog-phone-8-pro,ASUS ROG Phone 8 Pro,phone,others,screen,Thay màn hình hiển thị,0,NO_SOURCE,2400000,4800000,3100000,6250000,4300000,8650000
asus-rog-phone-8-pro,ASUS ROG Phone 8 Pro,phone,others,glass-press,Ép mặt kính / Kính cảm ứng,0,NO_SOURCE,800000,1600000,1050000,2100000,1450000,2900000
asus-rog-phone-8-pro,ASUS ROG Phone 8 Pro,phone,others,battery,Thay pin dung lượng cao / Pin Zin,0,NO_SOURCE,650000,1250000,840000,1600000,1150000,2250000
asus-rog-phone-8-pro,ASUS ROG Phone 8 Pro,phone,others,charging-port,Sửa chân sạc / Cổng kết nối,0,NO_SOURCE,500000,950000,650000,1250000,900000,1700000
asus-rog-phone-8-pro,ASUS ROG Phone 8 Pro,phone,others,water-damage,Cấp cứu máy vô nước / Rớt nước,0,NO_SOURCE,600000,1400000,780000,1800000,1100000,2500000
asus-rog-phone-8-pro,ASUS ROG Phone 8 Pro,phone,others,mainboard,Sửa mất nguồn / Lỗi Mainboard,0,NO_SOURCE,1200000,3200000,1550000,4150000,2150000,5750000
asus-rog-phone-8-pro,ASUS ROG Phone 8 Pro,phone,others,camera,Thay camera trước / sau,0,NO_SOURCE,950000,2400000,1250000,3100000,1700000,4300000
asus-rog-phone-8-pro,ASUS ROG Phone 8 Pro,phone,others,speaker,Loa trong / Loa ngoài rè,0,NO_SOURCE,400000,850000,520000,1100000,720000,1550000
asus-rog-phone-8-pro,ASUS ROG Phone 8 Pro,phone,others,mic,Hỏng Micro (Nói không nghe),0,NO_SOURCE,400000,800000,520000,1050000,720000,1450000
asus-rog-phone-8-pro,ASUS ROG Phone 8 Pro,phone,others,back-glass,Thay kính lưng / Bắn laser lưng,0,NO_SOURCE,650000,1300000,840000,1700000,1150000,2350000
asus-rog-phone-8-pro,ASUS ROG Phone 8 Pro,phone,others,data-recovery,Cứu dữ liệu ổ cứng & Bo mạch,0,NO_SOURCE,800000,2500000,1050000,3250000,1450000,4500000
asus-rog-phone-8-pro,ASUS ROG Phone 8 Pro,phone,others,diagnostic,Kiểm tra chẩn đoán toàn diện,0,NO_SOURCE,0,0,0,0,0,0
nothing-phone-2,Nothing Phone (2),phone,nothing,screen,Thay màn hình hiển thị,0,NO_SOURCE,1450000,2950000,1900000,3800000,2650000,5300000
nothing-phone-2,Nothing Phone (2),phone,nothing,glass-press,Ép mặt kính / Kính cảm ứng,0,NO_SOURCE,520000,1050000,680000,1350000,940000,1900000
nothing-phone-2,Nothing Phone (2),phone,nothing,battery,Thay pin dung lượng cao / Pin Zin,0,NO_SOURCE,470000,890000,610000,1150000,850000,1600000
nothing-phone-2,Nothing Phone (2),phone,nothing,charging-port,Sửa chân sạc / Cổng kết nối,0,NO_SOURCE,370000,680000,480000,890000,660000,1250000
nothing-phone-2,Nothing Phone (2),phone,nothing,water-damage,Cấp cứu máy vô nước / Rớt nước,0,NO_SOURCE,470000,1000000,610000,1300000,850000,1800000
nothing-phone-2,Nothing Phone (2),phone,nothing,mainboard,Sửa mất nguồn / Lỗi Mainboard,0,NO_SOURCE,840000,2300000,1100000,3000000,1500000,4150000
nothing-phone-2,Nothing Phone (2),phone,nothing,camera,Thay camera trước / sau,0,NO_SOURCE,630000,1600000,820000,2050000,1150000,2850000
nothing-phone-2,Nothing Phone (2),phone,nothing,speaker,Loa trong / Loa ngoài rè,0,NO_SOURCE,320000,630000,410000,820000,570000,1150000
nothing-phone-2,Nothing Phone (2),phone,nothing,mic,Hỏng Micro (Nói không nghe),0,NO_SOURCE,320000,580000,410000,750000,570000,1050000
nothing-phone-2,Nothing Phone (2),phone,nothing,back-glass,Thay kính lưng / Bắn laser lưng,0,NO_SOURCE,420000,840000,550000,1100000,760000,1500000
nothing-phone-2,Nothing Phone (2),phone,nothing,data-recovery,Cứu dữ liệu ổ cứng & Bo mạch,0,NO_SOURCE,630000,1900000,820000,2450000,1150000,3400000
nothing-phone-2,Nothing Phone (2),phone,nothing,diagnostic,Kiểm tra chẩn đoán toàn diện,0,NO_SOURCE,0,0,0,0,0,0
nothing-phone-2a,Nothing Phone (2a),phone,nothing,screen,Thay màn hình hiển thị,0,NO_SOURCE,740000,1700000,960000,2200000,1300000,3000000
nothing-phone-2a,Nothing Phone (2a),phone,nothing,glass-press,Ép mặt kính / Kính cảm ứng,0,NO_SOURCE,320000,630000,410000,820000,570000,1150000
nothing-phone-2a,Nothing Phone (2a),phone,nothing,battery,Thay pin dung lượng cao / Pin Zin,0,NO_SOURCE,320000,580000,410000,750000,570000,1050000
nothing-phone-2a,Nothing Phone (2a),phone,nothing,charging-port,Sửa chân sạc / Cổng kết nối,0,NO_SOURCE,260000,470000,340000,610000,470000,850000
nothing-phone-2a,Nothing Phone (2a),phone,nothing,water-damage,Cấp cứu máy vô nước / Rớt nước,0,NO_SOURCE,320000,630000,410000,820000,570000,1150000
nothing-phone-2a,Nothing Phone (2a),phone,nothing,mainboard,Sửa mất nguồn / Lỗi Mainboard,0,NO_SOURCE,520000,1250000,680000,1650000,940000,2250000
nothing-phone-2a,Nothing Phone (2a),phone,nothing,camera,Thay camera trước / sau,0,NO_SOURCE,370000,840000,480000,1100000,660000,1500000
nothing-phone-2a,Nothing Phone (2a),phone,nothing,speaker,Loa trong / Loa ngoài rè,0,NO_SOURCE,210000,420000,270000,550000,380000,760000
nothing-phone-2a,Nothing Phone (2a),phone,nothing,mic,Hỏng Micro (Nói không nghe),0,NO_SOURCE,210000,400000,270000,520000,380000,720000
nothing-phone-2a,Nothing Phone (2a),phone,nothing,back-glass,Thay kính lưng / Bắn laser lưng,0,NO_SOURCE,260000,520000,340000,680000,470000,940000
nothing-phone-2a,Nothing Phone (2a),phone,nothing,data-recovery,Cứu dữ liệu ổ cứng & Bo mạch,0,NO_SOURCE,420000,1250000,550000,1650000,760000,2250000
nothing-phone-2a,Nothing Phone (2a),phone,nothing,diagnostic,Kiểm tra chẩn đoán toàn diện,0,NO_SOURCE,0,0,0,0,0,0
huawei-mate-60-pro,Huawei Mate 60 Pro,phone,huawei,screen,Thay màn hình hiển thị,0,NO_SOURCE,2300000,4550000,2950000,5950000,4100000,8200000
huawei-mate-60-pro,Huawei Mate 60 Pro,phone,huawei,glass-press,Ép mặt kính / Kính cảm ứng,0,NO_SOURCE,760000,1500000,990000,2000000,1350000,2750000
huawei-mate-60-pro,Huawei Mate 60 Pro,phone,huawei,battery,Thay pin dung lượng cao / Pin Zin,0,NO_SOURCE,620000,1200000,800000,1550000,1100000,2150000
huawei-mate-60-pro,Huawei Mate 60 Pro,phone,huawei,charging-port,Sửa chân sạc / Cổng kết nối,0,NO_SOURCE,480000,900000,620000,1150000,860000,1600000
huawei-mate-60-pro,Huawei Mate 60 Pro,phone,huawei,water-damage,Cấp cứu máy vô nước / Rớt nước,0,NO_SOURCE,570000,1350000,740000,1750000,1050000,2400000
huawei-mate-60-pro,Huawei Mate 60 Pro,phone,huawei,mainboard,Sửa mất nguồn / Lỗi Mainboard,0,NO_SOURCE,1150000,3050000,1500000,3950000,2050000,5450000
huawei-mate-60-pro,Huawei Mate 60 Pro,phone,huawei,camera,Thay camera trước / sau,0,NO_SOURCE,900000,2300000,1150000,2950000,1600000,4100000
huawei-mate-60-pro,Huawei Mate 60 Pro,phone,huawei,speaker,Loa trong / Loa ngoài rè,0,NO_SOURCE,380000,810000,490000,1050000,680000,1450000
huawei-mate-60-pro,Huawei Mate 60 Pro,phone,huawei,mic,Hỏng Micro (Nói không nghe),0,NO_SOURCE,380000,760000,490000,990000,680000,1350000
huawei-mate-60-pro,Huawei Mate 60 Pro,phone,huawei,back-glass,Thay kính lưng / Bắn laser lưng,0,NO_SOURCE,620000,1250000,800000,1600000,1100000,2200000
huawei-mate-60-pro,Huawei Mate 60 Pro,phone,huawei,data-recovery,Cứu dữ liệu ổ cứng & Bo mạch,0,NO_SOURCE,760000,2400000,990000,3100000,1350000,4300000
huawei-mate-60-pro,Huawei Mate 60 Pro,phone,huawei,diagnostic,Kiểm tra chẩn đoán toàn diện,0,NO_SOURCE,0,0,0,0,0,0
honor-magic-6-pro,Honor Magic 6 Pro,phone,honor,screen,Thay màn hình hiển thị,0,NO_SOURCE,2150000,4300000,2800000,5600000,3900000,7800000
honor-magic-6-pro,Honor Magic 6 Pro,phone,honor,glass-press,Ép mặt kính / Kính cảm ứng,0,NO_SOURCE,720000,1450000,940000,1850000,1300000,2600000
honor-magic-6-pro,Honor Magic 6 Pro,phone,honor,battery,Thay pin dung lượng cao / Pin Zin,0,NO_SOURCE,580000,1100000,760000,1450000,1050000,2000000
honor-magic-6-pro,Honor Magic 6 Pro,phone,honor,charging-port,Sửa chân sạc / Cổng kết nối,0,NO_SOURCE,450000,860000,580000,1100000,810000,1550000
honor-magic-6-pro,Honor Magic 6 Pro,phone,honor,water-damage,Cấp cứu máy vô nước / Rớt nước,0,NO_SOURCE,540000,1250000,700000,1650000,970000,2250000
honor-magic-6-pro,Honor Magic 6 Pro,phone,honor,mainboard,Sửa mất nguồn / Lỗi Mainboard,0,NO_SOURCE,1100000,2900000,1400000,3750000,1950000,5200000
honor-magic-6-pro,Honor Magic 6 Pro,phone,honor,camera,Thay camera trước / sau,0,NO_SOURCE,860000,2150000,1100000,2800000,1550000,3900000
honor-magic-6-pro,Honor Magic 6 Pro,phone,honor,speaker,Loa trong / Loa ngoài rè,0,NO_SOURCE,360000,760000,470000,990000,650000,1400000
honor-magic-6-pro,Honor Magic 6 Pro,phone,honor,mic,Hỏng Micro (Nói không nghe),0,NO_SOURCE,360000,720000,470000,940000,650000,1300000
honor-magic-6-pro,Honor Magic 6 Pro,phone,honor,back-glass,Thay kính lưng / Bắn laser lưng,0,NO_SOURCE,580000,1150000,760000,1500000,1050000,2100000
honor-magic-6-pro,Honor Magic 6 Pro,phone,honor,data-recovery,Cứu dữ liệu ổ cứng & Bo mạch,0,NO_SOURCE,720000,2250000,940000,2900000,1300000,4050000
honor-magic-6-pro,Honor Magic 6 Pro,phone,honor,diagnostic,Kiểm tra chẩn đoán toàn diện,0,NO_SOURCE,0,0,0,0,0,0
infinix-note-40-pro,Infinix Note 40 Pro,phone,infinix,screen,Thay màn hình hiển thị,0,NO_SOURCE,560000,1300000,730000,1650000,1000000,2300000
infinix-note-40-pro,Infinix Note 40 Pro,phone,infinix,glass-press,Ép mặt kính / Kính cảm ứng,0,NO_SOURCE,240000,480000,310000,620000,430000,860000
infinix-note-40-pro,Infinix Note 40 Pro,phone,infinix,battery,Thay pin dung lượng cao / Pin Zin,0,NO_SOURCE,240000,440000,310000,570000,430000,790000
infinix-note-40-pro,Infinix Note 40 Pro,phone,infinix,charging-port,Sửa chân sạc / Cổng kết nối,0,NO_SOURCE,200000,360000,260000,470000,360000,650000
infinix-note-40-pro,Infinix Note 40 Pro,phone,infinix,water-damage,Cấp cứu máy vô nước / Rớt nước,0,NO_SOURCE,240000,480000,310000,620000,430000,860000
infinix-note-40-pro,Infinix Note 40 Pro,phone,infinix,mainboard,Sửa mất nguồn / Lỗi Mainboard,0,NO_SOURCE,400000,960000,520000,1250000,720000,1750000
infinix-note-40-pro,Infinix Note 40 Pro,phone,infinix,camera,Thay camera trước / sau,0,NO_SOURCE,280000,640000,360000,830000,500000,1150000
infinix-note-40-pro,Infinix Note 40 Pro,phone,infinix,speaker,Loa trong / Loa ngoài rè,0,NO_SOURCE,160000,320000,210000,420000,290000,580000
infinix-note-40-pro,Infinix Note 40 Pro,phone,infinix,mic,Hỏng Micro (Nói không nghe),0,NO_SOURCE,160000,300000,210000,400000,290000,550000
infinix-note-40-pro,Infinix Note 40 Pro,phone,infinix,back-glass,Thay kính lưng / Bắn laser lưng,0,NO_SOURCE,200000,400000,260000,520000,360000,720000
infinix-note-40-pro,Infinix Note 40 Pro,phone,infinix,data-recovery,Cứu dữ liệu ổ cứng & Bo mạch,0,NO_SOURCE,320000,960000,420000,1250000,580000,1750000
infinix-note-40-pro,Infinix Note 40 Pro,phone,infinix,diagnostic,Kiểm tra chẩn đoán toàn diện,0,NO_SOURCE,0,0,0,0,0,0
realme-gt-5-pro,Realme GT 5 Pro,phone,realme,screen,Thay màn hình hiển thị,0,NO_SOURCE,2050000,4100000,2650000,5300000,3650000,7350000
realme-gt-5-pro,Realme GT 5 Pro,phone,realme,glass-press,Ép mặt kính / Kính cảm ứng,0,NO_SOURCE,680000,1350000,880000,1750000,1200000,2450000
realme-gt-5-pro,Realme GT 5 Pro,phone,realme,battery,Thay pin dung lượng cao / Pin Zin,0,NO_SOURCE,550000,1050000,720000,1400000,990000,1900000
realme-gt-5-pro,Realme GT 5 Pro,phone,realme,charging-port,Sửa chân sạc / Cổng kết nối,0,NO_SOURCE,420000,810000,550000,1050000,760000,1450000
realme-gt-5-pro,Realme GT 5 Pro,phone,realme,water-damage,Cấp cứu máy vô nước / Rớt nước,0,NO_SOURCE,510000,1200000,660000,1550000,920000,2150000
realme-gt-5-pro,Realme GT 5 Pro,phone,realme,mainboard,Sửa mất nguồn / Lỗi Mainboard,0,NO_SOURCE,1000000,2700000,1350000,3550000,1850000,4900000
realme-gt-5-pro,Realme GT 5 Pro,phone,realme,camera,Thay camera trước / sau,0,NO_SOURCE,810000,2050000,1050000,2650000,1450000,3650000
realme-gt-5-pro,Realme GT 5 Pro,phone,realme,speaker,Loa trong / Loa ngoài rè,0,NO_SOURCE,340000,720000,440000,940000,610000,1300000
realme-gt-5-pro,Realme GT 5 Pro,phone,realme,mic,Hỏng Micro (Nói không nghe),0,NO_SOURCE,340000,680000,440000,880000,610000,1200000
realme-gt-5-pro,Realme GT 5 Pro,phone,realme,back-glass,Thay kính lưng / Bắn laser lưng,0,NO_SOURCE,550000,1100000,720000,1450000,990000,2000000
realme-gt-5-pro,Realme GT 5 Pro,phone,realme,data-recovery,Cứu dữ liệu ổ cứng & Bo mạch,0,NO_SOURCE,680000,2100000,880000,2750000,1200000,3800000
realme-gt-5-pro,Realme GT 5 Pro,phone,realme,diagnostic,Kiểm tra chẩn đoán toàn diện,0,NO_SOURCE,0,0,0,0,0,0
realme-gt-neo-5,Realme GT Neo 5 (240W / 150W),phone,realme,screen,Thay màn hình hiển thị,0,NO_SOURCE,1200000,2400000,1550000,3100000,2150000,4300000
realme-gt-neo-5,Realme GT Neo 5 (240W / 150W),phone,realme,glass-press,Ép mặt kính / Kính cảm ứng,0,NO_SOURCE,420000,850000,550000,1100000,760000,1550000
realme-gt-neo-5,Realme GT Neo 5 (240W / 150W),phone,realme,battery,Thay pin dung lượng cao / Pin Zin,0,NO_SOURCE,380000,720000,500000,940000,690000,1300000
realme-gt-neo-5,Realme GT Neo 5 (240W / 150W),phone,realme,charging-port,Sửa chân sạc / Cổng kết nối,0,NO_SOURCE,300000,550000,390000,720000,540000,990000
realme-gt-neo-5,Realme GT Neo 5 (240W / 150W),phone,realme,water-damage,Cấp cứu máy vô nước / Rớt nước,0,NO_SOURCE,380000,810000,500000,1050000,690000,1450000
realme-gt-neo-5,Realme GT Neo 5 (240W / 150W),phone,realme,mainboard,Sửa mất nguồn / Lỗi Mainboard,0,NO_SOURCE,680000,1850000,880000,2450000,1200000,3350000
realme-gt-neo-5,Realme GT Neo 5 (240W / 150W),phone,realme,camera,Thay camera trước / sau,0,NO_SOURCE,510000,1300000,660000,1650000,920000,2300000
realme-gt-neo-5,Realme GT Neo 5 (240W / 150W),phone,realme,speaker,Loa trong / Loa ngoài rè,0,NO_SOURCE,260000,510000,330000,660000,460000,920000
realme-gt-neo-5,Realme GT Neo 5 (240W / 150W),phone,realme,mic,Hỏng Micro (Nói không nghe),0,NO_SOURCE,260000,470000,330000,610000,460000,840000
realme-gt-neo-5,Realme GT Neo 5 (240W / 150W),phone,realme,back-glass,Thay kính lưng / Bắn laser lưng,0,NO_SOURCE,340000,680000,440000,880000,610000,1200000
realme-gt-neo-5,Realme GT Neo 5 (240W / 150W),phone,realme,data-recovery,Cứu dữ liệu ổ cứng & Bo mạch,0,NO_SOURCE,510000,1550000,660000,2000000,920000,2750000
realme-gt-neo-5,Realme GT Neo 5 (240W / 150W),phone,realme,diagnostic,Kiểm tra chẩn đoán toàn diện,0,NO_SOURCE,0,0,0,0,0,0
realme-12-pro-plus,Realme 12 Pro+,phone,realme,screen,Thay màn hình hiển thị,0,NO_SOURCE,1200000,2400000,1550000,3100000,2150000,4300000
realme-12-pro-plus,Realme 12 Pro+,phone,realme,glass-press,Ép mặt kính / Kính cảm ứng,0,NO_SOURCE,420000,850000,550000,1100000,760000,1550000
realme-12-pro-plus,Realme 12 Pro+,phone,realme,battery,Thay pin dung lượng cao / Pin Zin,0,NO_SOURCE,380000,720000,500000,940000,690000,1300000
realme-12-pro-plus,Realme 12 Pro+,phone,realme,charging-port,Sửa chân sạc / Cổng kết nối,0,NO_SOURCE,300000,550000,390000,720000,540000,990000
realme-12-pro-plus,Realme 12 Pro+,phone,realme,water-damage,Cấp cứu máy vô nước / Rớt nước,0,NO_SOURCE,380000,810000,500000,1050000,690000,1450000
realme-12-pro-plus,Realme 12 Pro+,phone,realme,mainboard,Sửa mất nguồn / Lỗi Mainboard,0,NO_SOURCE,680000,1850000,880000,2450000,1200000,3350000
realme-12-pro-plus,Realme 12 Pro+,phone,realme,camera,Thay camera trước / sau,0,NO_SOURCE,510000,1300000,660000,1650000,920000,2300000
realme-12-pro-plus,Realme 12 Pro+,phone,realme,speaker,Loa trong / Loa ngoài rè,0,NO_SOURCE,260000,510000,330000,660000,460000,920000
realme-12-pro-plus,Realme 12 Pro+,phone,realme,mic,Hỏng Micro (Nói không nghe),0,NO_SOURCE,260000,470000,330000,610000,460000,840000
realme-12-pro-plus,Realme 12 Pro+,phone,realme,back-glass,Thay kính lưng / Bắn laser lưng,0,NO_SOURCE,340000,680000,440000,880000,610000,1200000
realme-12-pro-plus,Realme 12 Pro+,phone,realme,data-recovery,Cứu dữ liệu ổ cứng & Bo mạch,0,NO_SOURCE,510000,1550000,660000,2000000,920000,2750000
realme-12-pro-plus,Realme 12 Pro+,phone,realme,diagnostic,Kiểm tra chẩn đoán toàn diện,0,NO_SOURCE,0,0,0,0,0,0
realme-12-plus,Realme 12+,phone,realme,screen,Thay màn hình hiển thị,0,NO_SOURCE,600000,1350000,770000,1750000,1050000,2450000
realme-12-plus,Realme 12+,phone,realme,glass-press,Ép mặt kính / Kính cảm ứng,0,NO_SOURCE,260000,510000,330000,660000,460000,920000
realme-12-plus,Realme 12+,phone,realme,battery,Thay pin dung lượng cao / Pin Zin,0,NO_SOURCE,260000,470000,330000,610000,460000,840000
realme-12-plus,Realme 12+,phone,realme,charging-port,Sửa chân sạc / Cổng kết nối,0,NO_SOURCE,210000,380000,280000,500000,380000,690000
realme-12-plus,Realme 12+,phone,realme,water-damage,Cấp cứu máy vô nước / Rớt nước,0,NO_SOURCE,260000,510000,330000,660000,460000,920000
realme-12-plus,Realme 12+,phone,realme,mainboard,Sửa mất nguồn / Lỗi Mainboard,0,NO_SOURCE,420000,1000000,550000,1350000,760000,1850000
realme-12-plus,Realme 12+,phone,realme,camera,Thay camera trước / sau,0,NO_SOURCE,300000,680000,390000,880000,540000,1200000
realme-12-plus,Realme 12+,phone,realme,speaker,Loa trong / Loa ngoài rè,0,NO_SOURCE,170000,340000,220000,440000,310000,610000
realme-12-plus,Realme 12+,phone,realme,mic,Hỏng Micro (Nói không nghe),0,NO_SOURCE,170000,320000,220000,420000,310000,580000
realme-12-plus,Realme 12+,phone,realme,back-glass,Thay kính lưng / Bắn laser lưng,0,NO_SOURCE,210000,420000,280000,550000,380000,760000
realme-12-plus,Realme 12+,phone,realme,data-recovery,Cứu dữ liệu ổ cứng & Bo mạch,0,NO_SOURCE,340000,1000000,440000,1350000,610000,1850000
realme-12-plus,Realme 12+,phone,realme,diagnostic,Kiểm tra chẩn đoán toàn diện,0,NO_SOURCE,0,0,0,0,0,0
realme-11-pro,Realme 11 Pro,phone,realme,screen,Thay màn hình hiển thị,0,NO_SOURCE,600000,1350000,770000,1750000,1050000,2450000
realme-11-pro,Realme 11 Pro,phone,realme,glass-press,Ép mặt kính / Kính cảm ứng,0,NO_SOURCE,260000,510000,330000,660000,460000,920000
realme-11-pro,Realme 11 Pro,phone,realme,battery,Thay pin dung lượng cao / Pin Zin,0,NO_SOURCE,260000,470000,330000,610000,460000,840000
realme-11-pro,Realme 11 Pro,phone,realme,charging-port,Sửa chân sạc / Cổng kết nối,0,NO_SOURCE,210000,380000,280000,500000,380000,690000
realme-11-pro,Realme 11 Pro,phone,realme,water-damage,Cấp cứu máy vô nước / Rớt nước,0,NO_SOURCE,260000,510000,330000,660000,460000,920000
realme-11-pro,Realme 11 Pro,phone,realme,mainboard,Sửa mất nguồn / Lỗi Mainboard,0,NO_SOURCE,420000,1000000,550000,1350000,760000,1850000
realme-11-pro,Realme 11 Pro,phone,realme,camera,Thay camera trước / sau,0,NO_SOURCE,300000,680000,390000,880000,540000,1200000
realme-11-pro,Realme 11 Pro,phone,realme,speaker,Loa trong / Loa ngoài rè,0,NO_SOURCE,170000,340000,220000,440000,310000,610000
realme-11-pro,Realme 11 Pro,phone,realme,mic,Hỏng Micro (Nói không nghe),0,NO_SOURCE,170000,320000,220000,420000,310000,580000
realme-11-pro,Realme 11 Pro,phone,realme,back-glass,Thay kính lưng / Bắn laser lưng,0,NO_SOURCE,210000,420000,280000,550000,380000,760000
realme-11-pro,Realme 11 Pro,phone,realme,data-recovery,Cứu dữ liệu ổ cứng & Bo mạch,0,NO_SOURCE,340000,1000000,440000,1350000,610000,1850000
realme-11-pro,Realme 11 Pro,phone,realme,diagnostic,Kiểm tra chẩn đoán toàn diện,0,NO_SOURCE,0,0,0,0,0,0
realme-c67,Realme C67,phone,realme,screen,Thay màn hình hiển thị,0,NO_SOURCE,300000,600000,390000,770000,540000,1050000
realme-c67,Realme C67,phone,realme,glass-press,Ép mặt kính / Kính cảm ứng,0,NO_SOURCE,170000,300000,220000,390000,310000,540000
realme-c67,Realme C67,phone,realme,battery,Thay pin dung lượng cao / Pin Zin,0,NO_SOURCE,170000,300000,220000,390000,310000,540000
realme-c67,Realme C67,phone,realme,charging-port,Sửa chân sạc / Cổng kết nối,0,NO_SOURCE,130000,240000,170000,310000,230000,430000
realme-c67,Realme C67,phone,realme,water-damage,Cấp cứu máy vô nước / Rớt nước,0,NO_SOURCE,170000,340000,220000,440000,310000,610000
realme-c67,Realme C67,phone,realme,mainboard,Sửa mất nguồn / Lỗi Mainboard,0,NO_SOURCE,300000,640000,390000,830000,540000,1150000
realme-c67,Realme C67,phone,realme,camera,Thay camera trước / sau,0,NO_SOURCE,170000,380000,220000,500000,310000,690000
realme-c67,Realme C67,phone,realme,speaker,Loa trong / Loa ngoài rè,0,NO_SOURCE,130000,260000,170000,330000,230000,460000
realme-c67,Realme C67,phone,realme,mic,Hỏng Micro (Nói không nghe),0,NO_SOURCE,130000,240000,170000,310000,230000,430000
realme-c67,Realme C67,phone,realme,back-glass,Thay kính lưng / Bắn laser lưng,0,NO_SOURCE,150000,270000,200000,350000,280000,490000
realme-c67,Realme C67,phone,realme,data-recovery,Cứu dữ liệu ổ cứng & Bo mạch,0,NO_SOURCE,260000,680000,330000,880000,460000,1200000
realme-c67,Realme C67,phone,realme,diagnostic,Kiểm tra chẩn đoán toàn diện,0,NO_SOURCE,0,0,0,0,0,0
realme-c55,Realme C55,phone,realme,screen,Thay màn hình hiển thị,0,NO_SOURCE,300000,600000,390000,770000,540000,1050000
realme-c55,Realme C55,phone,realme,glass-press,Ép mặt kính / Kính cảm ứng,0,NO_SOURCE,170000,300000,220000,390000,310000,540000
realme-c55,Realme C55,phone,realme,battery,Thay pin dung lượng cao / Pin Zin,0,NO_SOURCE,170000,300000,220000,390000,310000,540000
realme-c55,Realme C55,phone,realme,charging-port,Sửa chân sạc / Cổng kết nối,0,NO_SOURCE,130000,240000,170000,310000,230000,430000
realme-c55,Realme C55,phone,realme,water-damage,Cấp cứu máy vô nước / Rớt nước,0,NO_SOURCE,170000,340000,220000,440000,310000,610000
realme-c55,Realme C55,phone,realme,mainboard,Sửa mất nguồn / Lỗi Mainboard,0,NO_SOURCE,300000,640000,390000,830000,540000,1150000
realme-c55,Realme C55,phone,realme,camera,Thay camera trước / sau,0,NO_SOURCE,170000,380000,220000,500000,310000,690000
realme-c55,Realme C55,phone,realme,speaker,Loa trong / Loa ngoài rè,0,NO_SOURCE,130000,260000,170000,330000,230000,460000
realme-c55,Realme C55,phone,realme,mic,Hỏng Micro (Nói không nghe),0,NO_SOURCE,130000,240000,170000,310000,230000,430000
realme-c55,Realme C55,phone,realme,back-glass,Thay kính lưng / Bắn laser lưng,0,NO_SOURCE,150000,270000,200000,350000,280000,490000
realme-c55,Realme C55,phone,realme,data-recovery,Cứu dữ liệu ổ cứng & Bo mạch,0,NO_SOURCE,260000,680000,330000,880000,460000,1200000
realme-c55,Realme C55,phone,realme,diagnostic,Kiểm tra chẩn đoán toàn diện,0,NO_SOURCE,0,0,0,0,0,0
samsung-galaxy-s24-ultra,Galaxy S24 Ultra,phone,samsung,screen,Thay màn hình hiển thị,0,NO_SOURCE,2400000,4800000,3100000,6250000,4300000,8650000
samsung-galaxy-s24-ultra,Galaxy S24 Ultra,phone,samsung,glass-press,Ép mặt kính / Kính cảm ứng,0,NO_SOURCE,800000,1600000,1050000,2100000,1450000,2900000
samsung-galaxy-s24-ultra,Galaxy S24 Ultra,phone,samsung,battery,Thay pin dung lượng cao / Pin Zin,0,NO_SOURCE,650000,1250000,840000,1600000,1150000,2250000
samsung-galaxy-s24-ultra,Galaxy S24 Ultra,phone,samsung,charging-port,Sửa chân sạc / Cổng kết nối,0,NO_SOURCE,500000,950000,650000,1250000,900000,1700000
samsung-galaxy-s24-ultra,Galaxy S24 Ultra,phone,samsung,water-damage,Cấp cứu máy vô nước / Rớt nước,0,NO_SOURCE,600000,1400000,780000,1800000,1100000,2500000
samsung-galaxy-s24-ultra,Galaxy S24 Ultra,phone,samsung,mainboard,Sửa mất nguồn / Lỗi Mainboard,0,NO_SOURCE,1200000,3200000,1550000,4150000,2150000,5750000
samsung-galaxy-s24-ultra,Galaxy S24 Ultra,phone,samsung,camera,Thay camera trước / sau,0,NO_SOURCE,950000,2400000,1250000,3100000,1700000,4300000
samsung-galaxy-s24-ultra,Galaxy S24 Ultra,phone,samsung,speaker,Loa trong / Loa ngoài rè,0,NO_SOURCE,400000,850000,520000,1100000,720000,1550000
samsung-galaxy-s24-ultra,Galaxy S24 Ultra,phone,samsung,mic,Hỏng Micro (Nói không nghe),0,NO_SOURCE,400000,800000,520000,1050000,720000,1450000
samsung-galaxy-s24-ultra,Galaxy S24 Ultra,phone,samsung,back-glass,Thay kính lưng / Bắn laser lưng,0,NO_SOURCE,650000,1300000,840000,1700000,1150000,2350000
samsung-galaxy-s24-ultra,Galaxy S24 Ultra,phone,samsung,data-recovery,Cứu dữ liệu ổ cứng & Bo mạch,0,NO_SOURCE,800000,2500000,1050000,3250000,1450000,4500000
samsung-galaxy-s24-ultra,Galaxy S24 Ultra,phone,samsung,diagnostic,Kiểm tra chẩn đoán toàn diện,0,NO_SOURCE,0,0,0,0,0,0
samsung-galaxy-s24-plus,Galaxy S24+,phone,samsung,screen,Thay màn hình hiển thị,0,NO_SOURCE,2400000,4800000,3100000,6250000,4300000,8650000
samsung-galaxy-s24-plus,Galaxy S24+,phone,samsung,glass-press,Ép mặt kính / Kính cảm ứng,0,NO_SOURCE,800000,1600000,1050000,2100000,1450000,2900000
samsung-galaxy-s24-plus,Galaxy S24+,phone,samsung,battery,Thay pin dung lượng cao / Pin Zin,0,NO_SOURCE,650000,1250000,840000,1600000,1150000,2250000
samsung-galaxy-s24-plus,Galaxy S24+,phone,samsung,charging-port,Sửa chân sạc / Cổng kết nối,0,NO_SOURCE,500000,950000,650000,1250000,900000,1700000
samsung-galaxy-s24-plus,Galaxy S24+,phone,samsung,water-damage,Cấp cứu máy vô nước / Rớt nước,0,NO_SOURCE,600000,1400000,780000,1800000,1100000,2500000
samsung-galaxy-s24-plus,Galaxy S24+,phone,samsung,mainboard,Sửa mất nguồn / Lỗi Mainboard,0,NO_SOURCE,1200000,3200000,1550000,4150000,2150000,5750000
samsung-galaxy-s24-plus,Galaxy S24+,phone,samsung,camera,Thay camera trước / sau,0,NO_SOURCE,950000,2400000,1250000,3100000,1700000,4300000
samsung-galaxy-s24-plus,Galaxy S24+,phone,samsung,speaker,Loa trong / Loa ngoài rè,0,NO_SOURCE,400000,850000,520000,1100000,720000,1550000
samsung-galaxy-s24-plus,Galaxy S24+,phone,samsung,mic,Hỏng Micro (Nói không nghe),0,NO_SOURCE,400000,800000,520000,1050000,720000,1450000
samsung-galaxy-s24-plus,Galaxy S24+,phone,samsung,back-glass,Thay kính lưng / Bắn laser lưng,0,NO_SOURCE,650000,1300000,840000,1700000,1150000,2350000
samsung-galaxy-s24-plus,Galaxy S24+,phone,samsung,data-recovery,Cứu dữ liệu ổ cứng & Bo mạch,0,NO_SOURCE,800000,2500000,1050000,3250000,1450000,4500000
samsung-galaxy-s24-plus,Galaxy S24+,phone,samsung,diagnostic,Kiểm tra chẩn đoán toàn diện,0,NO_SOURCE,0,0,0,0,0,0
samsung-galaxy-s24,Galaxy S24,phone,samsung,screen,Thay màn hình hiển thị,1,SOURCE_LISTED,1400000,2800000,1800000,3650000,2500000,5050000
samsung-galaxy-s24,Galaxy S24,phone,samsung,glass-press,Ép mặt kính / Kính cảm ứng,0,NO_SOURCE,500000,1000000,650000,1300000,900000,1800000
samsung-galaxy-s24,Galaxy S24,phone,samsung,battery,Thay pin dung lượng cao / Pin Zin,0,NO_SOURCE,450000,850000,580000,1100000,810000,1550000
samsung-galaxy-s24,Galaxy S24,phone,samsung,charging-port,Sửa chân sạc / Cổng kết nối,0,NO_SOURCE,350000,650000,460000,840000,630000,1150000
samsung-galaxy-s24,Galaxy S24,phone,samsung,water-damage,Cấp cứu máy vô nước / Rớt nước,0,NO_SOURCE,450000,950000,580000,1250000,810000,1700000
samsung-galaxy-s24,Galaxy S24,phone,samsung,mainboard,Sửa mất nguồn / Lỗi Mainboard,0,NO_SOURCE,800000,2200000,1050000,2850000,1450000,3950000
samsung-galaxy-s24,Galaxy S24,phone,samsung,camera,Thay camera trước / sau,0,NO_SOURCE,600000,1500000,780000,1950000,1100000,2700000
samsung-galaxy-s24,Galaxy S24,phone,samsung,speaker,Loa trong / Loa ngoài rè,0,NO_SOURCE,300000,600000,390000,780000,540000,1100000
samsung-galaxy-s24,Galaxy S24,phone,samsung,mic,Hỏng Micro (Nói không nghe),0,NO_SOURCE,300000,550000,390000,720000,540000,990000
samsung-galaxy-s24,Galaxy S24,phone,samsung,back-glass,Thay kính lưng / Bắn laser lưng,0,NO_SOURCE,400000,800000,520000,1050000,720000,1450000
samsung-galaxy-s24,Galaxy S24,phone,samsung,data-recovery,Cứu dữ liệu ổ cứng & Bo mạch,0,NO_SOURCE,600000,1800000,780000,2350000,1100000,3250000
samsung-galaxy-s24,Galaxy S24,phone,samsung,diagnostic,Kiểm tra chẩn đoán toàn diện,0,NO_SOURCE,0,0,0,0,0,0
samsung-galaxy-s23-ultra,Galaxy S23 Ultra,phone,samsung,screen,Thay màn hình hiển thị,0,NO_SOURCE,2400000,4800000,3100000,6250000,4300000,8650000
samsung-galaxy-s23-ultra,Galaxy S23 Ultra,phone,samsung,glass-press,Ép mặt kính / Kính cảm ứng,0,NO_SOURCE,800000,1600000,1050000,2100000,1450000,2900000
samsung-galaxy-s23-ultra,Galaxy S23 Ultra,phone,samsung,battery,Thay pin dung lượng cao / Pin Zin,0,NO_SOURCE,650000,1250000,840000,1600000,1150000,2250000
samsung-galaxy-s23-ultra,Galaxy S23 Ultra,phone,samsung,charging-port,Sửa chân sạc / Cổng kết nối,0,NO_SOURCE,500000,950000,650000,1250000,900000,1700000
samsung-galaxy-s23-ultra,Galaxy S23 Ultra,phone,samsung,water-damage,Cấp cứu máy vô nước / Rớt nước,0,NO_SOURCE,600000,1400000,780000,1800000,1100000,2500000
samsung-galaxy-s23-ultra,Galaxy S23 Ultra,phone,samsung,mainboard,Sửa mất nguồn / Lỗi Mainboard,0,NO_SOURCE,1200000,3200000,1550000,4150000,2150000,5750000
samsung-galaxy-s23-ultra,Galaxy S23 Ultra,phone,samsung,camera,Thay camera trước / sau,0,NO_SOURCE,950000,2400000,1250000,3100000,1700000,4300000
samsung-galaxy-s23-ultra,Galaxy S23 Ultra,phone,samsung,speaker,Loa trong / Loa ngoài rè,0,NO_SOURCE,400000,850000,520000,1100000,720000,1550000
samsung-galaxy-s23-ultra,Galaxy S23 Ultra,phone,samsung,mic,Hỏng Micro (Nói không nghe),0,NO_SOURCE,400000,800000,520000,1050000,720000,1450000
samsung-galaxy-s23-ultra,Galaxy S23 Ultra,phone,samsung,back-glass,Thay kính lưng / Bắn laser lưng,0,NO_SOURCE,650000,1300000,840000,1700000,1150000,2350000
samsung-galaxy-s23-ultra,Galaxy S23 Ultra,phone,samsung,data-recovery,Cứu dữ liệu ổ cứng & Bo mạch,0,NO_SOURCE,800000,2500000,1050000,3250000,1450000,4500000
samsung-galaxy-s23-ultra,Galaxy S23 Ultra,phone,samsung,diagnostic,Kiểm tra chẩn đoán toàn diện,0,NO_SOURCE,0,0,0,0,0,0
samsung-galaxy-s23-plus,Galaxy S23+,phone,samsung,screen,Thay màn hình hiển thị,0,NO_SOURCE,2400000,4800000,3100000,6250000,4300000,8650000
samsung-galaxy-s23-plus,Galaxy S23+,phone,samsung,glass-press,Ép mặt kính / Kính cảm ứng,0,NO_SOURCE,800000,1600000,1050000,2100000,1450000,2900000
samsung-galaxy-s23-plus,Galaxy S23+,phone,samsung,battery,Thay pin dung lượng cao / Pin Zin,0,NO_SOURCE,650000,1250000,840000,1600000,1150000,2250000
samsung-galaxy-s23-plus,Galaxy S23+,phone,samsung,charging-port,Sửa chân sạc / Cổng kết nối,0,NO_SOURCE,500000,950000,650000,1250000,900000,1700000
samsung-galaxy-s23-plus,Galaxy S23+,phone,samsung,water-damage,Cấp cứu máy vô nước / Rớt nước,0,NO_SOURCE,600000,1400000,780000,1800000,1100000,2500000
samsung-galaxy-s23-plus,Galaxy S23+,phone,samsung,mainboard,Sửa mất nguồn / Lỗi Mainboard,0,NO_SOURCE,1200000,3200000,1550000,4150000,2150000,5750000
samsung-galaxy-s23-plus,Galaxy S23+,phone,samsung,camera,Thay camera trước / sau,0,NO_SOURCE,950000,2400000,1250000,3100000,1700000,4300000
samsung-galaxy-s23-plus,Galaxy S23+,phone,samsung,speaker,Loa trong / Loa ngoài rè,0,NO_SOURCE,400000,850000,520000,1100000,720000,1550000
samsung-galaxy-s23-plus,Galaxy S23+,phone,samsung,mic,Hỏng Micro (Nói không nghe),0,NO_SOURCE,400000,800000,520000,1050000,720000,1450000
samsung-galaxy-s23-plus,Galaxy S23+,phone,samsung,back-glass,Thay kính lưng / Bắn laser lưng,0,NO_SOURCE,650000,1300000,840000,1700000,1150000,2350000
samsung-galaxy-s23-plus,Galaxy S23+,phone,samsung,data-recovery,Cứu dữ liệu ổ cứng & Bo mạch,0,NO_SOURCE,800000,2500000,1050000,3250000,1450000,4500000
samsung-galaxy-s23-plus,Galaxy S23+,phone,samsung,diagnostic,Kiểm tra chẩn đoán toàn diện,0,NO_SOURCE,0,0,0,0,0,0
samsung-galaxy-s23,Galaxy S23,phone,samsung,screen,Thay màn hình hiển thị,0,NO_SOURCE,1400000,2800000,1800000,3650000,2500000,5050000
samsung-galaxy-s23,Galaxy S23,phone,samsung,glass-press,Ép mặt kính / Kính cảm ứng,0,NO_SOURCE,500000,1000000,650000,1300000,900000,1800000
samsung-galaxy-s23,Galaxy S23,phone,samsung,battery,Thay pin dung lượng cao / Pin Zin,0,NO_SOURCE,450000,850000,580000,1100000,810000,1550000
samsung-galaxy-s23,Galaxy S23,phone,samsung,charging-port,Sửa chân sạc / Cổng kết nối,0,NO_SOURCE,350000,650000,460000,840000,630000,1150000
samsung-galaxy-s23,Galaxy S23,phone,samsung,water-damage,Cấp cứu máy vô nước / Rớt nước,0,NO_SOURCE,450000,950000,580000,1250000,810000,1700000
samsung-galaxy-s23,Galaxy S23,phone,samsung,mainboard,Sửa mất nguồn / Lỗi Mainboard,0,NO_SOURCE,800000,2200000,1050000,2850000,1450000,3950000
samsung-galaxy-s23,Galaxy S23,phone,samsung,camera,Thay camera trước / sau,0,NO_SOURCE,600000,1500000,780000,1950000,1100000,2700000
samsung-galaxy-s23,Galaxy S23,phone,samsung,speaker,Loa trong / Loa ngoài rè,0,NO_SOURCE,300000,600000,390000,780000,540000,1100000
samsung-galaxy-s23,Galaxy S23,phone,samsung,mic,Hỏng Micro (Nói không nghe),0,NO_SOURCE,300000,550000,390000,720000,540000,990000
samsung-galaxy-s23,Galaxy S23,phone,samsung,back-glass,Thay kính lưng / Bắn laser lưng,0,NO_SOURCE,400000,800000,520000,1050000,720000,1450000
samsung-galaxy-s23,Galaxy S23,phone,samsung,data-recovery,Cứu dữ liệu ổ cứng & Bo mạch,0,NO_SOURCE,600000,1800000,780000,2350000,1100000,3250000
samsung-galaxy-s23,Galaxy S23,phone,samsung,diagnostic,Kiểm tra chẩn đoán toàn diện,0,NO_SOURCE,0,0,0,0,0,0
samsung-galaxy-s22-ultra,Galaxy S22 Ultra,phone,samsung,screen,Thay màn hình hiển thị,0,NO_SOURCE,2400000,4800000,3100000,6250000,4300000,8650000
samsung-galaxy-s22-ultra,Galaxy S22 Ultra,phone,samsung,glass-press,Ép mặt kính / Kính cảm ứng,0,NO_SOURCE,800000,1600000,1050000,2100000,1450000,2900000
samsung-galaxy-s22-ultra,Galaxy S22 Ultra,phone,samsung,battery,Thay pin dung lượng cao / Pin Zin,0,NO_SOURCE,650000,1250000,840000,1600000,1150000,2250000
samsung-galaxy-s22-ultra,Galaxy S22 Ultra,phone,samsung,charging-port,Sửa chân sạc / Cổng kết nối,0,NO_SOURCE,500000,950000,650000,1250000,900000,1700000
samsung-galaxy-s22-ultra,Galaxy S22 Ultra,phone,samsung,water-damage,Cấp cứu máy vô nước / Rớt nước,0,NO_SOURCE,600000,1400000,780000,1800000,1100000,2500000
samsung-galaxy-s22-ultra,Galaxy S22 Ultra,phone,samsung,mainboard,Sửa mất nguồn / Lỗi Mainboard,0,NO_SOURCE,1200000,3200000,1550000,4150000,2150000,5750000
samsung-galaxy-s22-ultra,Galaxy S22 Ultra,phone,samsung,camera,Thay camera trước / sau,0,NO_SOURCE,950000,2400000,1250000,3100000,1700000,4300000
samsung-galaxy-s22-ultra,Galaxy S22 Ultra,phone,samsung,speaker,Loa trong / Loa ngoài rè,0,NO_SOURCE,400000,850000,520000,1100000,720000,1550000
samsung-galaxy-s22-ultra,Galaxy S22 Ultra,phone,samsung,mic,Hỏng Micro (Nói không nghe),0,NO_SOURCE,400000,800000,520000,1050000,720000,1450000
samsung-galaxy-s22-ultra,Galaxy S22 Ultra,phone,samsung,back-glass,Thay kính lưng / Bắn laser lưng,0,NO_SOURCE,650000,1300000,840000,1700000,1150000,2350000
samsung-galaxy-s22-ultra,Galaxy S22 Ultra,phone,samsung,data-recovery,Cứu dữ liệu ổ cứng & Bo mạch,0,NO_SOURCE,800000,2500000,1050000,3250000,1450000,4500000
samsung-galaxy-s22-ultra,Galaxy S22 Ultra,phone,samsung,diagnostic,Kiểm tra chẩn đoán toàn diện,0,NO_SOURCE,0,0,0,0,0,0
samsung-galaxy-s22-plus,Galaxy S22+,phone,samsung,screen,Thay màn hình hiển thị,0,NO_SOURCE,1400000,2800000,1800000,3650000,2500000,5050000
samsung-galaxy-s22-plus,Galaxy S22+,phone,samsung,glass-press,Ép mặt kính / Kính cảm ứng,0,NO_SOURCE,500000,1000000,650000,1300000,900000,1800000
samsung-galaxy-s22-plus,Galaxy S22+,phone,samsung,battery,Thay pin dung lượng cao / Pin Zin,0,NO_SOURCE,450000,850000,580000,1100000,810000,1550000
samsung-galaxy-s22-plus,Galaxy S22+,phone,samsung,charging-port,Sửa chân sạc / Cổng kết nối,0,NO_SOURCE,350000,650000,460000,840000,630000,1150000
samsung-galaxy-s22-plus,Galaxy S22+,phone,samsung,water-damage,Cấp cứu máy vô nước / Rớt nước,0,NO_SOURCE,450000,950000,580000,1250000,810000,1700000
samsung-galaxy-s22-plus,Galaxy S22+,phone,samsung,mainboard,Sửa mất nguồn / Lỗi Mainboard,0,NO_SOURCE,800000,2200000,1050000,2850000,1450000,3950000
samsung-galaxy-s22-plus,Galaxy S22+,phone,samsung,camera,Thay camera trước / sau,0,NO_SOURCE,600000,1500000,780000,1950000,1100000,2700000
samsung-galaxy-s22-plus,Galaxy S22+,phone,samsung,speaker,Loa trong / Loa ngoài rè,0,NO_SOURCE,300000,600000,390000,780000,540000,1100000
samsung-galaxy-s22-plus,Galaxy S22+,phone,samsung,mic,Hỏng Micro (Nói không nghe),0,NO_SOURCE,300000,550000,390000,720000,540000,990000
samsung-galaxy-s22-plus,Galaxy S22+,phone,samsung,back-glass,Thay kính lưng / Bắn laser lưng,0,NO_SOURCE,400000,800000,520000,1050000,720000,1450000
samsung-galaxy-s22-plus,Galaxy S22+,phone,samsung,data-recovery,Cứu dữ liệu ổ cứng & Bo mạch,0,NO_SOURCE,600000,1800000,780000,2350000,1100000,3250000
samsung-galaxy-s22-plus,Galaxy S22+,phone,samsung,diagnostic,Kiểm tra chẩn đoán toàn diện,0,NO_SOURCE,0,0,0,0,0,0
samsung-galaxy-s22,Galaxy S22,phone,samsung,screen,Thay màn hình hiển thị,0,NO_SOURCE,1400000,2800000,1800000,3650000,2500000,5050000
samsung-galaxy-s22,Galaxy S22,phone,samsung,glass-press,Ép mặt kính / Kính cảm ứng,0,NO_SOURCE,500000,1000000,650000,1300000,900000,1800000
samsung-galaxy-s22,Galaxy S22,phone,samsung,battery,Thay pin dung lượng cao / Pin Zin,0,NO_SOURCE,450000,850000,580000,1100000,810000,1550000
samsung-galaxy-s22,Galaxy S22,phone,samsung,charging-port,Sửa chân sạc / Cổng kết nối,0,NO_SOURCE,350000,650000,460000,840000,630000,1150000
samsung-galaxy-s22,Galaxy S22,phone,samsung,water-damage,Cấp cứu máy vô nước / Rớt nước,0,NO_SOURCE,450000,950000,580000,1250000,810000,1700000
samsung-galaxy-s22,Galaxy S22,phone,samsung,mainboard,Sửa mất nguồn / Lỗi Mainboard,0,NO_SOURCE,800000,2200000,1050000,2850000,1450000,3950000
samsung-galaxy-s22,Galaxy S22,phone,samsung,camera,Thay camera trước / sau,0,NO_SOURCE,600000,1500000,780000,1950000,1100000,2700000
samsung-galaxy-s22,Galaxy S22,phone,samsung,speaker,Loa trong / Loa ngoài rè,0,NO_SOURCE,300000,600000,390000,780000,540000,1100000
samsung-galaxy-s22,Galaxy S22,phone,samsung,mic,Hỏng Micro (Nói không nghe),0,NO_SOURCE,300000,550000,390000,720000,540000,990000
samsung-galaxy-s22,Galaxy S22,phone,samsung,back-glass,Thay kính lưng / Bắn laser lưng,0,NO_SOURCE,400000,800000,520000,1050000,720000,1450000
samsung-galaxy-s22,Galaxy S22,phone,samsung,data-recovery,Cứu dữ liệu ổ cứng & Bo mạch,0,NO_SOURCE,600000,1800000,780000,2350000,1100000,3250000
samsung-galaxy-s22,Galaxy S22,phone,samsung,diagnostic,Kiểm tra chẩn đoán toàn diện,0,NO_SOURCE,0,0,0,0,0,0
samsung-galaxy-s21-ultra,Galaxy S21 Ultra,phone,samsung,screen,Thay màn hình hiển thị,0,NO_SOURCE,1400000,2800000,1800000,3650000,2500000,5050000
samsung-galaxy-s21-ultra,Galaxy S21 Ultra,phone,samsung,glass-press,Ép mặt kính / Kính cảm ứng,0,NO_SOURCE,500000,1000000,650000,1300000,900000,1800000
samsung-galaxy-s21-ultra,Galaxy S21 Ultra,phone,samsung,battery,Thay pin dung lượng cao / Pin Zin,0,NO_SOURCE,450000,850000,580000,1100000,810000,1550000
samsung-galaxy-s21-ultra,Galaxy S21 Ultra,phone,samsung,charging-port,Sửa chân sạc / Cổng kết nối,0,NO_SOURCE,350000,650000,460000,840000,630000,1150000
samsung-galaxy-s21-ultra,Galaxy S21 Ultra,phone,samsung,water-damage,Cấp cứu máy vô nước / Rớt nước,0,NO_SOURCE,450000,950000,580000,1250000,810000,1700000
samsung-galaxy-s21-ultra,Galaxy S21 Ultra,phone,samsung,mainboard,Sửa mất nguồn / Lỗi Mainboard,0,NO_SOURCE,800000,2200000,1050000,2850000,1450000,3950000
samsung-galaxy-s21-ultra,Galaxy S21 Ultra,phone,samsung,camera,Thay camera trước / sau,0,NO_SOURCE,600000,1500000,780000,1950000,1100000,2700000
samsung-galaxy-s21-ultra,Galaxy S21 Ultra,phone,samsung,speaker,Loa trong / Loa ngoài rè,0,NO_SOURCE,300000,600000,390000,780000,540000,1100000
samsung-galaxy-s21-ultra,Galaxy S21 Ultra,phone,samsung,mic,Hỏng Micro (Nói không nghe),0,NO_SOURCE,300000,550000,390000,720000,540000,990000
samsung-galaxy-s21-ultra,Galaxy S21 Ultra,phone,samsung,back-glass,Thay kính lưng / Bắn laser lưng,0,NO_SOURCE,400000,800000,520000,1050000,720000,1450000
samsung-galaxy-s21-ultra,Galaxy S21 Ultra,phone,samsung,data-recovery,Cứu dữ liệu ổ cứng & Bo mạch,0,NO_SOURCE,600000,1800000,780000,2350000,1100000,3250000
samsung-galaxy-s21-ultra,Galaxy S21 Ultra,phone,samsung,diagnostic,Kiểm tra chẩn đoán toàn diện,0,NO_SOURCE,0,0,0,0,0,0
samsung-galaxy-s21-plus,Galaxy S21+,phone,samsung,screen,Thay màn hình hiển thị,0,NO_SOURCE,1400000,2800000,1800000,3650000,2500000,5050000
samsung-galaxy-s21-plus,Galaxy S21+,phone,samsung,glass-press,Ép mặt kính / Kính cảm ứng,0,NO_SOURCE,500000,1000000,650000,1300000,900000,1800000
samsung-galaxy-s21-plus,Galaxy S21+,phone,samsung,battery,Thay pin dung lượng cao / Pin Zin,0,NO_SOURCE,450000,850000,580000,1100000,810000,1550000
samsung-galaxy-s21-plus,Galaxy S21+,phone,samsung,charging-port,Sửa chân sạc / Cổng kết nối,0,NO_SOURCE,350000,650000,460000,840000,630000,1150000
samsung-galaxy-s21-plus,Galaxy S21+,phone,samsung,water-damage,Cấp cứu máy vô nước / Rớt nước,0,NO_SOURCE,450000,950000,580000,1250000,810000,1700000
samsung-galaxy-s21-plus,Galaxy S21+,phone,samsung,mainboard,Sửa mất nguồn / Lỗi Mainboard,0,NO_SOURCE,800000,2200000,1050000,2850000,1450000,3950000
samsung-galaxy-s21-plus,Galaxy S21+,phone,samsung,camera,Thay camera trước / sau,0,NO_SOURCE,600000,1500000,780000,1950000,1100000,2700000
samsung-galaxy-s21-plus,Galaxy S21+,phone,samsung,speaker,Loa trong / Loa ngoài rè,0,NO_SOURCE,300000,600000,390000,780000,540000,1100000
samsung-galaxy-s21-plus,Galaxy S21+,phone,samsung,mic,Hỏng Micro (Nói không nghe),0,NO_SOURCE,300000,550000,390000,720000,540000,990000
samsung-galaxy-s21-plus,Galaxy S21+,phone,samsung,back-glass,Thay kính lưng / Bắn laser lưng,0,NO_SOURCE,400000,800000,520000,1050000,720000,1450000
samsung-galaxy-s21-plus,Galaxy S21+,phone,samsung,data-recovery,Cứu dữ liệu ổ cứng & Bo mạch,0,NO_SOURCE,600000,1800000,780000,2350000,1100000,3250000
samsung-galaxy-s21-plus,Galaxy S21+,phone,samsung,diagnostic,Kiểm tra chẩn đoán toàn diện,0,NO_SOURCE,0,0,0,0,0,0
samsung-galaxy-s21,Galaxy S21,phone,samsung,screen,Thay màn hình hiển thị,0,NO_SOURCE,700000,1600000,910000,2100000,1250000,2900000
samsung-galaxy-s21,Galaxy S21,phone,samsung,glass-press,Ép mặt kính / Kính cảm ứng,0,NO_SOURCE,300000,600000,390000,780000,540000,1100000
samsung-galaxy-s21,Galaxy S21,phone,samsung,battery,Thay pin dung lượng cao / Pin Zin,0,NO_SOURCE,300000,550000,390000,720000,540000,990000
samsung-galaxy-s21,Galaxy S21,phone,samsung,charging-port,Sửa chân sạc / Cổng kết nối,0,NO_SOURCE,250000,450000,320000,580000,450000,810000
samsung-galaxy-s21,Galaxy S21,phone,samsung,water-damage,Cấp cứu máy vô nước / Rớt nước,0,NO_SOURCE,300000,600000,390000,780000,540000,1100000
samsung-galaxy-s21,Galaxy S21,phone,samsung,mainboard,Sửa mất nguồn / Lỗi Mainboard,0,NO_SOURCE,500000,1200000,650000,1550000,900000,2150000
samsung-galaxy-s21,Galaxy S21,phone,samsung,camera,Thay camera trước / sau,0,NO_SOURCE,350000,800000,460000,1050000,630000,1450000
samsung-galaxy-s21,Galaxy S21,phone,samsung,speaker,Loa trong / Loa ngoài rè,0,NO_SOURCE,200000,400000,260000,520000,360000,720000
samsung-galaxy-s21,Galaxy S21,phone,samsung,mic,Hỏng Micro (Nói không nghe),0,NO_SOURCE,200000,380000,260000,490000,360000,680000
samsung-galaxy-s21,Galaxy S21,phone,samsung,back-glass,Thay kính lưng / Bắn laser lưng,0,NO_SOURCE,250000,500000,320000,650000,450000,900000
samsung-galaxy-s21,Galaxy S21,phone,samsung,data-recovery,Cứu dữ liệu ổ cứng & Bo mạch,0,NO_SOURCE,400000,1200000,520000,1550000,720000,2150000
samsung-galaxy-s21,Galaxy S21,phone,samsung,diagnostic,Kiểm tra chẩn đoán toàn diện,0,NO_SOURCE,0,0,0,0,0,0
samsung-galaxy-s20-fe,Galaxy S20 FE,phone,samsung,screen,Thay màn hình hiển thị,0,NO_SOURCE,700000,1600000,910000,2100000,1250000,2900000
samsung-galaxy-s20-fe,Galaxy S20 FE,phone,samsung,glass-press,Ép mặt kính / Kính cảm ứng,0,NO_SOURCE,300000,600000,390000,780000,540000,1100000
samsung-galaxy-s20-fe,Galaxy S20 FE,phone,samsung,battery,Thay pin dung lượng cao / Pin Zin,0,NO_SOURCE,300000,550000,390000,720000,540000,990000
samsung-galaxy-s20-fe,Galaxy S20 FE,phone,samsung,charging-port,Sửa chân sạc / Cổng kết nối,0,NO_SOURCE,250000,450000,320000,580000,450000,810000
samsung-galaxy-s20-fe,Galaxy S20 FE,phone,samsung,water-damage,Cấp cứu máy vô nước / Rớt nước,0,NO_SOURCE,300000,600000,390000,780000,540000,1100000
samsung-galaxy-s20-fe,Galaxy S20 FE,phone,samsung,mainboard,Sửa mất nguồn / Lỗi Mainboard,0,NO_SOURCE,500000,1200000,650000,1550000,900000,2150000
samsung-galaxy-s20-fe,Galaxy S20 FE,phone,samsung,camera,Thay camera trước / sau,0,NO_SOURCE,350000,800000,460000,1050000,630000,1450000
samsung-galaxy-s20-fe,Galaxy S20 FE,phone,samsung,speaker,Loa trong / Loa ngoài rè,0,NO_SOURCE,200000,400000,260000,520000,360000,720000
samsung-galaxy-s20-fe,Galaxy S20 FE,phone,samsung,mic,Hỏng Micro (Nói không nghe),0,NO_SOURCE,200000,380000,260000,490000,360000,680000
samsung-galaxy-s20-fe,Galaxy S20 FE,phone,samsung,back-glass,Thay kính lưng / Bắn laser lưng,0,NO_SOURCE,250000,500000,320000,650000,450000,900000
samsung-galaxy-s20-fe,Galaxy S20 FE,phone,samsung,data-recovery,Cứu dữ liệu ổ cứng & Bo mạch,0,NO_SOURCE,400000,1200000,520000,1550000,720000,2150000
samsung-galaxy-s20-fe,Galaxy S20 FE,phone,samsung,diagnostic,Kiểm tra chẩn đoán toàn diện,0,NO_SOURCE,0,0,0,0,0,0
samsung-galaxy-z-fold-6,Galaxy Z Fold 6,phone,samsung,screen,Thay màn hình hiển thị,0,NO_SOURCE,3800000,7500000,4950000,9750000,6850000,13500000
samsung-galaxy-z-fold-6,Galaxy Z Fold 6,phone,samsung,glass-press,Ép mặt kính / Kính cảm ứng,0,NO_SOURCE,1200000,2200000,1550000,2850000,2150000,3950000
samsung-galaxy-z-fold-6,Galaxy Z Fold 6,phone,samsung,battery,Thay pin dung lượng cao / Pin Zin,0,NO_SOURCE,700000,1350000,910000,1750000,1250000,2450000
samsung-galaxy-z-fold-6,Galaxy Z Fold 6,phone,samsung,charging-port,Sửa chân sạc / Cổng kết nối,0,NO_SOURCE,550000,1000000,720000,1300000,990000,1800000
samsung-galaxy-z-fold-6,Galaxy Z Fold 6,phone,samsung,water-damage,Cấp cứu máy vô nước / Rớt nước,0,NO_SOURCE,800000,1800000,1050000,2350000,1450000,3250000
samsung-galaxy-z-fold-6,Galaxy Z Fold 6,phone,samsung,mainboard,Sửa mất nguồn / Lỗi Mainboard,0,NO_SOURCE,1500000,3800000,1950000,4950000,2700000,6850000
samsung-galaxy-z-fold-6,Galaxy Z Fold 6,phone,samsung,camera,Thay camera trước / sau,0,NO_SOURCE,950000,2200000,1250000,2850000,1700000,3950000
samsung-galaxy-z-fold-6,Galaxy Z Fold 6,phone,samsung,speaker,Loa trong / Loa ngoài rè,0,NO_SOURCE,450000,900000,580000,1150000,810000,1600000
samsung-galaxy-z-fold-6,Galaxy Z Fold 6,phone,samsung,mic,Hỏng Micro (Nói không nghe),0,NO_SOURCE,450000,850000,580000,1100000,810000,1550000
samsung-galaxy-z-fold-6,Galaxy Z Fold 6,phone,samsung,hinge-body,Sửa gãy bản lề / Vỏ khung sườn,0,NO_SOURCE,1200000,2800000,1550000,3650000,2150000,5050000
samsung-galaxy-z-fold-6,Galaxy Z Fold 6,phone,samsung,back-glass,Thay kính lưng / Bắn laser lưng,0,NO_SOURCE,700000,1400000,910000,1800000,1250000,2500000
samsung-galaxy-z-fold-6,Galaxy Z Fold 6,phone,samsung,data-recovery,Cứu dữ liệu ổ cứng & Bo mạch,0,NO_SOURCE,900000,2800000,1150000,3650000,1600000,5050000
samsung-galaxy-z-fold-6,Galaxy Z Fold 6,phone,samsung,diagnostic,Kiểm tra chẩn đoán toàn diện,0,NO_SOURCE,0,0,0,0,0,0
samsung-galaxy-z-fold-6,Galaxy Z Fold 6,phone,samsung,foldable-cable,Cáp bản lề & Màn hình nếp gấp (Fold/Flip),0,NO_SOURCE,1500000,2600000,1950000,3400000,2700000,4700000
samsung-galaxy-z-fold-5,Galaxy Z Fold 5,phone,samsung,screen,Thay màn hình hiển thị,0,NO_SOURCE,3800000,7500000,4950000,9750000,6850000,13500000
samsung-galaxy-z-fold-5,Galaxy Z Fold 5,phone,samsung,glass-press,Ép mặt kính / Kính cảm ứng,0,NO_SOURCE,1200000,2200000,1550000,2850000,2150000,3950000
samsung-galaxy-z-fold-5,Galaxy Z Fold 5,phone,samsung,battery,Thay pin dung lượng cao / Pin Zin,0,NO_SOURCE,700000,1350000,910000,1750000,1250000,2450000
samsung-galaxy-z-fold-5,Galaxy Z Fold 5,phone,samsung,charging-port,Sửa chân sạc / Cổng kết nối,0,NO_SOURCE,550000,1000000,720000,1300000,990000,1800000
samsung-galaxy-z-fold-5,Galaxy Z Fold 5,phone,samsung,water-damage,Cấp cứu máy vô nước / Rớt nước,0,NO_SOURCE,800000,1800000,1050000,2350000,1450000,3250000
samsung-galaxy-z-fold-5,Galaxy Z Fold 5,phone,samsung,mainboard,Sửa mất nguồn / Lỗi Mainboard,0,NO_SOURCE,1500000,3800000,1950000,4950000,2700000,6850000
samsung-galaxy-z-fold-5,Galaxy Z Fold 5,phone,samsung,camera,Thay camera trước / sau,0,NO_SOURCE,950000,2200000,1250000,2850000,1700000,3950000
samsung-galaxy-z-fold-5,Galaxy Z Fold 5,phone,samsung,speaker,Loa trong / Loa ngoài rè,0,NO_SOURCE,450000,900000,580000,1150000,810000,1600000
samsung-galaxy-z-fold-5,Galaxy Z Fold 5,phone,samsung,mic,Hỏng Micro (Nói không nghe),0,NO_SOURCE,450000,850000,580000,1100000,810000,1550000
samsung-galaxy-z-fold-5,Galaxy Z Fold 5,phone,samsung,hinge-body,Sửa gãy bản lề / Vỏ khung sườn,0,NO_SOURCE,1200000,2800000,1550000,3650000,2150000,5050000
samsung-galaxy-z-fold-5,Galaxy Z Fold 5,phone,samsung,back-glass,Thay kính lưng / Bắn laser lưng,0,NO_SOURCE,700000,1400000,910000,1800000,1250000,2500000
samsung-galaxy-z-fold-5,Galaxy Z Fold 5,phone,samsung,data-recovery,Cứu dữ liệu ổ cứng & Bo mạch,0,NO_SOURCE,900000,2800000,1150000,3650000,1600000,5050000
samsung-galaxy-z-fold-5,Galaxy Z Fold 5,phone,samsung,diagnostic,Kiểm tra chẩn đoán toàn diện,0,NO_SOURCE,0,0,0,0,0,0
samsung-galaxy-z-fold-5,Galaxy Z Fold 5,phone,samsung,foldable-cable,Cáp bản lề & Màn hình nếp gấp (Fold/Flip),0,NO_SOURCE,1800000,2400000,2500000,3200000,3800000,4600000
samsung-galaxy-z-fold-4,Galaxy Z Fold 4,phone,samsung,screen,Thay màn hình hiển thị,0,NO_SOURCE,3800000,7500000,4950000,9750000,6850000,13500000
samsung-galaxy-z-fold-4,Galaxy Z Fold 4,phone,samsung,glass-press,Ép mặt kính / Kính cảm ứng,0,NO_SOURCE,1200000,2200000,1550000,2850000,2150000,3950000
samsung-galaxy-z-fold-4,Galaxy Z Fold 4,phone,samsung,battery,Thay pin dung lượng cao / Pin Zin,0,NO_SOURCE,700000,1350000,910000,1750000,1250000,2450000
samsung-galaxy-z-fold-4,Galaxy Z Fold 4,phone,samsung,charging-port,Sửa chân sạc / Cổng kết nối,0,NO_SOURCE,550000,1000000,720000,1300000,990000,1800000
samsung-galaxy-z-fold-4,Galaxy Z Fold 4,phone,samsung,water-damage,Cấp cứu máy vô nước / Rớt nước,0,NO_SOURCE,800000,1800000,1050000,2350000,1450000,3250000
samsung-galaxy-z-fold-4,Galaxy Z Fold 4,phone,samsung,mainboard,Sửa mất nguồn / Lỗi Mainboard,0,NO_SOURCE,1500000,3800000,1950000,4950000,2700000,6850000
samsung-galaxy-z-fold-4,Galaxy Z Fold 4,phone,samsung,camera,Thay camera trước / sau,0,NO_SOURCE,950000,2200000,1250000,2850000,1700000,3950000
samsung-galaxy-z-fold-4,Galaxy Z Fold 4,phone,samsung,speaker,Loa trong / Loa ngoài rè,0,NO_SOURCE,450000,900000,580000,1150000,810000,1600000
samsung-galaxy-z-fold-4,Galaxy Z Fold 4,phone,samsung,mic,Hỏng Micro (Nói không nghe),0,NO_SOURCE,450000,850000,580000,1100000,810000,1550000
samsung-galaxy-z-fold-4,Galaxy Z Fold 4,phone,samsung,hinge-body,Sửa gãy bản lề / Vỏ khung sườn,0,NO_SOURCE,1200000,2800000,1550000,3650000,2150000,5050000
samsung-galaxy-z-fold-4,Galaxy Z Fold 4,phone,samsung,back-glass,Thay kính lưng / Bắn laser lưng,0,NO_SOURCE,700000,1400000,910000,1800000,1250000,2500000
samsung-galaxy-z-fold-4,Galaxy Z Fold 4,phone,samsung,data-recovery,Cứu dữ liệu ổ cứng & Bo mạch,0,NO_SOURCE,900000,2800000,1150000,3650000,1600000,5050000
samsung-galaxy-z-fold-4,Galaxy Z Fold 4,phone,samsung,diagnostic,Kiểm tra chẩn đoán toàn diện,0,NO_SOURCE,0,0,0,0,0,0
samsung-galaxy-z-fold-4,Galaxy Z Fold 4,phone,samsung,foldable-cable,Cáp bản lề & Màn hình nếp gấp (Fold/Flip),0,NO_SOURCE,1500000,2600000,1950000,3400000,2700000,4700000
samsung-galaxy-z-flip-6,Galaxy Z Flip 6,phone,samsung,screen,Thay màn hình hiển thị,0,NO_SOURCE,3800000,7500000,4950000,9750000,6850000,13500000
samsung-galaxy-z-flip-6,Galaxy Z Flip 6,phone,samsung,glass-press,Ép mặt kính / Kính cảm ứng,0,NO_SOURCE,1200000,2200000,1550000,2850000,2150000,3950000
samsung-galaxy-z-flip-6,Galaxy Z Flip 6,phone,samsung,battery,Thay pin dung lượng cao / Pin Zin,0,NO_SOURCE,700000,1350000,910000,1750000,1250000,2450000
samsung-galaxy-z-flip-6,Galaxy Z Flip 6,phone,samsung,charging-port,Sửa chân sạc / Cổng kết nối,0,NO_SOURCE,550000,1000000,720000,1300000,990000,1800000
samsung-galaxy-z-flip-6,Galaxy Z Flip 6,phone,samsung,water-damage,Cấp cứu máy vô nước / Rớt nước,0,NO_SOURCE,800000,1800000,1050000,2350000,1450000,3250000
samsung-galaxy-z-flip-6,Galaxy Z Flip 6,phone,samsung,mainboard,Sửa mất nguồn / Lỗi Mainboard,0,NO_SOURCE,1500000,3800000,1950000,4950000,2700000,6850000
samsung-galaxy-z-flip-6,Galaxy Z Flip 6,phone,samsung,camera,Thay camera trước / sau,0,NO_SOURCE,950000,2200000,1250000,2850000,1700000,3950000
samsung-galaxy-z-flip-6,Galaxy Z Flip 6,phone,samsung,speaker,Loa trong / Loa ngoài rè,0,NO_SOURCE,450000,900000,580000,1150000,810000,1600000
samsung-galaxy-z-flip-6,Galaxy Z Flip 6,phone,samsung,mic,Hỏng Micro (Nói không nghe),0,NO_SOURCE,450000,850000,580000,1100000,810000,1550000
samsung-galaxy-z-flip-6,Galaxy Z Flip 6,phone,samsung,hinge-body,Sửa gãy bản lề / Vỏ khung sườn,0,NO_SOURCE,1200000,2800000,1550000,3650000,2150000,5050000
samsung-galaxy-z-flip-6,Galaxy Z Flip 6,phone,samsung,back-glass,Thay kính lưng / Bắn laser lưng,0,NO_SOURCE,700000,1400000,910000,1800000,1250000,2500000
samsung-galaxy-z-flip-6,Galaxy Z Flip 6,phone,samsung,data-recovery,Cứu dữ liệu ổ cứng & Bo mạch,0,NO_SOURCE,900000,2800000,1150000,3650000,1600000,5050000
samsung-galaxy-z-flip-6,Galaxy Z Flip 6,phone,samsung,diagnostic,Kiểm tra chẩn đoán toàn diện,0,NO_SOURCE,0,0,0,0,0,0
samsung-galaxy-z-flip-6,Galaxy Z Flip 6,phone,samsung,foldable-cable,Cáp bản lề & Màn hình nếp gấp (Fold/Flip),0,NO_SOURCE,1500000,2600000,1950000,3400000,2700000,4700000
samsung-galaxy-z-flip-5,Galaxy Z Flip 5,phone,samsung,screen,Thay màn hình hiển thị,0,NO_SOURCE,3800000,7500000,4950000,9750000,6850000,13500000
samsung-galaxy-z-flip-5,Galaxy Z Flip 5,phone,samsung,glass-press,Ép mặt kính / Kính cảm ứng,0,NO_SOURCE,1200000,2200000,1550000,2850000,2150000,3950000
samsung-galaxy-z-flip-5,Galaxy Z Flip 5,phone,samsung,battery,Thay pin dung lượng cao / Pin Zin,0,NO_SOURCE,700000,1350000,910000,1750000,1250000,2450000
samsung-galaxy-z-flip-5,Galaxy Z Flip 5,phone,samsung,charging-port,Sửa chân sạc / Cổng kết nối,0,NO_SOURCE,550000,1000000,720000,1300000,990000,1800000
samsung-galaxy-z-flip-5,Galaxy Z Flip 5,phone,samsung,water-damage,Cấp cứu máy vô nước / Rớt nước,0,NO_SOURCE,800000,1800000,1050000,2350000,1450000,3250000
samsung-galaxy-z-flip-5,Galaxy Z Flip 5,phone,samsung,mainboard,Sửa mất nguồn / Lỗi Mainboard,0,NO_SOURCE,1500000,3800000,1950000,4950000,2700000,6850000
samsung-galaxy-z-flip-5,Galaxy Z Flip 5,phone,samsung,camera,Thay camera trước / sau,0,NO_SOURCE,950000,2200000,1250000,2850000,1700000,3950000
samsung-galaxy-z-flip-5,Galaxy Z Flip 5,phone,samsung,speaker,Loa trong / Loa ngoài rè,0,NO_SOURCE,450000,900000,580000,1150000,810000,1600000
samsung-galaxy-z-flip-5,Galaxy Z Flip 5,phone,samsung,mic,Hỏng Micro (Nói không nghe),0,NO_SOURCE,450000,850000,580000,1100000,810000,1550000
samsung-galaxy-z-flip-5,Galaxy Z Flip 5,phone,samsung,hinge-body,Sửa gãy bản lề / Vỏ khung sườn,0,NO_SOURCE,1200000,2800000,1550000,3650000,2150000,5050000
samsung-galaxy-z-flip-5,Galaxy Z Flip 5,phone,samsung,back-glass,Thay kính lưng / Bắn laser lưng,0,NO_SOURCE,700000,1400000,910000,1800000,1250000,2500000
samsung-galaxy-z-flip-5,Galaxy Z Flip 5,phone,samsung,data-recovery,Cứu dữ liệu ổ cứng & Bo mạch,0,NO_SOURCE,900000,2800000,1150000,3650000,1600000,5050000
samsung-galaxy-z-flip-5,Galaxy Z Flip 5,phone,samsung,diagnostic,Kiểm tra chẩn đoán toàn diện,0,NO_SOURCE,0,0,0,0,0,0
samsung-galaxy-z-flip-5,Galaxy Z Flip 5,phone,samsung,foldable-cable,Cáp bản lề & Màn hình nếp gấp (Fold/Flip),0,NO_SOURCE,1500000,2600000,1950000,3400000,2700000,4700000
samsung-galaxy-z-flip-4,Galaxy Z Flip 4,phone,samsung,screen,Thay màn hình hiển thị,0,NO_SOURCE,3800000,7500000,4950000,9750000,6850000,13500000
samsung-galaxy-z-flip-4,Galaxy Z Flip 4,phone,samsung,glass-press,Ép mặt kính / Kính cảm ứng,0,NO_SOURCE,1200000,2200000,1550000,2850000,2150000,3950000
samsung-galaxy-z-flip-4,Galaxy Z Flip 4,phone,samsung,battery,Thay pin dung lượng cao / Pin Zin,0,NO_SOURCE,700000,1350000,910000,1750000,1250000,2450000
samsung-galaxy-z-flip-4,Galaxy Z Flip 4,phone,samsung,charging-port,Sửa chân sạc / Cổng kết nối,0,NO_SOURCE,550000,1000000,720000,1300000,990000,1800000
samsung-galaxy-z-flip-4,Galaxy Z Flip 4,phone,samsung,water-damage,Cấp cứu máy vô nước / Rớt nước,0,NO_SOURCE,800000,1800000,1050000,2350000,1450000,3250000
samsung-galaxy-z-flip-4,Galaxy Z Flip 4,phone,samsung,mainboard,Sửa mất nguồn / Lỗi Mainboard,0,NO_SOURCE,1500000,3800000,1950000,4950000,2700000,6850000
samsung-galaxy-z-flip-4,Galaxy Z Flip 4,phone,samsung,camera,Thay camera trước / sau,0,NO_SOURCE,950000,2200000,1250000,2850000,1700000,3950000
samsung-galaxy-z-flip-4,Galaxy Z Flip 4,phone,samsung,speaker,Loa trong / Loa ngoài rè,0,NO_SOURCE,450000,900000,580000,1150000,810000,1600000
samsung-galaxy-z-flip-4,Galaxy Z Flip 4,phone,samsung,mic,Hỏng Micro (Nói không nghe),0,NO_SOURCE,450000,850000,580000,1100000,810000,1550000
samsung-galaxy-z-flip-4,Galaxy Z Flip 4,phone,samsung,hinge-body,Sửa gãy bản lề / Vỏ khung sườn,0,NO_SOURCE,1200000,2800000,1550000,3650000,2150000,5050000
samsung-galaxy-z-flip-4,Galaxy Z Flip 4,phone,samsung,back-glass,Thay kính lưng / Bắn laser lưng,0,NO_SOURCE,700000,1400000,910000,1800000,1250000,2500000
samsung-galaxy-z-flip-4,Galaxy Z Flip 4,phone,samsung,data-recovery,Cứu dữ liệu ổ cứng & Bo mạch,0,NO_SOURCE,900000,2800000,1150000,3650000,1600000,5050000
samsung-galaxy-z-flip-4,Galaxy Z Flip 4,phone,samsung,diagnostic,Kiểm tra chẩn đoán toàn diện,0,NO_SOURCE,0,0,0,0,0,0
samsung-galaxy-z-flip-4,Galaxy Z Flip 4,phone,samsung,foldable-cable,Cáp bản lề & Màn hình nếp gấp (Fold/Flip),0,NO_SOURCE,1500000,2600000,1950000,3400000,2700000,4700000
samsung-galaxy-note-20-ultra,Galaxy Note 20 Ultra,phone,samsung,screen,Thay màn hình hiển thị,0,NO_SOURCE,1400000,2800000,1800000,3650000,2500000,5050000
samsung-galaxy-note-20-ultra,Galaxy Note 20 Ultra,phone,samsung,glass-press,Ép mặt kính / Kính cảm ứng,0,NO_SOURCE,500000,1000000,650000,1300000,900000,1800000
samsung-galaxy-note-20-ultra,Galaxy Note 20 Ultra,phone,samsung,battery,Thay pin dung lượng cao / Pin Zin,0,NO_SOURCE,450000,850000,580000,1100000,810000,1550000
samsung-galaxy-note-20-ultra,Galaxy Note 20 Ultra,phone,samsung,charging-port,Sửa chân sạc / Cổng kết nối,0,NO_SOURCE,350000,650000,460000,840000,630000,1150000
samsung-galaxy-note-20-ultra,Galaxy Note 20 Ultra,phone,samsung,water-damage,Cấp cứu máy vô nước / Rớt nước,0,NO_SOURCE,450000,950000,580000,1250000,810000,1700000
samsung-galaxy-note-20-ultra,Galaxy Note 20 Ultra,phone,samsung,mainboard,Sửa mất nguồn / Lỗi Mainboard,0,NO_SOURCE,800000,2200000,1050000,2850000,1450000,3950000
samsung-galaxy-note-20-ultra,Galaxy Note 20 Ultra,phone,samsung,camera,Thay camera trước / sau,0,NO_SOURCE,600000,1500000,780000,1950000,1100000,2700000
samsung-galaxy-note-20-ultra,Galaxy Note 20 Ultra,phone,samsung,speaker,Loa trong / Loa ngoài rè,0,NO_SOURCE,300000,600000,390000,780000,540000,1100000
samsung-galaxy-note-20-ultra,Galaxy Note 20 Ultra,phone,samsung,mic,Hỏng Micro (Nói không nghe),0,NO_SOURCE,300000,550000,390000,720000,540000,990000
samsung-galaxy-note-20-ultra,Galaxy Note 20 Ultra,phone,samsung,back-glass,Thay kính lưng / Bắn laser lưng,0,NO_SOURCE,400000,800000,520000,1050000,720000,1450000
samsung-galaxy-note-20-ultra,Galaxy Note 20 Ultra,phone,samsung,data-recovery,Cứu dữ liệu ổ cứng & Bo mạch,0,NO_SOURCE,600000,1800000,780000,2350000,1100000,3250000
samsung-galaxy-note-20-ultra,Galaxy Note 20 Ultra,phone,samsung,diagnostic,Kiểm tra chẩn đoán toàn diện,0,NO_SOURCE,0,0,0,0,0,0
samsung-galaxy-note-20,Galaxy Note 20,phone,samsung,screen,Thay màn hình hiển thị,0,NO_SOURCE,700000,1600000,910000,2100000,1250000,2900000
samsung-galaxy-note-20,Galaxy Note 20,phone,samsung,glass-press,Ép mặt kính / Kính cảm ứng,0,NO_SOURCE,300000,600000,390000,780000,540000,1100000
samsung-galaxy-note-20,Galaxy Note 20,phone,samsung,battery,Thay pin dung lượng cao / Pin Zin,0,NO_SOURCE,300000,550000,390000,720000,540000,990000
samsung-galaxy-note-20,Galaxy Note 20,phone,samsung,charging-port,Sửa chân sạc / Cổng kết nối,0,NO_SOURCE,250000,450000,320000,580000,450000,810000
samsung-galaxy-note-20,Galaxy Note 20,phone,samsung,water-damage,Cấp cứu máy vô nước / Rớt nước,0,NO_SOURCE,300000,600000,390000,780000,540000,1100000
samsung-galaxy-note-20,Galaxy Note 20,phone,samsung,mainboard,Sửa mất nguồn / Lỗi Mainboard,0,NO_SOURCE,500000,1200000,650000,1550000,900000,2150000
samsung-galaxy-note-20,Galaxy Note 20,phone,samsung,camera,Thay camera trước / sau,0,NO_SOURCE,350000,800000,460000,1050000,630000,1450000
samsung-galaxy-note-20,Galaxy Note 20,phone,samsung,speaker,Loa trong / Loa ngoài rè,0,NO_SOURCE,200000,400000,260000,520000,360000,720000
samsung-galaxy-note-20,Galaxy Note 20,phone,samsung,mic,Hỏng Micro (Nói không nghe),0,NO_SOURCE,200000,380000,260000,490000,360000,680000
samsung-galaxy-note-20,Galaxy Note 20,phone,samsung,back-glass,Thay kính lưng / Bắn laser lưng,0,NO_SOURCE,250000,500000,320000,650000,450000,900000
samsung-galaxy-note-20,Galaxy Note 20,phone,samsung,data-recovery,Cứu dữ liệu ổ cứng & Bo mạch,0,NO_SOURCE,400000,1200000,520000,1550000,720000,2150000
samsung-galaxy-note-20,Galaxy Note 20,phone,samsung,diagnostic,Kiểm tra chẩn đoán toàn diện,0,NO_SOURCE,0,0,0,0,0,0
samsung-galaxy-note-10-plus,Galaxy Note 10+,phone,samsung,screen,Thay màn hình hiển thị,0,NO_SOURCE,700000,1600000,910000,2100000,1250000,2900000
samsung-galaxy-note-10-plus,Galaxy Note 10+,phone,samsung,glass-press,Ép mặt kính / Kính cảm ứng,0,NO_SOURCE,300000,600000,390000,780000,540000,1100000
samsung-galaxy-note-10-plus,Galaxy Note 10+,phone,samsung,battery,Thay pin dung lượng cao / Pin Zin,0,NO_SOURCE,300000,550000,390000,720000,540000,990000
samsung-galaxy-note-10-plus,Galaxy Note 10+,phone,samsung,charging-port,Sửa chân sạc / Cổng kết nối,0,NO_SOURCE,250000,450000,320000,580000,450000,810000
samsung-galaxy-note-10-plus,Galaxy Note 10+,phone,samsung,water-damage,Cấp cứu máy vô nước / Rớt nước,0,NO_SOURCE,300000,600000,390000,780000,540000,1100000
samsung-galaxy-note-10-plus,Galaxy Note 10+,phone,samsung,mainboard,Sửa mất nguồn / Lỗi Mainboard,0,NO_SOURCE,500000,1200000,650000,1550000,900000,2150000
samsung-galaxy-note-10-plus,Galaxy Note 10+,phone,samsung,camera,Thay camera trước / sau,0,NO_SOURCE,350000,800000,460000,1050000,630000,1450000
samsung-galaxy-note-10-plus,Galaxy Note 10+,phone,samsung,speaker,Loa trong / Loa ngoài rè,0,NO_SOURCE,200000,400000,260000,520000,360000,720000
samsung-galaxy-note-10-plus,Galaxy Note 10+,phone,samsung,mic,Hỏng Micro (Nói không nghe),0,NO_SOURCE,200000,380000,260000,490000,360000,680000
samsung-galaxy-note-10-plus,Galaxy Note 10+,phone,samsung,back-glass,Thay kính lưng / Bắn laser lưng,0,NO_SOURCE,250000,500000,320000,650000,450000,900000
samsung-galaxy-note-10-plus,Galaxy Note 10+,phone,samsung,data-recovery,Cứu dữ liệu ổ cứng & Bo mạch,0,NO_SOURCE,400000,1200000,520000,1550000,720000,2150000
samsung-galaxy-note-10-plus,Galaxy Note 10+,phone,samsung,diagnostic,Kiểm tra chẩn đoán toàn diện,0,NO_SOURCE,0,0,0,0,0,0
samsung-galaxy-a55-5g,Galaxy A55 5G,phone,samsung,screen,Thay màn hình hiển thị,0,NO_SOURCE,700000,1600000,910000,2100000,1250000,2900000
samsung-galaxy-a55-5g,Galaxy A55 5G,phone,samsung,glass-press,Ép mặt kính / Kính cảm ứng,0,NO_SOURCE,300000,600000,390000,780000,540000,1100000
samsung-galaxy-a55-5g,Galaxy A55 5G,phone,samsung,battery,Thay pin dung lượng cao / Pin Zin,0,NO_SOURCE,300000,550000,390000,720000,540000,990000
samsung-galaxy-a55-5g,Galaxy A55 5G,phone,samsung,charging-port,Sửa chân sạc / Cổng kết nối,0,NO_SOURCE,250000,450000,320000,580000,450000,810000
samsung-galaxy-a55-5g,Galaxy A55 5G,phone,samsung,water-damage,Cấp cứu máy vô nước / Rớt nước,0,NO_SOURCE,300000,600000,390000,780000,540000,1100000
samsung-galaxy-a55-5g,Galaxy A55 5G,phone,samsung,mainboard,Sửa mất nguồn / Lỗi Mainboard,0,NO_SOURCE,500000,1200000,650000,1550000,900000,2150000
samsung-galaxy-a55-5g,Galaxy A55 5G,phone,samsung,camera,Thay camera trước / sau,0,NO_SOURCE,350000,800000,460000,1050000,630000,1450000
samsung-galaxy-a55-5g,Galaxy A55 5G,phone,samsung,speaker,Loa trong / Loa ngoài rè,0,NO_SOURCE,200000,400000,260000,520000,360000,720000
samsung-galaxy-a55-5g,Galaxy A55 5G,phone,samsung,mic,Hỏng Micro (Nói không nghe),0,NO_SOURCE,200000,380000,260000,490000,360000,680000
samsung-galaxy-a55-5g,Galaxy A55 5G,phone,samsung,back-glass,Thay kính lưng / Bắn laser lưng,0,NO_SOURCE,250000,500000,320000,650000,450000,900000
samsung-galaxy-a55-5g,Galaxy A55 5G,phone,samsung,data-recovery,Cứu dữ liệu ổ cứng & Bo mạch,0,NO_SOURCE,400000,1200000,520000,1550000,720000,2150000
samsung-galaxy-a55-5g,Galaxy A55 5G,phone,samsung,diagnostic,Kiểm tra chẩn đoán toàn diện,0,NO_SOURCE,0,0,0,0,0,0
samsung-galaxy-a54-5g,Galaxy A54 5G,phone,samsung,screen,Thay màn hình hiển thị,0,NO_SOURCE,700000,1600000,910000,2100000,1250000,2900000
samsung-galaxy-a54-5g,Galaxy A54 5G,phone,samsung,glass-press,Ép mặt kính / Kính cảm ứng,0,NO_SOURCE,300000,600000,390000,780000,540000,1100000
samsung-galaxy-a54-5g,Galaxy A54 5G,phone,samsung,battery,Thay pin dung lượng cao / Pin Zin,0,NO_SOURCE,300000,550000,390000,720000,540000,990000
samsung-galaxy-a54-5g,Galaxy A54 5G,phone,samsung,charging-port,Sửa chân sạc / Cổng kết nối,0,NO_SOURCE,250000,450000,320000,580000,450000,810000
samsung-galaxy-a54-5g,Galaxy A54 5G,phone,samsung,water-damage,Cấp cứu máy vô nước / Rớt nước,0,NO_SOURCE,300000,600000,390000,780000,540000,1100000
samsung-galaxy-a54-5g,Galaxy A54 5G,phone,samsung,mainboard,Sửa mất nguồn / Lỗi Mainboard,0,NO_SOURCE,500000,1200000,650000,1550000,900000,2150000
samsung-galaxy-a54-5g,Galaxy A54 5G,phone,samsung,camera,Thay camera trước / sau,0,NO_SOURCE,350000,800000,460000,1050000,630000,1450000
samsung-galaxy-a54-5g,Galaxy A54 5G,phone,samsung,speaker,Loa trong / Loa ngoài rè,0,NO_SOURCE,200000,400000,260000,520000,360000,720000
samsung-galaxy-a54-5g,Galaxy A54 5G,phone,samsung,mic,Hỏng Micro (Nói không nghe),0,NO_SOURCE,200000,380000,260000,490000,360000,680000
samsung-galaxy-a54-5g,Galaxy A54 5G,phone,samsung,back-glass,Thay kính lưng / Bắn laser lưng,0,NO_SOURCE,250000,500000,320000,650000,450000,900000
samsung-galaxy-a54-5g,Galaxy A54 5G,phone,samsung,data-recovery,Cứu dữ liệu ổ cứng & Bo mạch,0,NO_SOURCE,400000,1200000,520000,1550000,720000,2150000
samsung-galaxy-a54-5g,Galaxy A54 5G,phone,samsung,diagnostic,Kiểm tra chẩn đoán toàn diện,0,NO_SOURCE,0,0,0,0,0,0
samsung-galaxy-a35-5g,Galaxy A35 5G,phone,samsung,screen,Thay màn hình hiển thị,0,NO_SOURCE,700000,1600000,910000,2100000,1250000,2900000
samsung-galaxy-a35-5g,Galaxy A35 5G,phone,samsung,glass-press,Ép mặt kính / Kính cảm ứng,0,NO_SOURCE,300000,600000,390000,780000,540000,1100000
samsung-galaxy-a35-5g,Galaxy A35 5G,phone,samsung,battery,Thay pin dung lượng cao / Pin Zin,0,NO_SOURCE,300000,550000,390000,720000,540000,990000
samsung-galaxy-a35-5g,Galaxy A35 5G,phone,samsung,charging-port,Sửa chân sạc / Cổng kết nối,0,NO_SOURCE,250000,450000,320000,580000,450000,810000
samsung-galaxy-a35-5g,Galaxy A35 5G,phone,samsung,water-damage,Cấp cứu máy vô nước / Rớt nước,0,NO_SOURCE,300000,600000,390000,780000,540000,1100000
samsung-galaxy-a35-5g,Galaxy A35 5G,phone,samsung,mainboard,Sửa mất nguồn / Lỗi Mainboard,0,NO_SOURCE,500000,1200000,650000,1550000,900000,2150000
samsung-galaxy-a35-5g,Galaxy A35 5G,phone,samsung,camera,Thay camera trước / sau,0,NO_SOURCE,350000,800000,460000,1050000,630000,1450000
samsung-galaxy-a35-5g,Galaxy A35 5G,phone,samsung,speaker,Loa trong / Loa ngoài rè,0,NO_SOURCE,200000,400000,260000,520000,360000,720000
samsung-galaxy-a35-5g,Galaxy A35 5G,phone,samsung,mic,Hỏng Micro (Nói không nghe),0,NO_SOURCE,200000,380000,260000,490000,360000,680000
samsung-galaxy-a35-5g,Galaxy A35 5G,phone,samsung,back-glass,Thay kính lưng / Bắn laser lưng,0,NO_SOURCE,250000,500000,320000,650000,450000,900000
samsung-galaxy-a35-5g,Galaxy A35 5G,phone,samsung,data-recovery,Cứu dữ liệu ổ cứng & Bo mạch,0,NO_SOURCE,400000,1200000,520000,1550000,720000,2150000
samsung-galaxy-a35-5g,Galaxy A35 5G,phone,samsung,diagnostic,Kiểm tra chẩn đoán toàn diện,0,NO_SOURCE,0,0,0,0,0,0
samsung-galaxy-a15,Galaxy A15 4G/5G,phone,samsung,screen,Thay màn hình hiển thị,0,NO_SOURCE,350000,700000,460000,910000,630000,1250000
samsung-galaxy-a15,Galaxy A15 4G/5G,phone,samsung,glass-press,Ép mặt kính / Kính cảm ứng,0,NO_SOURCE,200000,350000,260000,460000,360000,630000
samsung-galaxy-a15,Galaxy A15 4G/5G,phone,samsung,battery,Thay pin dung lượng cao / Pin Zin,0,NO_SOURCE,200000,350000,260000,460000,360000,630000
samsung-galaxy-a15,Galaxy A15 4G/5G,phone,samsung,charging-port,Sửa chân sạc / Cổng kết nối,0,NO_SOURCE,150000,280000,200000,360000,270000,500000
samsung-galaxy-a15,Galaxy A15 4G/5G,phone,samsung,water-damage,Cấp cứu máy vô nước / Rớt nước,0,NO_SOURCE,200000,400000,260000,520000,360000,720000
samsung-galaxy-a15,Galaxy A15 4G/5G,phone,samsung,mainboard,Sửa mất nguồn / Lỗi Mainboard,0,NO_SOURCE,350000,750000,460000,980000,630000,1350000
samsung-galaxy-a15,Galaxy A15 4G/5G,phone,samsung,camera,Thay camera trước / sau,0,NO_SOURCE,200000,450000,260000,580000,360000,810000
samsung-galaxy-a15,Galaxy A15 4G/5G,phone,samsung,speaker,Loa trong / Loa ngoài rè,0,NO_SOURCE,150000,300000,200000,390000,270000,540000
samsung-galaxy-a15,Galaxy A15 4G/5G,phone,samsung,mic,Hỏng Micro (Nói không nghe),0,NO_SOURCE,150000,280000,200000,360000,270000,500000
samsung-galaxy-a15,Galaxy A15 4G/5G,phone,samsung,back-glass,Thay kính lưng / Bắn laser lưng,0,NO_SOURCE,180000,320000,230000,420000,320000,580000
samsung-galaxy-a15,Galaxy A15 4G/5G,phone,samsung,data-recovery,Cứu dữ liệu ổ cứng & Bo mạch,0,NO_SOURCE,300000,800000,390000,1050000,540000,1450000
samsung-galaxy-a15,Galaxy A15 4G/5G,phone,samsung,diagnostic,Kiểm tra chẩn đoán toàn diện,0,NO_SOURCE,0,0,0,0,0,0
samsung-galaxy-a05s,Galaxy A05s,phone,samsung,screen,Thay màn hình hiển thị,0,NO_SOURCE,350000,700000,460000,910000,630000,1250000
samsung-galaxy-a05s,Galaxy A05s,phone,samsung,glass-press,Ép mặt kính / Kính cảm ứng,0,NO_SOURCE,200000,350000,260000,460000,360000,630000
samsung-galaxy-a05s,Galaxy A05s,phone,samsung,battery,Thay pin dung lượng cao / Pin Zin,0,NO_SOURCE,200000,350000,260000,460000,360000,630000
samsung-galaxy-a05s,Galaxy A05s,phone,samsung,charging-port,Sửa chân sạc / Cổng kết nối,0,NO_SOURCE,150000,280000,200000,360000,270000,500000
samsung-galaxy-a05s,Galaxy A05s,phone,samsung,water-damage,Cấp cứu máy vô nước / Rớt nước,0,NO_SOURCE,200000,400000,260000,520000,360000,720000
samsung-galaxy-a05s,Galaxy A05s,phone,samsung,mainboard,Sửa mất nguồn / Lỗi Mainboard,0,NO_SOURCE,350000,750000,460000,980000,630000,1350000
samsung-galaxy-a05s,Galaxy A05s,phone,samsung,camera,Thay camera trước / sau,0,NO_SOURCE,200000,450000,260000,580000,360000,810000
samsung-galaxy-a05s,Galaxy A05s,phone,samsung,speaker,Loa trong / Loa ngoài rè,0,NO_SOURCE,150000,300000,200000,390000,270000,540000
samsung-galaxy-a05s,Galaxy A05s,phone,samsung,mic,Hỏng Micro (Nói không nghe),0,NO_SOURCE,150000,280000,200000,360000,270000,500000
samsung-galaxy-a05s,Galaxy A05s,phone,samsung,back-glass,Thay kính lưng / Bắn laser lưng,0,NO_SOURCE,180000,320000,230000,420000,320000,580000
samsung-galaxy-a05s,Galaxy A05s,phone,samsung,data-recovery,Cứu dữ liệu ổ cứng & Bo mạch,0,NO_SOURCE,300000,800000,390000,1050000,540000,1450000
samsung-galaxy-a05s,Galaxy A05s,phone,samsung,diagnostic,Kiểm tra chẩn đoán toàn diện,0,NO_SOURCE,0,0,0,0,0,0
sony-xperia-1-vi,Sony Xperia 1 VI,phone,sony,screen,Thay màn hình hiển thị,0,NO_SOURCE,2750000,5500000,3600000,7200000,4950000,9950000
sony-xperia-1-vi,Sony Xperia 1 VI,phone,sony,glass-press,Ép mặt kính / Kính cảm ứng,0,NO_SOURCE,920000,1850000,1200000,2400000,1650000,3300000
sony-xperia-1-vi,Sony Xperia 1 VI,phone,sony,battery,Thay pin dung lượng cao / Pin Zin,0,NO_SOURCE,750000,1450000,970000,1850000,1350000,2600000
sony-xperia-1-vi,Sony Xperia 1 VI,phone,sony,charging-port,Sửa chân sạc / Cổng kết nối,0,NO_SOURCE,580000,1100000,750000,1400000,1050000,1950000
sony-xperia-1-vi,Sony Xperia 1 VI,phone,sony,water-damage,Cấp cứu máy vô nước / Rớt nước,0,NO_SOURCE,690000,1600000,900000,2100000,1250000,2900000
sony-xperia-1-vi,Sony Xperia 1 VI,phone,sony,mainboard,Sửa mất nguồn / Lỗi Mainboard,0,NO_SOURCE,1400000,3700000,1800000,4800000,2500000,6600000
sony-xperia-1-vi,Sony Xperia 1 VI,phone,sony,camera,Thay camera trước / sau,0,NO_SOURCE,1100000,2750000,1400000,3600000,1950000,4950000
sony-xperia-1-vi,Sony Xperia 1 VI,phone,sony,speaker,Loa trong / Loa ngoài rè,0,NO_SOURCE,460000,980000,600000,1250000,830000,1750000
sony-xperia-1-vi,Sony Xperia 1 VI,phone,sony,mic,Hỏng Micro (Nói không nghe),0,NO_SOURCE,460000,920000,600000,1200000,830000,1650000
sony-xperia-1-vi,Sony Xperia 1 VI,phone,sony,back-glass,Thay kính lưng / Bắn laser lưng,0,NO_SOURCE,750000,1500000,970000,1950000,1350000,2700000
sony-xperia-1-vi,Sony Xperia 1 VI,phone,sony,data-recovery,Cứu dữ liệu ổ cứng & Bo mạch,0,NO_SOURCE,920000,2900000,1200000,3750000,1650000,5200000
sony-xperia-1-vi,Sony Xperia 1 VI,phone,sony,diagnostic,Kiểm tra chẩn đoán toàn diện,0,NO_SOURCE,0,0,0,0,0,0
sony-xperia-1-v,Sony Xperia 1 V,phone,sony,screen,Thay màn hình hiển thị,0,NO_SOURCE,2750000,5500000,3600000,7200000,4950000,9950000
sony-xperia-1-v,Sony Xperia 1 V,phone,sony,glass-press,Ép mặt kính / Kính cảm ứng,0,NO_SOURCE,920000,1850000,1200000,2400000,1650000,3300000
sony-xperia-1-v,Sony Xperia 1 V,phone,sony,battery,Thay pin dung lượng cao / Pin Zin,0,NO_SOURCE,750000,1450000,970000,1850000,1350000,2600000
sony-xperia-1-v,Sony Xperia 1 V,phone,sony,charging-port,Sửa chân sạc / Cổng kết nối,0,NO_SOURCE,580000,1100000,750000,1400000,1050000,1950000
sony-xperia-1-v,Sony Xperia 1 V,phone,sony,water-damage,Cấp cứu máy vô nước / Rớt nước,0,NO_SOURCE,690000,1600000,900000,2100000,1250000,2900000
sony-xperia-1-v,Sony Xperia 1 V,phone,sony,mainboard,Sửa mất nguồn / Lỗi Mainboard,0,NO_SOURCE,1400000,3700000,1800000,4800000,2500000,6600000
sony-xperia-1-v,Sony Xperia 1 V,phone,sony,camera,Thay camera trước / sau,0,NO_SOURCE,1100000,2750000,1400000,3600000,1950000,4950000
sony-xperia-1-v,Sony Xperia 1 V,phone,sony,speaker,Loa trong / Loa ngoài rè,0,NO_SOURCE,460000,980000,600000,1250000,830000,1750000
sony-xperia-1-v,Sony Xperia 1 V,phone,sony,mic,Hỏng Micro (Nói không nghe),0,NO_SOURCE,460000,920000,600000,1200000,830000,1650000
sony-xperia-1-v,Sony Xperia 1 V,phone,sony,back-glass,Thay kính lưng / Bắn laser lưng,0,NO_SOURCE,750000,1500000,970000,1950000,1350000,2700000
sony-xperia-1-v,Sony Xperia 1 V,phone,sony,data-recovery,Cứu dữ liệu ổ cứng & Bo mạch,0,NO_SOURCE,920000,2900000,1200000,3750000,1650000,5200000
sony-xperia-1-v,Sony Xperia 1 V,phone,sony,diagnostic,Kiểm tra chẩn đoán toàn diện,0,NO_SOURCE,0,0,0,0,0,0
sony-xperia-1-iv,Sony Xperia 1 IV,phone,sony,screen,Thay màn hình hiển thị,0,NO_SOURCE,1600000,3200000,2100000,4200000,2900000,5800000
sony-xperia-1-iv,Sony Xperia 1 IV,phone,sony,glass-press,Ép mặt kính / Kính cảm ứng,0,NO_SOURCE,580000,1150000,750000,1500000,1050000,2050000
sony-xperia-1-iv,Sony Xperia 1 IV,phone,sony,battery,Thay pin dung lượng cao / Pin Zin,0,NO_SOURCE,520000,980000,670000,1250000,930000,1750000
sony-xperia-1-iv,Sony Xperia 1 IV,phone,sony,charging-port,Sửa chân sạc / Cổng kết nối,0,NO_SOURCE,400000,750000,520000,970000,720000,1350000
sony-xperia-1-iv,Sony Xperia 1 IV,phone,sony,water-damage,Cấp cứu máy vô nước / Rớt nước,0,NO_SOURCE,520000,1100000,670000,1400000,930000,1950000
sony-xperia-1-iv,Sony Xperia 1 IV,phone,sony,mainboard,Sửa mất nguồn / Lỗi Mainboard,0,NO_SOURCE,920000,2550000,1200000,3300000,1650000,4550000
sony-xperia-1-iv,Sony Xperia 1 IV,phone,sony,camera,Thay camera trước / sau,0,NO_SOURCE,690000,1700000,900000,2250000,1250000,3100000
sony-xperia-1-iv,Sony Xperia 1 IV,phone,sony,speaker,Loa trong / Loa ngoài rè,0,NO_SOURCE,340000,690000,450000,900000,620000,1250000
sony-xperia-1-iv,Sony Xperia 1 IV,phone,sony,mic,Hỏng Micro (Nói không nghe),0,NO_SOURCE,340000,630000,450000,820000,620000,1150000
sony-xperia-1-iv,Sony Xperia 1 IV,phone,sony,back-glass,Thay kính lưng / Bắn laser lưng,0,NO_SOURCE,460000,920000,600000,1200000,830000,1650000
sony-xperia-1-iv,Sony Xperia 1 IV,phone,sony,data-recovery,Cứu dữ liệu ổ cứng & Bo mạch,0,NO_SOURCE,690000,2050000,900000,2700000,1250000,3750000
sony-xperia-1-iv,Sony Xperia 1 IV,phone,sony,diagnostic,Kiểm tra chẩn đoán toàn diện,0,NO_SOURCE,0,0,0,0,0,0
sony-xperia-5-v,Sony Xperia 5 V,phone,sony,screen,Thay màn hình hiển thị,0,NO_SOURCE,1600000,3200000,2100000,4200000,2900000,5800000
sony-xperia-5-v,Sony Xperia 5 V,phone,sony,glass-press,Ép mặt kính / Kính cảm ứng,0,NO_SOURCE,580000,1150000,750000,1500000,1050000,2050000
sony-xperia-5-v,Sony Xperia 5 V,phone,sony,battery,Thay pin dung lượng cao / Pin Zin,0,NO_SOURCE,520000,980000,670000,1250000,930000,1750000
sony-xperia-5-v,Sony Xperia 5 V,phone,sony,charging-port,Sửa chân sạc / Cổng kết nối,0,NO_SOURCE,400000,750000,520000,970000,720000,1350000
sony-xperia-5-v,Sony Xperia 5 V,phone,sony,water-damage,Cấp cứu máy vô nước / Rớt nước,0,NO_SOURCE,520000,1100000,670000,1400000,930000,1950000
sony-xperia-5-v,Sony Xperia 5 V,phone,sony,mainboard,Sửa mất nguồn / Lỗi Mainboard,0,NO_SOURCE,920000,2550000,1200000,3300000,1650000,4550000
sony-xperia-5-v,Sony Xperia 5 V,phone,sony,camera,Thay camera trước / sau,0,NO_SOURCE,690000,1700000,900000,2250000,1250000,3100000
sony-xperia-5-v,Sony Xperia 5 V,phone,sony,speaker,Loa trong / Loa ngoài rè,0,NO_SOURCE,340000,690000,450000,900000,620000,1250000
sony-xperia-5-v,Sony Xperia 5 V,phone,sony,mic,Hỏng Micro (Nói không nghe),0,NO_SOURCE,340000,630000,450000,820000,620000,1150000
sony-xperia-5-v,Sony Xperia 5 V,phone,sony,back-glass,Thay kính lưng / Bắn laser lưng,0,NO_SOURCE,460000,920000,600000,1200000,830000,1650000
sony-xperia-5-v,Sony Xperia 5 V,phone,sony,data-recovery,Cứu dữ liệu ổ cứng & Bo mạch,0,NO_SOURCE,690000,2050000,900000,2700000,1250000,3750000
sony-xperia-5-v,Sony Xperia 5 V,phone,sony,diagnostic,Kiểm tra chẩn đoán toàn diện,0,NO_SOURCE,0,0,0,0,0,0
sony-xperia-5-iv,Sony Xperia 5 IV,phone,sony,screen,Thay màn hình hiển thị,0,NO_SOURCE,1600000,3200000,2100000,4200000,2900000,5800000
sony-xperia-5-iv,Sony Xperia 5 IV,phone,sony,glass-press,Ép mặt kính / Kính cảm ứng,0,NO_SOURCE,580000,1150000,750000,1500000,1050000,2050000
sony-xperia-5-iv,Sony Xperia 5 IV,phone,sony,battery,Thay pin dung lượng cao / Pin Zin,0,NO_SOURCE,520000,980000,670000,1250000,930000,1750000
sony-xperia-5-iv,Sony Xperia 5 IV,phone,sony,charging-port,Sửa chân sạc / Cổng kết nối,0,NO_SOURCE,400000,750000,520000,970000,720000,1350000
sony-xperia-5-iv,Sony Xperia 5 IV,phone,sony,water-damage,Cấp cứu máy vô nước / Rớt nước,0,NO_SOURCE,520000,1100000,670000,1400000,930000,1950000
sony-xperia-5-iv,Sony Xperia 5 IV,phone,sony,mainboard,Sửa mất nguồn / Lỗi Mainboard,0,NO_SOURCE,920000,2550000,1200000,3300000,1650000,4550000
sony-xperia-5-iv,Sony Xperia 5 IV,phone,sony,camera,Thay camera trước / sau,0,NO_SOURCE,690000,1700000,900000,2250000,1250000,3100000
sony-xperia-5-iv,Sony Xperia 5 IV,phone,sony,speaker,Loa trong / Loa ngoài rè,0,NO_SOURCE,340000,690000,450000,900000,620000,1250000
sony-xperia-5-iv,Sony Xperia 5 IV,phone,sony,mic,Hỏng Micro (Nói không nghe),0,NO_SOURCE,340000,630000,450000,820000,620000,1150000
sony-xperia-5-iv,Sony Xperia 5 IV,phone,sony,back-glass,Thay kính lưng / Bắn laser lưng,0,NO_SOURCE,460000,920000,600000,1200000,830000,1650000
sony-xperia-5-iv,Sony Xperia 5 IV,phone,sony,data-recovery,Cứu dữ liệu ổ cứng & Bo mạch,0,NO_SOURCE,690000,2050000,900000,2700000,1250000,3750000
sony-xperia-5-iv,Sony Xperia 5 IV,phone,sony,diagnostic,Kiểm tra chẩn đoán toàn diện,0,NO_SOURCE,0,0,0,0,0,0
sony-xperia-10-vi,Sony Xperia 10 VI,phone,sony,screen,Thay màn hình hiển thị,0,NO_SOURCE,800000,1850000,1050000,2400000,1450000,3300000
sony-xperia-10-vi,Sony Xperia 10 VI,phone,sony,glass-press,Ép mặt kính / Kính cảm ứng,0,NO_SOURCE,340000,690000,450000,900000,620000,1250000
sony-xperia-10-vi,Sony Xperia 10 VI,phone,sony,battery,Thay pin dung lượng cao / Pin Zin,0,NO_SOURCE,340000,630000,450000,820000,620000,1150000
sony-xperia-10-vi,Sony Xperia 10 VI,phone,sony,charging-port,Sửa chân sạc / Cổng kết nối,0,NO_SOURCE,290000,520000,370000,670000,520000,930000
sony-xperia-10-vi,Sony Xperia 10 VI,phone,sony,water-damage,Cấp cứu máy vô nước / Rớt nước,0,NO_SOURCE,340000,690000,450000,900000,620000,1250000
sony-xperia-10-vi,Sony Xperia 10 VI,phone,sony,mainboard,Sửa mất nguồn / Lỗi Mainboard,0,NO_SOURCE,580000,1400000,750000,1800000,1050000,2500000
sony-xperia-10-vi,Sony Xperia 10 VI,phone,sony,camera,Thay camera trước / sau,0,NO_SOURCE,400000,920000,520000,1200000,720000,1650000
sony-xperia-10-vi,Sony Xperia 10 VI,phone,sony,speaker,Loa trong / Loa ngoài rè,0,NO_SOURCE,230000,460000,300000,600000,410000,830000
sony-xperia-10-vi,Sony Xperia 10 VI,phone,sony,mic,Hỏng Micro (Nói không nghe),0,NO_SOURCE,230000,440000,300000,570000,410000,790000
sony-xperia-10-vi,Sony Xperia 10 VI,phone,sony,back-glass,Thay kính lưng / Bắn laser lưng,0,NO_SOURCE,290000,580000,370000,750000,520000,1050000
sony-xperia-10-vi,Sony Xperia 10 VI,phone,sony,data-recovery,Cứu dữ liệu ổ cứng & Bo mạch,0,NO_SOURCE,460000,1400000,600000,1800000,830000,2500000
sony-xperia-10-vi,Sony Xperia 10 VI,phone,sony,diagnostic,Kiểm tra chẩn đoán toàn diện,0,NO_SOURCE,0,0,0,0,0,0
vivo-x100-pro,Vivo X100 Pro,phone,vivo,screen,Thay màn hình hiển thị,0,NO_SOURCE,2150000,4300000,2800000,5600000,3900000,7800000
vivo-x100-pro,Vivo X100 Pro,phone,vivo,glass-press,Ép mặt kính / Kính cảm ứng,0,NO_SOURCE,720000,1450000,940000,1850000,1300000,2600000
vivo-x100-pro,Vivo X100 Pro,phone,vivo,battery,Thay pin dung lượng cao / Pin Zin,0,NO_SOURCE,580000,1100000,760000,1450000,1050000,2000000
vivo-x100-pro,Vivo X100 Pro,phone,vivo,charging-port,Sửa chân sạc / Cổng kết nối,0,NO_SOURCE,450000,860000,580000,1100000,810000,1550000
vivo-x100-pro,Vivo X100 Pro,phone,vivo,water-damage,Cấp cứu máy vô nước / Rớt nước,0,NO_SOURCE,540000,1250000,700000,1650000,970000,2250000
vivo-x100-pro,Vivo X100 Pro,phone,vivo,mainboard,Sửa mất nguồn / Lỗi Mainboard,0,NO_SOURCE,1100000,2900000,1400000,3750000,1950000,5200000
vivo-x100-pro,Vivo X100 Pro,phone,vivo,camera,Thay camera trước / sau,0,NO_SOURCE,860000,2150000,1100000,2800000,1550000,3900000
vivo-x100-pro,Vivo X100 Pro,phone,vivo,speaker,Loa trong / Loa ngoài rè,0,NO_SOURCE,360000,760000,470000,990000,650000,1400000
vivo-x100-pro,Vivo X100 Pro,phone,vivo,mic,Hỏng Micro (Nói không nghe),0,NO_SOURCE,360000,720000,470000,940000,650000,1300000
vivo-x100-pro,Vivo X100 Pro,phone,vivo,back-glass,Thay kính lưng / Bắn laser lưng,0,NO_SOURCE,580000,1150000,760000,1500000,1050000,2100000
vivo-x100-pro,Vivo X100 Pro,phone,vivo,data-recovery,Cứu dữ liệu ổ cứng & Bo mạch,0,NO_SOURCE,720000,2250000,940000,2900000,1300000,4050000
vivo-x100-pro,Vivo X100 Pro,phone,vivo,diagnostic,Kiểm tra chẩn đoán toàn diện,0,NO_SOURCE,0,0,0,0,0,0
vivo-x90-pro,Vivo X90 Pro,phone,vivo,screen,Thay màn hình hiển thị,0,NO_SOURCE,2150000,4300000,2800000,5600000,3900000,7800000
vivo-x90-pro,Vivo X90 Pro,phone,vivo,glass-press,Ép mặt kính / Kính cảm ứng,0,NO_SOURCE,720000,1450000,940000,1850000,1300000,2600000
vivo-x90-pro,Vivo X90 Pro,phone,vivo,battery,Thay pin dung lượng cao / Pin Zin,0,NO_SOURCE,580000,1100000,760000,1450000,1050000,2000000
vivo-x90-pro,Vivo X90 Pro,phone,vivo,charging-port,Sửa chân sạc / Cổng kết nối,0,NO_SOURCE,450000,860000,580000,1100000,810000,1550000
vivo-x90-pro,Vivo X90 Pro,phone,vivo,water-damage,Cấp cứu máy vô nước / Rớt nước,0,NO_SOURCE,540000,1250000,700000,1650000,970000,2250000
vivo-x90-pro,Vivo X90 Pro,phone,vivo,mainboard,Sửa mất nguồn / Lỗi Mainboard,0,NO_SOURCE,1100000,2900000,1400000,3750000,1950000,5200000
vivo-x90-pro,Vivo X90 Pro,phone,vivo,camera,Thay camera trước / sau,0,NO_SOURCE,860000,2150000,1100000,2800000,1550000,3900000
vivo-x90-pro,Vivo X90 Pro,phone,vivo,speaker,Loa trong / Loa ngoài rè,0,NO_SOURCE,360000,760000,470000,990000,650000,1400000
vivo-x90-pro,Vivo X90 Pro,phone,vivo,mic,Hỏng Micro (Nói không nghe),0,NO_SOURCE,360000,720000,470000,940000,650000,1300000
vivo-x90-pro,Vivo X90 Pro,phone,vivo,back-glass,Thay kính lưng / Bắn laser lưng,0,NO_SOURCE,580000,1150000,760000,1500000,1050000,2100000
vivo-x90-pro,Vivo X90 Pro,phone,vivo,data-recovery,Cứu dữ liệu ổ cứng & Bo mạch,0,NO_SOURCE,720000,2250000,940000,2900000,1300000,4050000
vivo-x90-pro,Vivo X90 Pro,phone,vivo,diagnostic,Kiểm tra chẩn đoán toàn diện,0,NO_SOURCE,0,0,0,0,0,0
vivo-v30-pro,Vivo V30 Pro,phone,vivo,screen,Thay màn hình hiển thị,0,NO_SOURCE,1250000,2500000,1650000,3300000,2250000,4550000
vivo-v30-pro,Vivo V30 Pro,phone,vivo,glass-press,Ép mặt kính / Kính cảm ứng,0,NO_SOURCE,450000,900000,580000,1150000,810000,1600000
vivo-v30-pro,Vivo V30 Pro,phone,vivo,battery,Thay pin dung lượng cao / Pin Zin,0,NO_SOURCE,400000,760000,530000,990000,730000,1400000
vivo-v30-pro,Vivo V30 Pro,phone,vivo,charging-port,Sửa chân sạc / Cổng kết nối,0,NO_SOURCE,320000,580000,410000,760000,570000,1050000
vivo-v30-pro,Vivo V30 Pro,phone,vivo,water-damage,Cấp cứu máy vô nước / Rớt nước,0,NO_SOURCE,400000,860000,530000,1100000,730000,1550000
vivo-v30-pro,Vivo V30 Pro,phone,vivo,mainboard,Sửa mất nguồn / Lỗi Mainboard,0,NO_SOURCE,720000,2000000,940000,2550000,1300000,3550000
vivo-v30-pro,Vivo V30 Pro,phone,vivo,camera,Thay camera trước / sau,0,NO_SOURCE,540000,1350000,700000,1750000,970000,2450000
vivo-v30-pro,Vivo V30 Pro,phone,vivo,speaker,Loa trong / Loa ngoài rè,0,NO_SOURCE,270000,540000,350000,700000,490000,970000
vivo-v30-pro,Vivo V30 Pro,phone,vivo,mic,Hỏng Micro (Nói không nghe),0,NO_SOURCE,270000,500000,350000,640000,490000,890000
vivo-v30-pro,Vivo V30 Pro,phone,vivo,back-glass,Thay kính lưng / Bắn laser lưng,0,NO_SOURCE,360000,720000,470000,940000,650000,1300000
vivo-v30-pro,Vivo V30 Pro,phone,vivo,data-recovery,Cứu dữ liệu ổ cứng & Bo mạch,0,NO_SOURCE,540000,1600000,700000,2100000,970000,2900000
vivo-v30-pro,Vivo V30 Pro,phone,vivo,diagnostic,Kiểm tra chẩn đoán toàn diện,0,NO_SOURCE,0,0,0,0,0,0
vivo-v30,Vivo V30,phone,vivo,screen,Thay màn hình hiển thị,0,NO_SOURCE,630000,1450000,820000,1850000,1150000,2600000
vivo-v30,Vivo V30,phone,vivo,glass-press,Ép mặt kính / Kính cảm ứng,0,NO_SOURCE,270000,540000,350000,700000,490000,970000
vivo-v30,Vivo V30,phone,vivo,battery,Thay pin dung lượng cao / Pin Zin,0,NO_SOURCE,270000,500000,350000,640000,490000,890000
vivo-v30,Vivo V30,phone,vivo,charging-port,Sửa chân sạc / Cổng kết nối,0,NO_SOURCE,220000,400000,290000,530000,400000,730000
vivo-v30,Vivo V30,phone,vivo,water-damage,Cấp cứu máy vô nước / Rớt nước,0,NO_SOURCE,270000,540000,350000,700000,490000,970000
vivo-v30,Vivo V30,phone,vivo,mainboard,Sửa mất nguồn / Lỗi Mainboard,0,NO_SOURCE,450000,1100000,580000,1400000,810000,1950000
vivo-v30,Vivo V30,phone,vivo,camera,Thay camera trước / sau,0,NO_SOURCE,320000,720000,410000,940000,570000,1300000
vivo-v30,Vivo V30,phone,vivo,speaker,Loa trong / Loa ngoài rè,0,NO_SOURCE,180000,360000,230000,470000,320000,650000
vivo-v30,Vivo V30,phone,vivo,mic,Hỏng Micro (Nói không nghe),0,NO_SOURCE,180000,340000,230000,440000,320000,620000
vivo-v30,Vivo V30,phone,vivo,back-glass,Thay kính lưng / Bắn laser lưng,0,NO_SOURCE,220000,450000,290000,580000,400000,810000
vivo-v30,Vivo V30,phone,vivo,data-recovery,Cứu dữ liệu ổ cứng & Bo mạch,0,NO_SOURCE,360000,1100000,470000,1400000,650000,1950000
vivo-v30,Vivo V30,phone,vivo,diagnostic,Kiểm tra chẩn đoán toàn diện,0,NO_SOURCE,0,0,0,0,0,0
vivo-v29,Vivo V29 5G,phone,vivo,screen,Thay màn hình hiển thị,0,NO_SOURCE,630000,1450000,820000,1850000,1150000,2600000
vivo-v29,Vivo V29 5G,phone,vivo,glass-press,Ép mặt kính / Kính cảm ứng,0,NO_SOURCE,270000,540000,350000,700000,490000,970000
vivo-v29,Vivo V29 5G,phone,vivo,battery,Thay pin dung lượng cao / Pin Zin,0,NO_SOURCE,270000,500000,350000,640000,490000,890000
vivo-v29,Vivo V29 5G,phone,vivo,charging-port,Sửa chân sạc / Cổng kết nối,0,NO_SOURCE,220000,400000,290000,530000,400000,730000
vivo-v29,Vivo V29 5G,phone,vivo,water-damage,Cấp cứu máy vô nước / Rớt nước,0,NO_SOURCE,270000,540000,350000,700000,490000,970000
vivo-v29,Vivo V29 5G,phone,vivo,mainboard,Sửa mất nguồn / Lỗi Mainboard,0,NO_SOURCE,450000,1100000,580000,1400000,810000,1950000
vivo-v29,Vivo V29 5G,phone,vivo,camera,Thay camera trước / sau,0,NO_SOURCE,320000,720000,410000,940000,570000,1300000
vivo-v29,Vivo V29 5G,phone,vivo,speaker,Loa trong / Loa ngoài rè,0,NO_SOURCE,180000,360000,230000,470000,320000,650000
vivo-v29,Vivo V29 5G,phone,vivo,mic,Hỏng Micro (Nói không nghe),0,NO_SOURCE,180000,340000,230000,440000,320000,620000
vivo-v29,Vivo V29 5G,phone,vivo,back-glass,Thay kính lưng / Bắn laser lưng,0,NO_SOURCE,220000,450000,290000,580000,400000,810000
vivo-v29,Vivo V29 5G,phone,vivo,data-recovery,Cứu dữ liệu ổ cứng & Bo mạch,0,NO_SOURCE,360000,1100000,470000,1400000,650000,1950000
vivo-v29,Vivo V29 5G,phone,vivo,diagnostic,Kiểm tra chẩn đoán toàn diện,0,NO_SOURCE,0,0,0,0,0,0
vivo-v27,Vivo V27 5G,phone,vivo,screen,Thay màn hình hiển thị,0,NO_SOURCE,630000,1450000,820000,1850000,1150000,2600000
vivo-v27,Vivo V27 5G,phone,vivo,glass-press,Ép mặt kính / Kính cảm ứng,0,NO_SOURCE,270000,540000,350000,700000,490000,970000
vivo-v27,Vivo V27 5G,phone,vivo,battery,Thay pin dung lượng cao / Pin Zin,0,NO_SOURCE,270000,500000,350000,640000,490000,890000
vivo-v27,Vivo V27 5G,phone,vivo,charging-port,Sửa chân sạc / Cổng kết nối,0,NO_SOURCE,220000,400000,290000,530000,400000,730000
vivo-v27,Vivo V27 5G,phone,vivo,water-damage,Cấp cứu máy vô nước / Rớt nước,0,NO_SOURCE,270000,540000,350000,700000,490000,970000
vivo-v27,Vivo V27 5G,phone,vivo,mainboard,Sửa mất nguồn / Lỗi Mainboard,0,NO_SOURCE,450000,1100000,580000,1400000,810000,1950000
vivo-v27,Vivo V27 5G,phone,vivo,camera,Thay camera trước / sau,0,NO_SOURCE,320000,720000,410000,940000,570000,1300000
vivo-v27,Vivo V27 5G,phone,vivo,speaker,Loa trong / Loa ngoài rè,0,NO_SOURCE,180000,360000,230000,470000,320000,650000
vivo-v27,Vivo V27 5G,phone,vivo,mic,Hỏng Micro (Nói không nghe),0,NO_SOURCE,180000,340000,230000,440000,320000,620000
vivo-v27,Vivo V27 5G,phone,vivo,back-glass,Thay kính lưng / Bắn laser lưng,0,NO_SOURCE,220000,450000,290000,580000,400000,810000
vivo-v27,Vivo V27 5G,phone,vivo,data-recovery,Cứu dữ liệu ổ cứng & Bo mạch,0,NO_SOURCE,360000,1100000,470000,1400000,650000,1950000
vivo-v27,Vivo V27 5G,phone,vivo,diagnostic,Kiểm tra chẩn đoán toàn diện,0,NO_SOURCE,0,0,0,0,0,0
vivo-y36,Vivo Y36,phone,vivo,screen,Thay màn hình hiển thị,0,NO_SOURCE,320000,630000,410000,820000,570000,1150000
vivo-y36,Vivo Y36,phone,vivo,glass-press,Ép mặt kính / Kính cảm ứng,0,NO_SOURCE,180000,320000,230000,410000,320000,570000
vivo-y36,Vivo Y36,phone,vivo,battery,Thay pin dung lượng cao / Pin Zin,0,NO_SOURCE,180000,320000,230000,410000,320000,570000
vivo-y36,Vivo Y36,phone,vivo,charging-port,Sửa chân sạc / Cổng kết nối,0,NO_SOURCE,140000,250000,180000,330000,240000,450000
vivo-y36,Vivo Y36,phone,vivo,water-damage,Cấp cứu máy vô nước / Rớt nước,0,NO_SOURCE,180000,360000,230000,470000,320000,650000
vivo-y36,Vivo Y36,phone,vivo,mainboard,Sửa mất nguồn / Lỗi Mainboard,0,NO_SOURCE,320000,680000,410000,880000,570000,1200000
vivo-y36,Vivo Y36,phone,vivo,camera,Thay camera trước / sau,0,NO_SOURCE,180000,400000,230000,530000,320000,730000
vivo-y36,Vivo Y36,phone,vivo,speaker,Loa trong / Loa ngoài rè,0,NO_SOURCE,140000,270000,180000,350000,240000,490000
vivo-y36,Vivo Y36,phone,vivo,mic,Hỏng Micro (Nói không nghe),0,NO_SOURCE,140000,250000,180000,330000,240000,450000
vivo-y36,Vivo Y36,phone,vivo,back-glass,Thay kính lưng / Bắn laser lưng,0,NO_SOURCE,160000,290000,210000,370000,290000,520000
vivo-y36,Vivo Y36,phone,vivo,data-recovery,Cứu dữ liệu ổ cứng & Bo mạch,0,NO_SOURCE,270000,720000,350000,940000,490000,1300000
vivo-y36,Vivo Y36,phone,vivo,diagnostic,Kiểm tra chẩn đoán toàn diện,0,NO_SOURCE,0,0,0,0,0,0
vivo-y27,Vivo Y27,phone,vivo,screen,Thay màn hình hiển thị,0,NO_SOURCE,320000,630000,410000,820000,570000,1150000
vivo-y27,Vivo Y27,phone,vivo,glass-press,Ép mặt kính / Kính cảm ứng,0,NO_SOURCE,180000,320000,230000,410000,320000,570000
vivo-y27,Vivo Y27,phone,vivo,battery,Thay pin dung lượng cao / Pin Zin,0,NO_SOURCE,180000,320000,230000,410000,320000,570000
vivo-y27,Vivo Y27,phone,vivo,charging-port,Sửa chân sạc / Cổng kết nối,0,NO_SOURCE,140000,250000,180000,330000,240000,450000
vivo-y27,Vivo Y27,phone,vivo,water-damage,Cấp cứu máy vô nước / Rớt nước,0,NO_SOURCE,180000,360000,230000,470000,320000,650000
vivo-y27,Vivo Y27,phone,vivo,mainboard,Sửa mất nguồn / Lỗi Mainboard,0,NO_SOURCE,320000,680000,410000,880000,570000,1200000
vivo-y27,Vivo Y27,phone,vivo,camera,Thay camera trước / sau,0,NO_SOURCE,180000,400000,230000,530000,320000,730000
vivo-y27,Vivo Y27,phone,vivo,speaker,Loa trong / Loa ngoài rè,0,NO_SOURCE,140000,270000,180000,350000,240000,490000
vivo-y27,Vivo Y27,phone,vivo,mic,Hỏng Micro (Nói không nghe),0,NO_SOURCE,140000,250000,180000,330000,240000,450000
vivo-y27,Vivo Y27,phone,vivo,back-glass,Thay kính lưng / Bắn laser lưng,0,NO_SOURCE,160000,290000,210000,370000,290000,520000
vivo-y27,Vivo Y27,phone,vivo,data-recovery,Cứu dữ liệu ổ cứng & Bo mạch,0,NO_SOURCE,270000,720000,350000,940000,490000,1300000
vivo-y27,Vivo Y27,phone,vivo,diagnostic,Kiểm tra chẩn đoán toàn diện,0,NO_SOURCE,0,0,0,0,0,0
xiaomi-14-ultra,Xiaomi 14 Ultra,phone,xiaomi,screen,Thay màn hình hiển thị,0,NO_SOURCE,2050000,4100000,2650000,5300000,3650000,7350000
xiaomi-14-ultra,Xiaomi 14 Ultra,phone,xiaomi,glass-press,Ép mặt kính / Kính cảm ứng,0,NO_SOURCE,680000,1350000,880000,1750000,1200000,2450000
xiaomi-14-ultra,Xiaomi 14 Ultra,phone,xiaomi,battery,Thay pin dung lượng cao / Pin Zin,0,NO_SOURCE,550000,1050000,720000,1400000,990000,1900000
xiaomi-14-ultra,Xiaomi 14 Ultra,phone,xiaomi,charging-port,Sửa chân sạc / Cổng kết nối,0,NO_SOURCE,420000,810000,550000,1050000,760000,1450000
xiaomi-14-ultra,Xiaomi 14 Ultra,phone,xiaomi,water-damage,Cấp cứu máy vô nước / Rớt nước,0,NO_SOURCE,510000,1200000,660000,1550000,920000,2150000
xiaomi-14-ultra,Xiaomi 14 Ultra,phone,xiaomi,mainboard,Sửa mất nguồn / Lỗi Mainboard,0,NO_SOURCE,1000000,2700000,1350000,3550000,1850000,4900000
xiaomi-14-ultra,Xiaomi 14 Ultra,phone,xiaomi,camera,Thay camera trước / sau,0,NO_SOURCE,810000,2050000,1050000,2650000,1450000,3650000
xiaomi-14-ultra,Xiaomi 14 Ultra,phone,xiaomi,speaker,Loa trong / Loa ngoài rè,0,NO_SOURCE,340000,720000,440000,940000,610000,1300000
xiaomi-14-ultra,Xiaomi 14 Ultra,phone,xiaomi,mic,Hỏng Micro (Nói không nghe),0,NO_SOURCE,340000,680000,440000,880000,610000,1200000
xiaomi-14-ultra,Xiaomi 14 Ultra,phone,xiaomi,back-glass,Thay kính lưng / Bắn laser lưng,0,NO_SOURCE,550000,1100000,720000,1450000,990000,2000000
xiaomi-14-ultra,Xiaomi 14 Ultra,phone,xiaomi,data-recovery,Cứu dữ liệu ổ cứng & Bo mạch,0,NO_SOURCE,680000,2100000,880000,2750000,1200000,3800000
xiaomi-14-ultra,Xiaomi 14 Ultra,phone,xiaomi,diagnostic,Kiểm tra chẩn đoán toàn diện,0,NO_SOURCE,0,0,0,0,0,0
xiaomi-14,Xiaomi 14,phone,xiaomi,screen,Thay màn hình hiển thị,0,NO_SOURCE,2050000,4100000,2650000,5300000,3650000,7350000
xiaomi-14,Xiaomi 14,phone,xiaomi,glass-press,Ép mặt kính / Kính cảm ứng,0,NO_SOURCE,680000,1350000,880000,1750000,1200000,2450000
xiaomi-14,Xiaomi 14,phone,xiaomi,battery,Thay pin dung lượng cao / Pin Zin,0,NO_SOURCE,550000,1050000,720000,1400000,990000,1900000
xiaomi-14,Xiaomi 14,phone,xiaomi,charging-port,Sửa chân sạc / Cổng kết nối,0,NO_SOURCE,420000,810000,550000,1050000,760000,1450000
xiaomi-14,Xiaomi 14,phone,xiaomi,water-damage,Cấp cứu máy vô nước / Rớt nước,0,NO_SOURCE,510000,1200000,660000,1550000,920000,2150000
xiaomi-14,Xiaomi 14,phone,xiaomi,mainboard,Sửa mất nguồn / Lỗi Mainboard,0,NO_SOURCE,1000000,2700000,1350000,3550000,1850000,4900000
xiaomi-14,Xiaomi 14,phone,xiaomi,camera,Thay camera trước / sau,0,NO_SOURCE,810000,2050000,1050000,2650000,1450000,3650000
xiaomi-14,Xiaomi 14,phone,xiaomi,speaker,Loa trong / Loa ngoài rè,0,NO_SOURCE,340000,720000,440000,940000,610000,1300000
xiaomi-14,Xiaomi 14,phone,xiaomi,mic,Hỏng Micro (Nói không nghe),0,NO_SOURCE,340000,680000,440000,880000,610000,1200000
xiaomi-14,Xiaomi 14,phone,xiaomi,back-glass,Thay kính lưng / Bắn laser lưng,0,NO_SOURCE,550000,1100000,720000,1450000,990000,2000000
xiaomi-14,Xiaomi 14,phone,xiaomi,data-recovery,Cứu dữ liệu ổ cứng & Bo mạch,0,NO_SOURCE,680000,2100000,880000,2750000,1200000,3800000
xiaomi-14,Xiaomi 14,phone,xiaomi,diagnostic,Kiểm tra chẩn đoán toàn diện,0,NO_SOURCE,0,0,0,0,0,0
xiaomi-13-pro,Xiaomi 13 Pro,phone,xiaomi,screen,Thay màn hình hiển thị,0,NO_SOURCE,2050000,4100000,2650000,5300000,3650000,7350000
xiaomi-13-pro,Xiaomi 13 Pro,phone,xiaomi,glass-press,Ép mặt kính / Kính cảm ứng,0,NO_SOURCE,680000,1350000,880000,1750000,1200000,2450000
xiaomi-13-pro,Xiaomi 13 Pro,phone,xiaomi,battery,Thay pin dung lượng cao / Pin Zin,0,NO_SOURCE,550000,1050000,720000,1400000,990000,1900000
xiaomi-13-pro,Xiaomi 13 Pro,phone,xiaomi,charging-port,Sửa chân sạc / Cổng kết nối,0,NO_SOURCE,420000,810000,550000,1050000,760000,1450000
xiaomi-13-pro,Xiaomi 13 Pro,phone,xiaomi,water-damage,Cấp cứu máy vô nước / Rớt nước,0,NO_SOURCE,510000,1200000,660000,1550000,920000,2150000
xiaomi-13-pro,Xiaomi 13 Pro,phone,xiaomi,mainboard,Sửa mất nguồn / Lỗi Mainboard,0,NO_SOURCE,1000000,2700000,1350000,3550000,1850000,4900000
xiaomi-13-pro,Xiaomi 13 Pro,phone,xiaomi,camera,Thay camera trước / sau,0,NO_SOURCE,810000,2050000,1050000,2650000,1450000,3650000
xiaomi-13-pro,Xiaomi 13 Pro,phone,xiaomi,speaker,Loa trong / Loa ngoài rè,0,NO_SOURCE,340000,720000,440000,940000,610000,1300000
xiaomi-13-pro,Xiaomi 13 Pro,phone,xiaomi,mic,Hỏng Micro (Nói không nghe),0,NO_SOURCE,340000,680000,440000,880000,610000,1200000
xiaomi-13-pro,Xiaomi 13 Pro,phone,xiaomi,back-glass,Thay kính lưng / Bắn laser lưng,0,NO_SOURCE,550000,1100000,720000,1450000,990000,2000000
xiaomi-13-pro,Xiaomi 13 Pro,phone,xiaomi,data-recovery,Cứu dữ liệu ổ cứng & Bo mạch,0,NO_SOURCE,680000,2100000,880000,2750000,1200000,3800000
xiaomi-13-pro,Xiaomi 13 Pro,phone,xiaomi,diagnostic,Kiểm tra chẩn đoán toàn diện,0,NO_SOURCE,0,0,0,0,0,0
xiaomi-13,Xiaomi 13,phone,xiaomi,screen,Thay màn hình hiển thị,0,NO_SOURCE,1200000,2400000,1550000,3100000,2150000,4300000
xiaomi-13,Xiaomi 13,phone,xiaomi,glass-press,Ép mặt kính / Kính cảm ứng,0,NO_SOURCE,420000,850000,550000,1100000,760000,1550000
xiaomi-13,Xiaomi 13,phone,xiaomi,battery,Thay pin dung lượng cao / Pin Zin,0,NO_SOURCE,380000,720000,500000,940000,690000,1300000
xiaomi-13,Xiaomi 13,phone,xiaomi,charging-port,Sửa chân sạc / Cổng kết nối,0,NO_SOURCE,300000,550000,390000,720000,540000,990000
xiaomi-13,Xiaomi 13,phone,xiaomi,water-damage,Cấp cứu máy vô nước / Rớt nước,0,NO_SOURCE,380000,810000,500000,1050000,690000,1450000
xiaomi-13,Xiaomi 13,phone,xiaomi,mainboard,Sửa mất nguồn / Lỗi Mainboard,0,NO_SOURCE,680000,1850000,880000,2450000,1200000,3350000
xiaomi-13,Xiaomi 13,phone,xiaomi,camera,Thay camera trước / sau,0,NO_SOURCE,510000,1300000,660000,1650000,920000,2300000
xiaomi-13,Xiaomi 13,phone,xiaomi,speaker,Loa trong / Loa ngoài rè,0,NO_SOURCE,260000,510000,330000,660000,460000,920000
xiaomi-13,Xiaomi 13,phone,xiaomi,mic,Hỏng Micro (Nói không nghe),0,NO_SOURCE,260000,470000,330000,610000,460000,840000
xiaomi-13,Xiaomi 13,phone,xiaomi,back-glass,Thay kính lưng / Bắn laser lưng,0,NO_SOURCE,340000,680000,440000,880000,610000,1200000
xiaomi-13,Xiaomi 13,phone,xiaomi,data-recovery,Cứu dữ liệu ổ cứng & Bo mạch,0,NO_SOURCE,510000,1550000,660000,2000000,920000,2750000
xiaomi-13,Xiaomi 13,phone,xiaomi,diagnostic,Kiểm tra chẩn đoán toàn diện,0,NO_SOURCE,0,0,0,0,0,0
xiaomi-13t-pro,Xiaomi 13T Pro,phone,xiaomi,screen,Thay màn hình hiển thị,0,NO_SOURCE,1200000,2400000,1550000,3100000,2150000,4300000
xiaomi-13t-pro,Xiaomi 13T Pro,phone,xiaomi,glass-press,Ép mặt kính / Kính cảm ứng,0,NO_SOURCE,420000,850000,550000,1100000,760000,1550000
xiaomi-13t-pro,Xiaomi 13T Pro,phone,xiaomi,battery,Thay pin dung lượng cao / Pin Zin,0,NO_SOURCE,380000,720000,500000,940000,690000,1300000
xiaomi-13t-pro,Xiaomi 13T Pro,phone,xiaomi,charging-port,Sửa chân sạc / Cổng kết nối,0,NO_SOURCE,300000,550000,390000,720000,540000,990000
xiaomi-13t-pro,Xiaomi 13T Pro,phone,xiaomi,water-damage,Cấp cứu máy vô nước / Rớt nước,0,NO_SOURCE,380000,810000,500000,1050000,690000,1450000
xiaomi-13t-pro,Xiaomi 13T Pro,phone,xiaomi,mainboard,Sửa mất nguồn / Lỗi Mainboard,0,NO_SOURCE,680000,1850000,880000,2450000,1200000,3350000
xiaomi-13t-pro,Xiaomi 13T Pro,phone,xiaomi,camera,Thay camera trước / sau,0,NO_SOURCE,510000,1300000,660000,1650000,920000,2300000
xiaomi-13t-pro,Xiaomi 13T Pro,phone,xiaomi,speaker,Loa trong / Loa ngoài rè,0,NO_SOURCE,260000,510000,330000,660000,460000,920000
xiaomi-13t-pro,Xiaomi 13T Pro,phone,xiaomi,mic,Hỏng Micro (Nói không nghe),0,NO_SOURCE,260000,470000,330000,610000,460000,840000
xiaomi-13t-pro,Xiaomi 13T Pro,phone,xiaomi,back-glass,Thay kính lưng / Bắn laser lưng,0,NO_SOURCE,340000,680000,440000,880000,610000,1200000
xiaomi-13t-pro,Xiaomi 13T Pro,phone,xiaomi,data-recovery,Cứu dữ liệu ổ cứng & Bo mạch,0,NO_SOURCE,510000,1550000,660000,2000000,920000,2750000
xiaomi-13t-pro,Xiaomi 13T Pro,phone,xiaomi,diagnostic,Kiểm tra chẩn đoán toàn diện,0,NO_SOURCE,0,0,0,0,0,0
xiaomi-13t,Xiaomi 13T,phone,xiaomi,screen,Thay màn hình hiển thị,0,NO_SOURCE,1200000,2400000,1550000,3100000,2150000,4300000
xiaomi-13t,Xiaomi 13T,phone,xiaomi,glass-press,Ép mặt kính / Kính cảm ứng,0,NO_SOURCE,420000,850000,550000,1100000,760000,1550000
xiaomi-13t,Xiaomi 13T,phone,xiaomi,battery,Thay pin dung lượng cao / Pin Zin,0,NO_SOURCE,380000,720000,500000,940000,690000,1300000
xiaomi-13t,Xiaomi 13T,phone,xiaomi,charging-port,Sửa chân sạc / Cổng kết nối,0,NO_SOURCE,300000,550000,390000,720000,540000,990000
xiaomi-13t,Xiaomi 13T,phone,xiaomi,water-damage,Cấp cứu máy vô nước / Rớt nước,0,NO_SOURCE,380000,810000,500000,1050000,690000,1450000
xiaomi-13t,Xiaomi 13T,phone,xiaomi,mainboard,Sửa mất nguồn / Lỗi Mainboard,0,NO_SOURCE,680000,1850000,880000,2450000,1200000,3350000
xiaomi-13t,Xiaomi 13T,phone,xiaomi,camera,Thay camera trước / sau,0,NO_SOURCE,510000,1300000,660000,1650000,920000,2300000
xiaomi-13t,Xiaomi 13T,phone,xiaomi,speaker,Loa trong / Loa ngoài rè,0,NO_SOURCE,260000,510000,330000,660000,460000,920000
xiaomi-13t,Xiaomi 13T,phone,xiaomi,mic,Hỏng Micro (Nói không nghe),0,NO_SOURCE,260000,470000,330000,610000,460000,840000
xiaomi-13t,Xiaomi 13T,phone,xiaomi,back-glass,Thay kính lưng / Bắn laser lưng,0,NO_SOURCE,340000,680000,440000,880000,610000,1200000
xiaomi-13t,Xiaomi 13T,phone,xiaomi,data-recovery,Cứu dữ liệu ổ cứng & Bo mạch,0,NO_SOURCE,510000,1550000,660000,2000000,920000,2750000
xiaomi-13t,Xiaomi 13T,phone,xiaomi,diagnostic,Kiểm tra chẩn đoán toàn diện,0,NO_SOURCE,0,0,0,0,0,0
xiaomi-12-pro,Xiaomi 12 Pro,phone,xiaomi,screen,Thay màn hình hiển thị,0,NO_SOURCE,1200000,2400000,1550000,3100000,2150000,4300000
xiaomi-12-pro,Xiaomi 12 Pro,phone,xiaomi,glass-press,Ép mặt kính / Kính cảm ứng,0,NO_SOURCE,420000,850000,550000,1100000,760000,1550000
xiaomi-12-pro,Xiaomi 12 Pro,phone,xiaomi,battery,Thay pin dung lượng cao / Pin Zin,0,NO_SOURCE,380000,720000,500000,940000,690000,1300000
xiaomi-12-pro,Xiaomi 12 Pro,phone,xiaomi,charging-port,Sửa chân sạc / Cổng kết nối,0,NO_SOURCE,300000,550000,390000,720000,540000,990000
xiaomi-12-pro,Xiaomi 12 Pro,phone,xiaomi,water-damage,Cấp cứu máy vô nước / Rớt nước,0,NO_SOURCE,380000,810000,500000,1050000,690000,1450000
xiaomi-12-pro,Xiaomi 12 Pro,phone,xiaomi,mainboard,Sửa mất nguồn / Lỗi Mainboard,0,NO_SOURCE,680000,1850000,880000,2450000,1200000,3350000
xiaomi-12-pro,Xiaomi 12 Pro,phone,xiaomi,camera,Thay camera trước / sau,0,NO_SOURCE,510000,1300000,660000,1650000,920000,2300000
xiaomi-12-pro,Xiaomi 12 Pro,phone,xiaomi,speaker,Loa trong / Loa ngoài rè,0,NO_SOURCE,260000,510000,330000,660000,460000,920000
xiaomi-12-pro,Xiaomi 12 Pro,phone,xiaomi,mic,Hỏng Micro (Nói không nghe),0,NO_SOURCE,260000,470000,330000,610000,460000,840000
xiaomi-12-pro,Xiaomi 12 Pro,phone,xiaomi,back-glass,Thay kính lưng / Bắn laser lưng,0,NO_SOURCE,340000,680000,440000,880000,610000,1200000
xiaomi-12-pro,Xiaomi 12 Pro,phone,xiaomi,data-recovery,Cứu dữ liệu ổ cứng & Bo mạch,0,NO_SOURCE,510000,1550000,660000,2000000,920000,2750000
xiaomi-12-pro,Xiaomi 12 Pro,phone,xiaomi,diagnostic,Kiểm tra chẩn đoán toàn diện,0,NO_SOURCE,0,0,0,0,0,0
xiaomi-12,Xiaomi 12,phone,xiaomi,screen,Thay màn hình hiển thị,0,NO_SOURCE,600000,1350000,770000,1750000,1050000,2450000
xiaomi-12,Xiaomi 12,phone,xiaomi,glass-press,Ép mặt kính / Kính cảm ứng,0,NO_SOURCE,260000,510000,330000,660000,460000,920000
xiaomi-12,Xiaomi 12,phone,xiaomi,battery,Thay pin dung lượng cao / Pin Zin,0,NO_SOURCE,260000,470000,330000,610000,460000,840000
xiaomi-12,Xiaomi 12,phone,xiaomi,charging-port,Sửa chân sạc / Cổng kết nối,0,NO_SOURCE,210000,380000,280000,500000,380000,690000
xiaomi-12,Xiaomi 12,phone,xiaomi,water-damage,Cấp cứu máy vô nước / Rớt nước,0,NO_SOURCE,260000,510000,330000,660000,460000,920000
xiaomi-12,Xiaomi 12,phone,xiaomi,mainboard,Sửa mất nguồn / Lỗi Mainboard,0,NO_SOURCE,420000,1000000,550000,1350000,760000,1850000
xiaomi-12,Xiaomi 12,phone,xiaomi,camera,Thay camera trước / sau,0,NO_SOURCE,300000,680000,390000,880000,540000,1200000
xiaomi-12,Xiaomi 12,phone,xiaomi,speaker,Loa trong / Loa ngoài rè,0,NO_SOURCE,170000,340000,220000,440000,310000,610000
xiaomi-12,Xiaomi 12,phone,xiaomi,mic,Hỏng Micro (Nói không nghe),0,NO_SOURCE,170000,320000,220000,420000,310000,580000
xiaomi-12,Xiaomi 12,phone,xiaomi,back-glass,Thay kính lưng / Bắn laser lưng,0,NO_SOURCE,210000,420000,280000,550000,380000,760000
xiaomi-12,Xiaomi 12,phone,xiaomi,data-recovery,Cứu dữ liệu ổ cứng & Bo mạch,0,NO_SOURCE,340000,1000000,440000,1350000,610000,1850000
xiaomi-12,Xiaomi 12,phone,xiaomi,diagnostic,Kiểm tra chẩn đoán toàn diện,0,NO_SOURCE,0,0,0,0,0,0
xiaomi-redmi-note-13-pro-plus,Redmi Note 13 Pro+,phone,xiaomi,screen,Thay màn hình hiển thị,0,NO_SOURCE,1200000,2400000,1550000,3100000,2150000,4300000
xiaomi-redmi-note-13-pro-plus,Redmi Note 13 Pro+,phone,xiaomi,glass-press,Ép mặt kính / Kính cảm ứng,0,NO_SOURCE,420000,850000,550000,1100000,760000,1550000
xiaomi-redmi-note-13-pro-plus,Redmi Note 13 Pro+,phone,xiaomi,battery,Thay pin dung lượng cao / Pin Zin,0,NO_SOURCE,380000,720000,500000,940000,690000,1300000
xiaomi-redmi-note-13-pro-plus,Redmi Note 13 Pro+,phone,xiaomi,charging-port,Sửa chân sạc / Cổng kết nối,0,NO_SOURCE,300000,550000,390000,720000,540000,990000
xiaomi-redmi-note-13-pro-plus,Redmi Note 13 Pro+,phone,xiaomi,water-damage,Cấp cứu máy vô nước / Rớt nước,0,NO_SOURCE,380000,810000,500000,1050000,690000,1450000
xiaomi-redmi-note-13-pro-plus,Redmi Note 13 Pro+,phone,xiaomi,mainboard,Sửa mất nguồn / Lỗi Mainboard,0,NO_SOURCE,680000,1850000,880000,2450000,1200000,3350000
xiaomi-redmi-note-13-pro-plus,Redmi Note 13 Pro+,phone,xiaomi,camera,Thay camera trước / sau,0,NO_SOURCE,510000,1300000,660000,1650000,920000,2300000
xiaomi-redmi-note-13-pro-plus,Redmi Note 13 Pro+,phone,xiaomi,speaker,Loa trong / Loa ngoài rè,0,NO_SOURCE,260000,510000,330000,660000,460000,920000
xiaomi-redmi-note-13-pro-plus,Redmi Note 13 Pro+,phone,xiaomi,mic,Hỏng Micro (Nói không nghe),0,NO_SOURCE,260000,470000,330000,610000,460000,840000
xiaomi-redmi-note-13-pro-plus,Redmi Note 13 Pro+,phone,xiaomi,back-glass,Thay kính lưng / Bắn laser lưng,0,NO_SOURCE,340000,680000,440000,880000,610000,1200000
xiaomi-redmi-note-13-pro-plus,Redmi Note 13 Pro+,phone,xiaomi,data-recovery,Cứu dữ liệu ổ cứng & Bo mạch,0,NO_SOURCE,510000,1550000,660000,2000000,920000,2750000
xiaomi-redmi-note-13-pro-plus,Redmi Note 13 Pro+,phone,xiaomi,diagnostic,Kiểm tra chẩn đoán toàn diện,0,NO_SOURCE,0,0,0,0,0,0
xiaomi-redmi-note-13-pro,Redmi Note 13 Pro 5G / 4G,phone,xiaomi,screen,Thay màn hình hiển thị,0,NO_SOURCE,600000,1350000,770000,1750000,1050000,2450000
xiaomi-redmi-note-13-pro,Redmi Note 13 Pro 5G / 4G,phone,xiaomi,glass-press,Ép mặt kính / Kính cảm ứng,0,NO_SOURCE,260000,510000,330000,660000,460000,920000
xiaomi-redmi-note-13-pro,Redmi Note 13 Pro 5G / 4G,phone,xiaomi,battery,Thay pin dung lượng cao / Pin Zin,0,NO_SOURCE,260000,470000,330000,610000,460000,840000
xiaomi-redmi-note-13-pro,Redmi Note 13 Pro 5G / 4G,phone,xiaomi,charging-port,Sửa chân sạc / Cổng kết nối,0,NO_SOURCE,210000,380000,280000,500000,380000,690000
xiaomi-redmi-note-13-pro,Redmi Note 13 Pro 5G / 4G,phone,xiaomi,water-damage,Cấp cứu máy vô nước / Rớt nước,0,NO_SOURCE,260000,510000,330000,660000,460000,920000
xiaomi-redmi-note-13-pro,Redmi Note 13 Pro 5G / 4G,phone,xiaomi,mainboard,Sửa mất nguồn / Lỗi Mainboard,0,NO_SOURCE,420000,1000000,550000,1350000,760000,1850000
xiaomi-redmi-note-13-pro,Redmi Note 13 Pro 5G / 4G,phone,xiaomi,camera,Thay camera trước / sau,0,NO_SOURCE,300000,680000,390000,880000,540000,1200000
xiaomi-redmi-note-13-pro,Redmi Note 13 Pro 5G / 4G,phone,xiaomi,speaker,Loa trong / Loa ngoài rè,0,NO_SOURCE,170000,340000,220000,440000,310000,610000
xiaomi-redmi-note-13-pro,Redmi Note 13 Pro 5G / 4G,phone,xiaomi,mic,Hỏng Micro (Nói không nghe),0,NO_SOURCE,170000,320000,220000,420000,310000,580000
xiaomi-redmi-note-13-pro,Redmi Note 13 Pro 5G / 4G,phone,xiaomi,back-glass,Thay kính lưng / Bắn laser lưng,0,NO_SOURCE,210000,420000,280000,550000,380000,760000
xiaomi-redmi-note-13-pro,Redmi Note 13 Pro 5G / 4G,phone,xiaomi,data-recovery,Cứu dữ liệu ổ cứng & Bo mạch,0,NO_SOURCE,340000,1000000,440000,1350000,610000,1850000
xiaomi-redmi-note-13-pro,Redmi Note 13 Pro 5G / 4G,phone,xiaomi,diagnostic,Kiểm tra chẩn đoán toàn diện,0,NO_SOURCE,0,0,0,0,0,0
xiaomi-redmi-note-13,Redmi Note 13,phone,xiaomi,screen,Thay màn hình hiển thị,0,NO_SOURCE,600000,1350000,770000,1750000,1050000,2450000
xiaomi-redmi-note-13,Redmi Note 13,phone,xiaomi,glass-press,Ép mặt kính / Kính cảm ứng,0,NO_SOURCE,260000,510000,330000,660000,460000,920000
xiaomi-redmi-note-13,Redmi Note 13,phone,xiaomi,battery,Thay pin dung lượng cao / Pin Zin,0,NO_SOURCE,260000,470000,330000,610000,460000,840000
xiaomi-redmi-note-13,Redmi Note 13,phone,xiaomi,charging-port,Sửa chân sạc / Cổng kết nối,0,NO_SOURCE,210000,380000,280000,500000,380000,690000
xiaomi-redmi-note-13,Redmi Note 13,phone,xiaomi,water-damage,Cấp cứu máy vô nước / Rớt nước,0,NO_SOURCE,260000,510000,330000,660000,460000,920000
xiaomi-redmi-note-13,Redmi Note 13,phone,xiaomi,mainboard,Sửa mất nguồn / Lỗi Mainboard,0,NO_SOURCE,420000,1000000,550000,1350000,760000,1850000
xiaomi-redmi-note-13,Redmi Note 13,phone,xiaomi,camera,Thay camera trước / sau,0,NO_SOURCE,300000,680000,390000,880000,540000,1200000
xiaomi-redmi-note-13,Redmi Note 13,phone,xiaomi,speaker,Loa trong / Loa ngoài rè,0,NO_SOURCE,170000,340000,220000,440000,310000,610000
xiaomi-redmi-note-13,Redmi Note 13,phone,xiaomi,mic,Hỏng Micro (Nói không nghe),0,NO_SOURCE,170000,320000,220000,420000,310000,580000
xiaomi-redmi-note-13,Redmi Note 13,phone,xiaomi,back-glass,Thay kính lưng / Bắn laser lưng,0,NO_SOURCE,210000,420000,280000,550000,380000,760000
xiaomi-redmi-note-13,Redmi Note 13,phone,xiaomi,data-recovery,Cứu dữ liệu ổ cứng & Bo mạch,0,NO_SOURCE,340000,1000000,440000,1350000,610000,1850000
xiaomi-redmi-note-13,Redmi Note 13,phone,xiaomi,diagnostic,Kiểm tra chẩn đoán toàn diện,0,NO_SOURCE,0,0,0,0,0,0
xiaomi-redmi-note-12-pro,Redmi Note 12 Pro 5G,phone,xiaomi,screen,Thay màn hình hiển thị,0,NO_SOURCE,600000,1350000,770000,1750000,1050000,2450000
xiaomi-redmi-note-12-pro,Redmi Note 12 Pro 5G,phone,xiaomi,glass-press,Ép mặt kính / Kính cảm ứng,0,NO_SOURCE,260000,510000,330000,660000,460000,920000
xiaomi-redmi-note-12-pro,Redmi Note 12 Pro 5G,phone,xiaomi,battery,Thay pin dung lượng cao / Pin Zin,0,NO_SOURCE,260000,470000,330000,610000,460000,840000
xiaomi-redmi-note-12-pro,Redmi Note 12 Pro 5G,phone,xiaomi,charging-port,Sửa chân sạc / Cổng kết nối,0,NO_SOURCE,210000,380000,280000,500000,380000,690000
xiaomi-redmi-note-12-pro,Redmi Note 12 Pro 5G,phone,xiaomi,water-damage,Cấp cứu máy vô nước / Rớt nước,0,NO_SOURCE,260000,510000,330000,660000,460000,920000
xiaomi-redmi-note-12-pro,Redmi Note 12 Pro 5G,phone,xiaomi,mainboard,Sửa mất nguồn / Lỗi Mainboard,0,NO_SOURCE,420000,1000000,550000,1350000,760000,1850000
xiaomi-redmi-note-12-pro,Redmi Note 12 Pro 5G,phone,xiaomi,camera,Thay camera trước / sau,0,NO_SOURCE,300000,680000,390000,880000,540000,1200000
xiaomi-redmi-note-12-pro,Redmi Note 12 Pro 5G,phone,xiaomi,speaker,Loa trong / Loa ngoài rè,0,NO_SOURCE,170000,340000,220000,440000,310000,610000
xiaomi-redmi-note-12-pro,Redmi Note 12 Pro 5G,phone,xiaomi,mic,Hỏng Micro (Nói không nghe),0,NO_SOURCE,170000,320000,220000,420000,310000,580000
xiaomi-redmi-note-12-pro,Redmi Note 12 Pro 5G,phone,xiaomi,back-glass,Thay kính lưng / Bắn laser lưng,0,NO_SOURCE,210000,420000,280000,550000,380000,760000
xiaomi-redmi-note-12-pro,Redmi Note 12 Pro 5G,phone,xiaomi,data-recovery,Cứu dữ liệu ổ cứng & Bo mạch,0,NO_SOURCE,340000,1000000,440000,1350000,610000,1850000
xiaomi-redmi-note-12-pro,Redmi Note 12 Pro 5G,phone,xiaomi,diagnostic,Kiểm tra chẩn đoán toàn diện,0,NO_SOURCE,0,0,0,0,0,0
xiaomi-redmi-note-12,Redmi Note 12,phone,xiaomi,screen,Thay màn hình hiển thị,0,NO_SOURCE,600000,1350000,770000,1750000,1050000,2450000
xiaomi-redmi-note-12,Redmi Note 12,phone,xiaomi,glass-press,Ép mặt kính / Kính cảm ứng,0,NO_SOURCE,260000,510000,330000,660000,460000,920000
xiaomi-redmi-note-12,Redmi Note 12,phone,xiaomi,battery,Thay pin dung lượng cao / Pin Zin,0,NO_SOURCE,260000,470000,330000,610000,460000,840000
xiaomi-redmi-note-12,Redmi Note 12,phone,xiaomi,charging-port,Sửa chân sạc / Cổng kết nối,0,NO_SOURCE,210000,380000,280000,500000,380000,690000
xiaomi-redmi-note-12,Redmi Note 12,phone,xiaomi,water-damage,Cấp cứu máy vô nước / Rớt nước,0,NO_SOURCE,260000,510000,330000,660000,460000,920000
xiaomi-redmi-note-12,Redmi Note 12,phone,xiaomi,mainboard,Sửa mất nguồn / Lỗi Mainboard,0,NO_SOURCE,420000,1000000,550000,1350000,760000,1850000
xiaomi-redmi-note-12,Redmi Note 12,phone,xiaomi,camera,Thay camera trước / sau,0,NO_SOURCE,300000,680000,390000,880000,540000,1200000
xiaomi-redmi-note-12,Redmi Note 12,phone,xiaomi,speaker,Loa trong / Loa ngoài rè,0,NO_SOURCE,170000,340000,220000,440000,310000,610000
xiaomi-redmi-note-12,Redmi Note 12,phone,xiaomi,mic,Hỏng Micro (Nói không nghe),0,NO_SOURCE,170000,320000,220000,420000,310000,580000
xiaomi-redmi-note-12,Redmi Note 12,phone,xiaomi,back-glass,Thay kính lưng / Bắn laser lưng,0,NO_SOURCE,210000,420000,280000,550000,380000,760000
xiaomi-redmi-note-12,Redmi Note 12,phone,xiaomi,data-recovery,Cứu dữ liệu ổ cứng & Bo mạch,0,NO_SOURCE,340000,1000000,440000,1350000,610000,1850000
xiaomi-redmi-note-12,Redmi Note 12,phone,xiaomi,diagnostic,Kiểm tra chẩn đoán toàn diện,0,NO_SOURCE,0,0,0,0,0,0
xiaomi-redmi-13c,Redmi 13C,phone,xiaomi,screen,Thay màn hình hiển thị,0,NO_SOURCE,300000,600000,390000,770000,540000,1050000
xiaomi-redmi-13c,Redmi 13C,phone,xiaomi,glass-press,Ép mặt kính / Kính cảm ứng,0,NO_SOURCE,170000,300000,220000,390000,310000,540000
xiaomi-redmi-13c,Redmi 13C,phone,xiaomi,battery,Thay pin dung lượng cao / Pin Zin,0,NO_SOURCE,170000,300000,220000,390000,310000,540000
xiaomi-redmi-13c,Redmi 13C,phone,xiaomi,charging-port,Sửa chân sạc / Cổng kết nối,0,NO_SOURCE,130000,240000,170000,310000,230000,430000
xiaomi-redmi-13c,Redmi 13C,phone,xiaomi,water-damage,Cấp cứu máy vô nước / Rớt nước,0,NO_SOURCE,170000,340000,220000,440000,310000,610000
xiaomi-redmi-13c,Redmi 13C,phone,xiaomi,mainboard,Sửa mất nguồn / Lỗi Mainboard,0,NO_SOURCE,300000,640000,390000,830000,540000,1150000
xiaomi-redmi-13c,Redmi 13C,phone,xiaomi,camera,Thay camera trước / sau,0,NO_SOURCE,170000,380000,220000,500000,310000,690000
xiaomi-redmi-13c,Redmi 13C,phone,xiaomi,speaker,Loa trong / Loa ngoài rè,0,NO_SOURCE,130000,260000,170000,330000,230000,460000
xiaomi-redmi-13c,Redmi 13C,phone,xiaomi,mic,Hỏng Micro (Nói không nghe),0,NO_SOURCE,130000,240000,170000,310000,230000,430000
xiaomi-redmi-13c,Redmi 13C,phone,xiaomi,back-glass,Thay kính lưng / Bắn laser lưng,0,NO_SOURCE,150000,270000,200000,350000,280000,490000
xiaomi-redmi-13c,Redmi 13C,phone,xiaomi,data-recovery,Cứu dữ liệu ổ cứng & Bo mạch,0,NO_SOURCE,260000,680000,330000,880000,460000,1200000
xiaomi-redmi-13c,Redmi 13C,phone,xiaomi,diagnostic,Kiểm tra chẩn đoán toàn diện,0,NO_SOURCE,0,0,0,0,0,0
xiaomi-redmi-12,Redmi 12,phone,xiaomi,screen,Thay màn hình hiển thị,0,NO_SOURCE,300000,600000,390000,770000,540000,1050000
xiaomi-redmi-12,Redmi 12,phone,xiaomi,glass-press,Ép mặt kính / Kính cảm ứng,0,NO_SOURCE,170000,300000,220000,390000,310000,540000
xiaomi-redmi-12,Redmi 12,phone,xiaomi,battery,Thay pin dung lượng cao / Pin Zin,0,NO_SOURCE,170000,300000,220000,390000,310000,540000
xiaomi-redmi-12,Redmi 12,phone,xiaomi,charging-port,Sửa chân sạc / Cổng kết nối,0,NO_SOURCE,130000,240000,170000,310000,230000,430000
xiaomi-redmi-12,Redmi 12,phone,xiaomi,water-damage,Cấp cứu máy vô nước / Rớt nước,0,NO_SOURCE,170000,340000,220000,440000,310000,610000
xiaomi-redmi-12,Redmi 12,phone,xiaomi,mainboard,Sửa mất nguồn / Lỗi Mainboard,0,NO_SOURCE,300000,640000,390000,830000,540000,1150000
xiaomi-redmi-12,Redmi 12,phone,xiaomi,camera,Thay camera trước / sau,0,NO_SOURCE,170000,380000,220000,500000,310000,690000
xiaomi-redmi-12,Redmi 12,phone,xiaomi,speaker,Loa trong / Loa ngoài rè,0,NO_SOURCE,130000,260000,170000,330000,230000,460000
xiaomi-redmi-12,Redmi 12,phone,xiaomi,mic,Hỏng Micro (Nói không nghe),0,NO_SOURCE,130000,240000,170000,310000,230000,430000
xiaomi-redmi-12,Redmi 12,phone,xiaomi,back-glass,Thay kính lưng / Bắn laser lưng,0,NO_SOURCE,150000,270000,200000,350000,280000,490000
xiaomi-redmi-12,Redmi 12,phone,xiaomi,data-recovery,Cứu dữ liệu ổ cứng & Bo mạch,0,NO_SOURCE,260000,680000,330000,880000,460000,1200000
xiaomi-redmi-12,Redmi 12,phone,xiaomi,diagnostic,Kiểm tra chẩn đoán toàn diện,0,NO_SOURCE,0,0,0,0,0,0
xiaomi-poco-f6-pro,POCO F6 Pro,phone,xiaomi,screen,Thay màn hình hiển thị,0,NO_SOURCE,1200000,2400000,1550000,3100000,2150000,4300000
xiaomi-poco-f6-pro,POCO F6 Pro,phone,xiaomi,glass-press,Ép mặt kính / Kính cảm ứng,0,NO_SOURCE,420000,850000,550000,1100000,760000,1550000
xiaomi-poco-f6-pro,POCO F6 Pro,phone,xiaomi,battery,Thay pin dung lượng cao / Pin Zin,0,NO_SOURCE,380000,720000,500000,940000,690000,1300000
xiaomi-poco-f6-pro,POCO F6 Pro,phone,xiaomi,charging-port,Sửa chân sạc / Cổng kết nối,0,NO_SOURCE,300000,550000,390000,720000,540000,990000
xiaomi-poco-f6-pro,POCO F6 Pro,phone,xiaomi,water-damage,Cấp cứu máy vô nước / Rớt nước,0,NO_SOURCE,380000,810000,500000,1050000,690000,1450000
xiaomi-poco-f6-pro,POCO F6 Pro,phone,xiaomi,mainboard,Sửa mất nguồn / Lỗi Mainboard,0,NO_SOURCE,680000,1850000,880000,2450000,1200000,3350000
xiaomi-poco-f6-pro,POCO F6 Pro,phone,xiaomi,camera,Thay camera trước / sau,0,NO_SOURCE,510000,1300000,660000,1650000,920000,2300000
xiaomi-poco-f6-pro,POCO F6 Pro,phone,xiaomi,speaker,Loa trong / Loa ngoài rè,0,NO_SOURCE,260000,510000,330000,660000,460000,920000
xiaomi-poco-f6-pro,POCO F6 Pro,phone,xiaomi,mic,Hỏng Micro (Nói không nghe),0,NO_SOURCE,260000,470000,330000,610000,460000,840000
xiaomi-poco-f6-pro,POCO F6 Pro,phone,xiaomi,back-glass,Thay kính lưng / Bắn laser lưng,0,NO_SOURCE,340000,680000,440000,880000,610000,1200000
xiaomi-poco-f6-pro,POCO F6 Pro,phone,xiaomi,data-recovery,Cứu dữ liệu ổ cứng & Bo mạch,0,NO_SOURCE,510000,1550000,660000,2000000,920000,2750000
xiaomi-poco-f6-pro,POCO F6 Pro,phone,xiaomi,diagnostic,Kiểm tra chẩn đoán toàn diện,0,NO_SOURCE,0,0,0,0,0,0
xiaomi-poco-f6,POCO F6,phone,xiaomi,screen,Thay màn hình hiển thị,0,NO_SOURCE,1200000,2400000,1550000,3100000,2150000,4300000
xiaomi-poco-f6,POCO F6,phone,xiaomi,glass-press,Ép mặt kính / Kính cảm ứng,0,NO_SOURCE,420000,850000,550000,1100000,760000,1550000
xiaomi-poco-f6,POCO F6,phone,xiaomi,battery,Thay pin dung lượng cao / Pin Zin,0,NO_SOURCE,380000,720000,500000,940000,690000,1300000
xiaomi-poco-f6,POCO F6,phone,xiaomi,charging-port,Sửa chân sạc / Cổng kết nối,0,NO_SOURCE,300000,550000,390000,720000,540000,990000
xiaomi-poco-f6,POCO F6,phone,xiaomi,water-damage,Cấp cứu máy vô nước / Rớt nước,0,NO_SOURCE,380000,810000,500000,1050000,690000,1450000
xiaomi-poco-f6,POCO F6,phone,xiaomi,mainboard,Sửa mất nguồn / Lỗi Mainboard,0,NO_SOURCE,680000,1850000,880000,2450000,1200000,3350000
xiaomi-poco-f6,POCO F6,phone,xiaomi,camera,Thay camera trước / sau,0,NO_SOURCE,510000,1300000,660000,1650000,920000,2300000
xiaomi-poco-f6,POCO F6,phone,xiaomi,speaker,Loa trong / Loa ngoài rè,0,NO_SOURCE,260000,510000,330000,660000,460000,920000
xiaomi-poco-f6,POCO F6,phone,xiaomi,mic,Hỏng Micro (Nói không nghe),0,NO_SOURCE,260000,470000,330000,610000,460000,840000
xiaomi-poco-f6,POCO F6,phone,xiaomi,back-glass,Thay kính lưng / Bắn laser lưng,0,NO_SOURCE,340000,680000,440000,880000,610000,1200000
xiaomi-poco-f6,POCO F6,phone,xiaomi,data-recovery,Cứu dữ liệu ổ cứng & Bo mạch,0,NO_SOURCE,510000,1550000,660000,2000000,920000,2750000
xiaomi-poco-f6,POCO F6,phone,xiaomi,diagnostic,Kiểm tra chẩn đoán toàn diện,0,NO_SOURCE,0,0,0,0,0,0
xiaomi-poco-x6-pro,POCO X6 Pro,phone,xiaomi,screen,Thay màn hình hiển thị,0,NO_SOURCE,600000,1350000,770000,1750000,1050000,2450000
xiaomi-poco-x6-pro,POCO X6 Pro,phone,xiaomi,glass-press,Ép mặt kính / Kính cảm ứng,0,NO_SOURCE,260000,510000,330000,660000,460000,920000
xiaomi-poco-x6-pro,POCO X6 Pro,phone,xiaomi,battery,Thay pin dung lượng cao / Pin Zin,0,NO_SOURCE,260000,470000,330000,610000,460000,840000
xiaomi-poco-x6-pro,POCO X6 Pro,phone,xiaomi,charging-port,Sửa chân sạc / Cổng kết nối,0,NO_SOURCE,210000,380000,280000,500000,380000,690000
xiaomi-poco-x6-pro,POCO X6 Pro,phone,xiaomi,water-damage,Cấp cứu máy vô nước / Rớt nước,0,NO_SOURCE,260000,510000,330000,660000,460000,920000
xiaomi-poco-x6-pro,POCO X6 Pro,phone,xiaomi,mainboard,Sửa mất nguồn / Lỗi Mainboard,0,NO_SOURCE,420000,1000000,550000,1350000,760000,1850000
xiaomi-poco-x6-pro,POCO X6 Pro,phone,xiaomi,camera,Thay camera trước / sau,0,NO_SOURCE,300000,680000,390000,880000,540000,1200000
xiaomi-poco-x6-pro,POCO X6 Pro,phone,xiaomi,speaker,Loa trong / Loa ngoài rè,0,NO_SOURCE,170000,340000,220000,440000,310000,610000
xiaomi-poco-x6-pro,POCO X6 Pro,phone,xiaomi,mic,Hỏng Micro (Nói không nghe),0,NO_SOURCE,170000,320000,220000,420000,310000,580000
xiaomi-poco-x6-pro,POCO X6 Pro,phone,xiaomi,back-glass,Thay kính lưng / Bắn laser lưng,0,NO_SOURCE,210000,420000,280000,550000,380000,760000
xiaomi-poco-x6-pro,POCO X6 Pro,phone,xiaomi,data-recovery,Cứu dữ liệu ổ cứng & Bo mạch,0,NO_SOURCE,340000,1000000,440000,1350000,610000,1850000
xiaomi-poco-x6-pro,POCO X6 Pro,phone,xiaomi,diagnostic,Kiểm tra chẩn đoán toàn diện,0,NO_SOURCE,0,0,0,0,0,0
xiaomi-poco-m6-pro,POCO M6 Pro,phone,xiaomi,screen,Thay màn hình hiển thị,0,NO_SOURCE,600000,1350000,770000,1750000,1050000,2450000
xiaomi-poco-m6-pro,POCO M6 Pro,phone,xiaomi,glass-press,Ép mặt kính / Kính cảm ứng,0,NO_SOURCE,260000,510000,330000,660000,460000,920000
xiaomi-poco-m6-pro,POCO M6 Pro,phone,xiaomi,battery,Thay pin dung lượng cao / Pin Zin,0,NO_SOURCE,260000,470000,330000,610000,460000,840000
xiaomi-poco-m6-pro,POCO M6 Pro,phone,xiaomi,charging-port,Sửa chân sạc / Cổng kết nối,0,NO_SOURCE,210000,380000,280000,500000,380000,690000
xiaomi-poco-m6-pro,POCO M6 Pro,phone,xiaomi,water-damage,Cấp cứu máy vô nước / Rớt nước,0,NO_SOURCE,260000,510000,330000,660000,460000,920000
xiaomi-poco-m6-pro,POCO M6 Pro,phone,xiaomi,mainboard,Sửa mất nguồn / Lỗi Mainboard,0,NO_SOURCE,420000,1000000,550000,1350000,760000,1850000
xiaomi-poco-m6-pro,POCO M6 Pro,phone,xiaomi,camera,Thay camera trước / sau,0,NO_SOURCE,300000,680000,390000,880000,540000,1200000
xiaomi-poco-m6-pro,POCO M6 Pro,phone,xiaomi,speaker,Loa trong / Loa ngoài rè,0,NO_SOURCE,170000,340000,220000,440000,310000,610000
xiaomi-poco-m6-pro,POCO M6 Pro,phone,xiaomi,mic,Hỏng Micro (Nói không nghe),0,NO_SOURCE,170000,320000,220000,420000,310000,580000
xiaomi-poco-m6-pro,POCO M6 Pro,phone,xiaomi,back-glass,Thay kính lưng / Bắn laser lưng,0,NO_SOURCE,210000,420000,280000,550000,380000,760000
xiaomi-poco-m6-pro,POCO M6 Pro,phone,xiaomi,data-recovery,Cứu dữ liệu ổ cứng & Bo mạch,0,NO_SOURCE,340000,1000000,440000,1350000,610000,1850000
xiaomi-poco-m6-pro,POCO M6 Pro,phone,xiaomi,diagnostic,Kiểm tra chẩn đoán toàn diện,0,NO_SOURCE,0,0,0,0,0,0
apple-watch-ultra-2,Apple Watch Ultra 2 (49mm),smartwatch,apple,screen,Thay màn hình hiển thị,0,NO_SOURCE,2550000,5200000,3300000,6750000,4550000,9300000
apple-watch-ultra-2,Apple Watch Ultra 2 (49mm),smartwatch,apple,glass-press,Ép mặt kính / Kính cảm ứng,0,NO_SOURCE,1100000,2050000,1400000,2700000,1950000,3750000
apple-watch-ultra-2,Apple Watch Ultra 2 (49mm),smartwatch,apple,battery,Thay pin dung lượng cao / Pin Zin,0,NO_SOURCE,750000,1400000,970000,1800000,1350000,2500000
apple-watch-ultra-2,Apple Watch Ultra 2 (49mm),smartwatch,apple,digital-crown,Nút xoay Digital Crown & Bezel xoay,0,NO_SOURCE,580000,1100000,750000,1400000,1050000,1950000
apple-watch-ultra-2,Apple Watch Ultra 2 (49mm),smartwatch,apple,taptic-engine,Mô-tơ rung Taptic Engine / Cảm ứng đáy,0,NO_SOURCE,630000,1100000,820000,1400000,1150000,1950000
apple-watch-ultra-2,Apple Watch Ultra 2 (49mm),smartwatch,apple,charging-port,Sửa chân sạc / Cổng kết nối,0,NO_SOURCE,520000,980000,670000,1250000,930000,1750000
apple-watch-ultra-2,Apple Watch Ultra 2 (49mm),smartwatch,apple,speaker,Loa trong / Loa ngoài rè,0,NO_SOURCE,460000,860000,600000,1100000,830000,1550000
apple-watch-ultra-2,Apple Watch Ultra 2 (49mm),smartwatch,apple,mic,Hỏng Micro (Nói không nghe),0,NO_SOURCE,460000,860000,600000,1100000,830000,1550000
apple-watch-ultra-2,Apple Watch Ultra 2 (49mm),smartwatch,apple,mainboard,Sửa mất nguồn / Lỗi Mainboard,0,NO_SOURCE,1400000,3200000,1800000,4200000,2500000,5800000
apple-watch-ultra-2,Apple Watch Ultra 2 (49mm),smartwatch,apple,water-damage,Cấp cứu máy vô nước / Rớt nước,0,NO_SOURCE,920000,2050000,1200000,2700000,1650000,3750000
apple-watch-ultra-2,Apple Watch Ultra 2 (49mm),smartwatch,apple,diagnostic,Kiểm tra chẩn đoán toàn diện,0,NO_SOURCE,0,0,0,0,0,0
apple-watch-ultra-1,Apple Watch Ultra (49mm 2022),smartwatch,apple,screen,Thay màn hình hiển thị,0,NO_SOURCE,2550000,5200000,3300000,6750000,4550000,9300000
apple-watch-ultra-1,Apple Watch Ultra (49mm 2022),smartwatch,apple,glass-press,Ép mặt kính / Kính cảm ứng,0,NO_SOURCE,1100000,2050000,1400000,2700000,1950000,3750000
apple-watch-ultra-1,Apple Watch Ultra (49mm 2022),smartwatch,apple,battery,Thay pin dung lượng cao / Pin Zin,0,NO_SOURCE,750000,1400000,970000,1800000,1350000,2500000
apple-watch-ultra-1,Apple Watch Ultra (49mm 2022),smartwatch,apple,digital-crown,Nút xoay Digital Crown & Bezel xoay,0,NO_SOURCE,580000,1100000,750000,1400000,1050000,1950000
apple-watch-ultra-1,Apple Watch Ultra (49mm 2022),smartwatch,apple,taptic-engine,Mô-tơ rung Taptic Engine / Cảm ứng đáy,0,NO_SOURCE,630000,1100000,820000,1400000,1150000,1950000
apple-watch-ultra-1,Apple Watch Ultra (49mm 2022),smartwatch,apple,charging-port,Sửa chân sạc / Cổng kết nối,0,NO_SOURCE,520000,980000,670000,1250000,930000,1750000
apple-watch-ultra-1,Apple Watch Ultra (49mm 2022),smartwatch,apple,speaker,Loa trong / Loa ngoài rè,0,NO_SOURCE,460000,860000,600000,1100000,830000,1550000
apple-watch-ultra-1,Apple Watch Ultra (49mm 2022),smartwatch,apple,mic,Hỏng Micro (Nói không nghe),0,NO_SOURCE,460000,860000,600000,1100000,830000,1550000
apple-watch-ultra-1,Apple Watch Ultra (49mm 2022),smartwatch,apple,mainboard,Sửa mất nguồn / Lỗi Mainboard,0,NO_SOURCE,1400000,3200000,1800000,4200000,2500000,5800000
apple-watch-ultra-1,Apple Watch Ultra (49mm 2022),smartwatch,apple,water-damage,Cấp cứu máy vô nước / Rớt nước,0,NO_SOURCE,920000,2050000,1200000,2700000,1650000,3750000
apple-watch-ultra-1,Apple Watch Ultra (49mm 2022),smartwatch,apple,diagnostic,Kiểm tra chẩn đoán toàn diện,0,NO_SOURCE,0,0,0,0,0,0
apple-watch-series-9,Apple Watch Series 9 (41mm / 45mm),smartwatch,apple,screen,Thay màn hình hiển thị,0,NO_SOURCE,1100000,2550000,1400000,3300000,1950000,4550000
apple-watch-series-9,Apple Watch Series 9 (41mm / 45mm),smartwatch,apple,glass-press,Ép mặt kính / Kính cảm ứng,0,NO_SOURCE,520000,980000,670000,1250000,930000,1750000
apple-watch-series-9,Apple Watch Series 9 (41mm / 45mm),smartwatch,apple,battery,Thay pin dung lượng cao / Pin Zin,0,NO_SOURCE,460000,860000,600000,1100000,830000,1550000
apple-watch-series-9,Apple Watch Series 9 (41mm / 45mm),smartwatch,apple,digital-crown,Nút xoay Digital Crown & Bezel xoay,0,NO_SOURCE,340000,690000,450000,900000,620000,1250000
apple-watch-series-9,Apple Watch Series 9 (41mm / 45mm),smartwatch,apple,taptic-engine,Mô-tơ rung Taptic Engine / Cảm ứng đáy,0,NO_SOURCE,400000,750000,520000,970000,720000,1350000
apple-watch-series-9,Apple Watch Series 9 (41mm / 45mm),smartwatch,apple,charging-port,Sửa chân sạc / Cổng kết nối,0,NO_SOURCE,340000,630000,450000,820000,620000,1150000
apple-watch-series-9,Apple Watch Series 9 (41mm / 45mm),smartwatch,apple,speaker,Loa trong / Loa ngoài rè,0,NO_SOURCE,290000,580000,370000,750000,520000,1050000
apple-watch-series-9,Apple Watch Series 9 (41mm / 45mm),smartwatch,apple,mic,Hỏng Micro (Nói không nghe),0,NO_SOURCE,290000,580000,370000,750000,520000,1050000
apple-watch-series-9,Apple Watch Series 9 (41mm / 45mm),smartwatch,apple,mainboard,Sửa mất nguồn / Lỗi Mainboard,0,NO_SOURCE,800000,1850000,1050000,2400000,1450000,3300000
apple-watch-series-9,Apple Watch Series 9 (41mm / 45mm),smartwatch,apple,water-damage,Cấp cứu máy vô nước / Rớt nước,0,NO_SOURCE,580000,1250000,750000,1650000,1050000,2300000
apple-watch-series-9,Apple Watch Series 9 (41mm / 45mm),smartwatch,apple,diagnostic,Kiểm tra chẩn đoán toàn diện,0,NO_SOURCE,0,0,0,0,0,0
apple-watch-series-8,Apple Watch Series 8 (41mm / 45mm),smartwatch,apple,screen,Thay màn hình hiển thị,0,NO_SOURCE,1100000,2550000,1400000,3300000,1950000,4550000
apple-watch-series-8,Apple Watch Series 8 (41mm / 45mm),smartwatch,apple,glass-press,Ép mặt kính / Kính cảm ứng,0,NO_SOURCE,520000,980000,670000,1250000,930000,1750000
apple-watch-series-8,Apple Watch Series 8 (41mm / 45mm),smartwatch,apple,battery,Thay pin dung lượng cao / Pin Zin,0,NO_SOURCE,460000,860000,600000,1100000,830000,1550000
apple-watch-series-8,Apple Watch Series 8 (41mm / 45mm),smartwatch,apple,digital-crown,Nút xoay Digital Crown & Bezel xoay,0,NO_SOURCE,340000,690000,450000,900000,620000,1250000
apple-watch-series-8,Apple Watch Series 8 (41mm / 45mm),smartwatch,apple,taptic-engine,Mô-tơ rung Taptic Engine / Cảm ứng đáy,0,NO_SOURCE,400000,750000,520000,970000,720000,1350000
apple-watch-series-8,Apple Watch Series 8 (41mm / 45mm),smartwatch,apple,charging-port,Sửa chân sạc / Cổng kết nối,0,NO_SOURCE,340000,630000,450000,820000,620000,1150000
apple-watch-series-8,Apple Watch Series 8 (41mm / 45mm),smartwatch,apple,speaker,Loa trong / Loa ngoài rè,0,NO_SOURCE,290000,580000,370000,750000,520000,1050000
apple-watch-series-8,Apple Watch Series 8 (41mm / 45mm),smartwatch,apple,mic,Hỏng Micro (Nói không nghe),0,NO_SOURCE,290000,580000,370000,750000,520000,1050000
apple-watch-series-8,Apple Watch Series 8 (41mm / 45mm),smartwatch,apple,mainboard,Sửa mất nguồn / Lỗi Mainboard,0,NO_SOURCE,800000,1850000,1050000,2400000,1450000,3300000
apple-watch-series-8,Apple Watch Series 8 (41mm / 45mm),smartwatch,apple,water-damage,Cấp cứu máy vô nước / Rớt nước,0,NO_SOURCE,580000,1250000,750000,1650000,1050000,2300000
apple-watch-series-8,Apple Watch Series 8 (41mm / 45mm),smartwatch,apple,diagnostic,Kiểm tra chẩn đoán toàn diện,0,NO_SOURCE,0,0,0,0,0,0
apple-watch-series-7,Apple Watch Series 7 (41mm / 45mm),smartwatch,apple,screen,Thay màn hình hiển thị,0,NO_SOURCE,1100000,2550000,1400000,3300000,1950000,4550000
apple-watch-series-7,Apple Watch Series 7 (41mm / 45mm),smartwatch,apple,glass-press,Ép mặt kính / Kính cảm ứng,0,NO_SOURCE,520000,980000,670000,1250000,930000,1750000
apple-watch-series-7,Apple Watch Series 7 (41mm / 45mm),smartwatch,apple,battery,Thay pin dung lượng cao / Pin Zin,0,NO_SOURCE,460000,860000,600000,1100000,830000,1550000
apple-watch-series-7,Apple Watch Series 7 (41mm / 45mm),smartwatch,apple,digital-crown,Nút xoay Digital Crown & Bezel xoay,0,NO_SOURCE,340000,690000,450000,900000,620000,1250000
apple-watch-series-7,Apple Watch Series 7 (41mm / 45mm),smartwatch,apple,taptic-engine,Mô-tơ rung Taptic Engine / Cảm ứng đáy,0,NO_SOURCE,400000,750000,520000,970000,720000,1350000
apple-watch-series-7,Apple Watch Series 7 (41mm / 45mm),smartwatch,apple,charging-port,Sửa chân sạc / Cổng kết nối,0,NO_SOURCE,340000,630000,450000,820000,620000,1150000
apple-watch-series-7,Apple Watch Series 7 (41mm / 45mm),smartwatch,apple,speaker,Loa trong / Loa ngoài rè,0,NO_SOURCE,290000,580000,370000,750000,520000,1050000
apple-watch-series-7,Apple Watch Series 7 (41mm / 45mm),smartwatch,apple,mic,Hỏng Micro (Nói không nghe),0,NO_SOURCE,290000,580000,370000,750000,520000,1050000
apple-watch-series-7,Apple Watch Series 7 (41mm / 45mm),smartwatch,apple,mainboard,Sửa mất nguồn / Lỗi Mainboard,0,NO_SOURCE,800000,1850000,1050000,2400000,1450000,3300000
apple-watch-series-7,Apple Watch Series 7 (41mm / 45mm),smartwatch,apple,water-damage,Cấp cứu máy vô nước / Rớt nước,0,NO_SOURCE,580000,1250000,750000,1650000,1050000,2300000
apple-watch-series-7,Apple Watch Series 7 (41mm / 45mm),smartwatch,apple,diagnostic,Kiểm tra chẩn đoán toàn diện,0,NO_SOURCE,0,0,0,0,0,0
apple-watch-series-6,Apple Watch Series 6 (40mm / 44mm),smartwatch,apple,screen,Thay màn hình hiển thị,0,NO_SOURCE,1100000,2550000,1400000,3300000,1950000,4550000
apple-watch-series-6,Apple Watch Series 6 (40mm / 44mm),smartwatch,apple,glass-press,Ép mặt kính / Kính cảm ứng,0,NO_SOURCE,520000,980000,670000,1250000,930000,1750000
apple-watch-series-6,Apple Watch Series 6 (40mm / 44mm),smartwatch,apple,battery,Thay pin dung lượng cao / Pin Zin,0,NO_SOURCE,460000,860000,600000,1100000,830000,1550000
apple-watch-series-6,Apple Watch Series 6 (40mm / 44mm),smartwatch,apple,digital-crown,Nút xoay Digital Crown & Bezel xoay,0,NO_SOURCE,340000,690000,450000,900000,620000,1250000
apple-watch-series-6,Apple Watch Series 6 (40mm / 44mm),smartwatch,apple,taptic-engine,Mô-tơ rung Taptic Engine / Cảm ứng đáy,0,NO_SOURCE,400000,750000,520000,970000,720000,1350000
apple-watch-series-6,Apple Watch Series 6 (40mm / 44mm),smartwatch,apple,charging-port,Sửa chân sạc / Cổng kết nối,0,NO_SOURCE,340000,630000,450000,820000,620000,1150000
apple-watch-series-6,Apple Watch Series 6 (40mm / 44mm),smartwatch,apple,speaker,Loa trong / Loa ngoài rè,0,NO_SOURCE,290000,580000,370000,750000,520000,1050000
apple-watch-series-6,Apple Watch Series 6 (40mm / 44mm),smartwatch,apple,mic,Hỏng Micro (Nói không nghe),0,NO_SOURCE,290000,580000,370000,750000,520000,1050000
apple-watch-series-6,Apple Watch Series 6 (40mm / 44mm),smartwatch,apple,mainboard,Sửa mất nguồn / Lỗi Mainboard,0,NO_SOURCE,800000,1850000,1050000,2400000,1450000,3300000
apple-watch-series-6,Apple Watch Series 6 (40mm / 44mm),smartwatch,apple,water-damage,Cấp cứu máy vô nước / Rớt nước,0,NO_SOURCE,580000,1250000,750000,1650000,1050000,2300000
apple-watch-series-6,Apple Watch Series 6 (40mm / 44mm),smartwatch,apple,diagnostic,Kiểm tra chẩn đoán toàn diện,0,NO_SOURCE,0,0,0,0,0,0
apple-watch-series-5,Apple Watch Series 5 (40mm / 44mm),smartwatch,apple,screen,Thay màn hình hiển thị,0,NO_SOURCE,1100000,2550000,1400000,3300000,1950000,4550000
apple-watch-series-5,Apple Watch Series 5 (40mm / 44mm),smartwatch,apple,glass-press,Ép mặt kính / Kính cảm ứng,0,NO_SOURCE,520000,980000,670000,1250000,930000,1750000
apple-watch-series-5,Apple Watch Series 5 (40mm / 44mm),smartwatch,apple,battery,Thay pin dung lượng cao / Pin Zin,0,NO_SOURCE,460000,860000,600000,1100000,830000,1550000
apple-watch-series-5,Apple Watch Series 5 (40mm / 44mm),smartwatch,apple,digital-crown,Nút xoay Digital Crown & Bezel xoay,0,NO_SOURCE,340000,690000,450000,900000,620000,1250000
apple-watch-series-5,Apple Watch Series 5 (40mm / 44mm),smartwatch,apple,taptic-engine,Mô-tơ rung Taptic Engine / Cảm ứng đáy,0,NO_SOURCE,400000,750000,520000,970000,720000,1350000
apple-watch-series-5,Apple Watch Series 5 (40mm / 44mm),smartwatch,apple,charging-port,Sửa chân sạc / Cổng kết nối,0,NO_SOURCE,340000,630000,450000,820000,620000,1150000
apple-watch-series-5,Apple Watch Series 5 (40mm / 44mm),smartwatch,apple,speaker,Loa trong / Loa ngoài rè,0,NO_SOURCE,290000,580000,370000,750000,520000,1050000
apple-watch-series-5,Apple Watch Series 5 (40mm / 44mm),smartwatch,apple,mic,Hỏng Micro (Nói không nghe),0,NO_SOURCE,290000,580000,370000,750000,520000,1050000
apple-watch-series-5,Apple Watch Series 5 (40mm / 44mm),smartwatch,apple,mainboard,Sửa mất nguồn / Lỗi Mainboard,0,NO_SOURCE,800000,1850000,1050000,2400000,1450000,3300000
apple-watch-series-5,Apple Watch Series 5 (40mm / 44mm),smartwatch,apple,water-damage,Cấp cứu máy vô nước / Rớt nước,0,NO_SOURCE,580000,1250000,750000,1650000,1050000,2300000
apple-watch-series-5,Apple Watch Series 5 (40mm / 44mm),smartwatch,apple,diagnostic,Kiểm tra chẩn đoán toàn diện,0,NO_SOURCE,0,0,0,0,0,0
apple-watch-se-2-2022,Apple Watch SE 2 (40mm / 44mm 2022),smartwatch,apple,screen,Thay màn hình hiển thị,0,NO_SOURCE,520000,1100000,670000,1400000,930000,1950000
apple-watch-se-2-2022,Apple Watch SE 2 (40mm / 44mm 2022),smartwatch,apple,glass-press,Ép mặt kính / Kính cảm ứng,0,NO_SOURCE,290000,520000,370000,670000,520000,930000
apple-watch-se-2-2022,Apple Watch SE 2 (40mm / 44mm 2022),smartwatch,apple,battery,Thay pin dung lượng cao / Pin Zin,0,NO_SOURCE,290000,520000,370000,670000,520000,930000
apple-watch-se-2-2022,Apple Watch SE 2 (40mm / 44mm 2022),smartwatch,apple,digital-crown,Nút xoay Digital Crown & Bezel xoay,0,NO_SOURCE,230000,460000,300000,600000,410000,830000
apple-watch-se-2-2022,Apple Watch SE 2 (40mm / 44mm 2022),smartwatch,apple,taptic-engine,Mô-tơ rung Taptic Engine / Cảm ứng đáy,0,NO_SOURCE,290000,520000,370000,670000,520000,930000
apple-watch-se-2-2022,Apple Watch SE 2 (40mm / 44mm 2022),smartwatch,apple,charging-port,Sửa chân sạc / Cổng kết nối,0,NO_SOURCE,230000,460000,300000,600000,410000,830000
apple-watch-se-2-2022,Apple Watch SE 2 (40mm / 44mm 2022),smartwatch,apple,speaker,Loa trong / Loa ngoài rè,0,NO_SOURCE,230000,400000,300000,520000,410000,720000
apple-watch-se-2-2022,Apple Watch SE 2 (40mm / 44mm 2022),smartwatch,apple,mic,Hỏng Micro (Nói không nghe),0,NO_SOURCE,230000,400000,300000,520000,410000,720000
apple-watch-se-2-2022,Apple Watch SE 2 (40mm / 44mm 2022),smartwatch,apple,mainboard,Sửa mất nguồn / Lỗi Mainboard,0,NO_SOURCE,520000,1100000,670000,1400000,930000,1950000
apple-watch-se-2-2022,Apple Watch SE 2 (40mm / 44mm 2022),smartwatch,apple,water-damage,Cấp cứu máy vô nước / Rớt nước,0,NO_SOURCE,400000,800000,520000,1050000,720000,1450000
apple-watch-se-2-2022,Apple Watch SE 2 (40mm / 44mm 2022),smartwatch,apple,diagnostic,Kiểm tra chẩn đoán toàn diện,0,NO_SOURCE,0,0,0,0,0,0
apple-watch-se-1-2020,Apple Watch SE 1 (40mm / 44mm 2020),smartwatch,apple,screen,Thay màn hình hiển thị,0,NO_SOURCE,520000,1100000,670000,1400000,930000,1950000
apple-watch-se-1-2020,Apple Watch SE 1 (40mm / 44mm 2020),smartwatch,apple,glass-press,Ép mặt kính / Kính cảm ứng,0,NO_SOURCE,290000,520000,370000,670000,520000,930000
apple-watch-se-1-2020,Apple Watch SE 1 (40mm / 44mm 2020),smartwatch,apple,battery,Thay pin dung lượng cao / Pin Zin,0,NO_SOURCE,290000,520000,370000,670000,520000,930000
apple-watch-se-1-2020,Apple Watch SE 1 (40mm / 44mm 2020),smartwatch,apple,digital-crown,Nút xoay Digital Crown & Bezel xoay,0,NO_SOURCE,230000,460000,300000,600000,410000,830000
apple-watch-se-1-2020,Apple Watch SE 1 (40mm / 44mm 2020),smartwatch,apple,taptic-engine,Mô-tơ rung Taptic Engine / Cảm ứng đáy,0,NO_SOURCE,290000,520000,370000,670000,520000,930000
apple-watch-se-1-2020,Apple Watch SE 1 (40mm / 44mm 2020),smartwatch,apple,charging-port,Sửa chân sạc / Cổng kết nối,0,NO_SOURCE,230000,460000,300000,600000,410000,830000
apple-watch-se-1-2020,Apple Watch SE 1 (40mm / 44mm 2020),smartwatch,apple,speaker,Loa trong / Loa ngoài rè,0,NO_SOURCE,230000,400000,300000,520000,410000,720000
apple-watch-se-1-2020,Apple Watch SE 1 (40mm / 44mm 2020),smartwatch,apple,mic,Hỏng Micro (Nói không nghe),0,NO_SOURCE,230000,400000,300000,520000,410000,720000
apple-watch-se-1-2020,Apple Watch SE 1 (40mm / 44mm 2020),smartwatch,apple,mainboard,Sửa mất nguồn / Lỗi Mainboard,0,NO_SOURCE,520000,1100000,670000,1400000,930000,1950000
apple-watch-se-1-2020,Apple Watch SE 1 (40mm / 44mm 2020),smartwatch,apple,water-damage,Cấp cứu máy vô nước / Rớt nước,0,NO_SOURCE,400000,800000,520000,1050000,720000,1450000
apple-watch-se-1-2020,Apple Watch SE 1 (40mm / 44mm 2020),smartwatch,apple,diagnostic,Kiểm tra chẩn đoán toàn diện,0,NO_SOURCE,0,0,0,0,0,0
apple-watch-series-4,Apple Watch Series 4 (40mm / 44mm),smartwatch,apple,screen,Thay màn hình hiển thị,0,NO_SOURCE,520000,1100000,670000,1400000,930000,1950000
apple-watch-series-4,Apple Watch Series 4 (40mm / 44mm),smartwatch,apple,glass-press,Ép mặt kính / Kính cảm ứng,0,NO_SOURCE,290000,520000,370000,670000,520000,930000
apple-watch-series-4,Apple Watch Series 4 (40mm / 44mm),smartwatch,apple,battery,Thay pin dung lượng cao / Pin Zin,0,NO_SOURCE,290000,520000,370000,670000,520000,930000
apple-watch-series-4,Apple Watch Series 4 (40mm / 44mm),smartwatch,apple,digital-crown,Nút xoay Digital Crown & Bezel xoay,0,NO_SOURCE,230000,460000,300000,600000,410000,830000
apple-watch-series-4,Apple Watch Series 4 (40mm / 44mm),smartwatch,apple,taptic-engine,Mô-tơ rung Taptic Engine / Cảm ứng đáy,0,NO_SOURCE,290000,520000,370000,670000,520000,930000
apple-watch-series-4,Apple Watch Series 4 (40mm / 44mm),smartwatch,apple,charging-port,Sửa chân sạc / Cổng kết nối,0,NO_SOURCE,230000,460000,300000,600000,410000,830000
apple-watch-series-4,Apple Watch Series 4 (40mm / 44mm),smartwatch,apple,speaker,Loa trong / Loa ngoài rè,0,NO_SOURCE,230000,400000,300000,520000,410000,720000
apple-watch-series-4,Apple Watch Series 4 (40mm / 44mm),smartwatch,apple,mic,Hỏng Micro (Nói không nghe),0,NO_SOURCE,230000,400000,300000,520000,410000,720000
apple-watch-series-4,Apple Watch Series 4 (40mm / 44mm),smartwatch,apple,mainboard,Sửa mất nguồn / Lỗi Mainboard,0,NO_SOURCE,520000,1100000,670000,1400000,930000,1950000
apple-watch-series-4,Apple Watch Series 4 (40mm / 44mm),smartwatch,apple,water-damage,Cấp cứu máy vô nước / Rớt nước,0,NO_SOURCE,400000,800000,520000,1050000,720000,1450000
apple-watch-series-4,Apple Watch Series 4 (40mm / 44mm),smartwatch,apple,diagnostic,Kiểm tra chẩn đoán toàn diện,0,NO_SOURCE,0,0,0,0,0,0
garmin-fenix-7-pro-solar,Garmin Fenix 7 Pro Sapphire Solar,smartwatch,garmin,screen,Thay màn hình hiển thị,0,NO_SOURCE,2550000,5200000,3300000,6750000,4550000,9300000
garmin-fenix-7-pro-solar,Garmin Fenix 7 Pro Sapphire Solar,smartwatch,garmin,glass-press,Ép mặt kính / Kính cảm ứng,0,NO_SOURCE,1100000,2050000,1400000,2700000,1950000,3750000
garmin-fenix-7-pro-solar,Garmin Fenix 7 Pro Sapphire Solar,smartwatch,garmin,battery,Thay pin dung lượng cao / Pin Zin,0,NO_SOURCE,750000,1400000,970000,1800000,1350000,2500000
garmin-fenix-7-pro-solar,Garmin Fenix 7 Pro Sapphire Solar,smartwatch,garmin,charging-port,Sửa chân sạc / Cổng kết nối,0,NO_SOURCE,520000,980000,670000,1250000,930000,1750000
garmin-fenix-7-pro-solar,Garmin Fenix 7 Pro Sapphire Solar,smartwatch,garmin,speaker,Loa trong / Loa ngoài rè,0,NO_SOURCE,460000,860000,600000,1100000,830000,1550000
garmin-fenix-7-pro-solar,Garmin Fenix 7 Pro Sapphire Solar,smartwatch,garmin,mic,Hỏng Micro (Nói không nghe),0,NO_SOURCE,460000,860000,600000,1100000,830000,1550000
garmin-fenix-7-pro-solar,Garmin Fenix 7 Pro Sapphire Solar,smartwatch,garmin,mainboard,Sửa mất nguồn / Lỗi Mainboard,0,NO_SOURCE,1400000,3200000,1800000,4200000,2500000,5800000
garmin-fenix-7-pro-solar,Garmin Fenix 7 Pro Sapphire Solar,smartwatch,garmin,water-damage,Cấp cứu máy vô nước / Rớt nước,0,NO_SOURCE,920000,2050000,1200000,2700000,1650000,3750000
garmin-fenix-7-pro-solar,Garmin Fenix 7 Pro Sapphire Solar,smartwatch,garmin,diagnostic,Kiểm tra chẩn đoán toàn diện,0,NO_SOURCE,0,0,0,0,0,0
garmin-epix-pro-gen-2,Garmin Epix Pro (Gen 2) Sapphire,smartwatch,garmin,screen,Thay màn hình hiển thị,0,NO_SOURCE,2550000,5200000,3300000,6750000,4550000,9300000
garmin-epix-pro-gen-2,Garmin Epix Pro (Gen 2) Sapphire,smartwatch,garmin,glass-press,Ép mặt kính / Kính cảm ứng,0,NO_SOURCE,1100000,2050000,1400000,2700000,1950000,3750000
garmin-epix-pro-gen-2,Garmin Epix Pro (Gen 2) Sapphire,smartwatch,garmin,battery,Thay pin dung lượng cao / Pin Zin,0,NO_SOURCE,750000,1400000,970000,1800000,1350000,2500000
garmin-epix-pro-gen-2,Garmin Epix Pro (Gen 2) Sapphire,smartwatch,garmin,charging-port,Sửa chân sạc / Cổng kết nối,0,NO_SOURCE,520000,980000,670000,1250000,930000,1750000
garmin-epix-pro-gen-2,Garmin Epix Pro (Gen 2) Sapphire,smartwatch,garmin,speaker,Loa trong / Loa ngoài rè,0,NO_SOURCE,460000,860000,600000,1100000,830000,1550000
garmin-epix-pro-gen-2,Garmin Epix Pro (Gen 2) Sapphire,smartwatch,garmin,mic,Hỏng Micro (Nói không nghe),0,NO_SOURCE,460000,860000,600000,1100000,830000,1550000
garmin-epix-pro-gen-2,Garmin Epix Pro (Gen 2) Sapphire,smartwatch,garmin,mainboard,Sửa mất nguồn / Lỗi Mainboard,0,NO_SOURCE,1400000,3200000,1800000,4200000,2500000,5800000
garmin-epix-pro-gen-2,Garmin Epix Pro (Gen 2) Sapphire,smartwatch,garmin,water-damage,Cấp cứu máy vô nước / Rớt nước,0,NO_SOURCE,920000,2050000,1200000,2700000,1650000,3750000
garmin-epix-pro-gen-2,Garmin Epix Pro (Gen 2) Sapphire,smartwatch,garmin,diagnostic,Kiểm tra chẩn đoán toàn diện,0,NO_SOURCE,0,0,0,0,0,0
garmin-forerunner-965,Garmin Forerunner 965,smartwatch,garmin,screen,Thay màn hình hiển thị,0,NO_SOURCE,1100000,2550000,1400000,3300000,1950000,4550000
garmin-forerunner-965,Garmin Forerunner 965,smartwatch,garmin,glass-press,Ép mặt kính / Kính cảm ứng,0,NO_SOURCE,520000,980000,670000,1250000,930000,1750000
garmin-forerunner-965,Garmin Forerunner 965,smartwatch,garmin,battery,Thay pin dung lượng cao / Pin Zin,0,NO_SOURCE,460000,860000,600000,1100000,830000,1550000
garmin-forerunner-965,Garmin Forerunner 965,smartwatch,garmin,charging-port,Sửa chân sạc / Cổng kết nối,0,NO_SOURCE,340000,630000,450000,820000,620000,1150000
garmin-forerunner-965,Garmin Forerunner 965,smartwatch,garmin,speaker,Loa trong / Loa ngoài rè,0,NO_SOURCE,290000,580000,370000,750000,520000,1050000
garmin-forerunner-965,Garmin Forerunner 965,smartwatch,garmin,mic,Hỏng Micro (Nói không nghe),0,NO_SOURCE,290000,580000,370000,750000,520000,1050000
garmin-forerunner-965,Garmin Forerunner 965,smartwatch,garmin,mainboard,Sửa mất nguồn / Lỗi Mainboard,0,NO_SOURCE,800000,1850000,1050000,2400000,1450000,3300000
garmin-forerunner-965,Garmin Forerunner 965,smartwatch,garmin,water-damage,Cấp cứu máy vô nước / Rớt nước,0,NO_SOURCE,580000,1250000,750000,1650000,1050000,2300000
garmin-forerunner-965,Garmin Forerunner 965,smartwatch,garmin,diagnostic,Kiểm tra chẩn đoán toàn diện,0,NO_SOURCE,0,0,0,0,0,0
garmin-forerunner-265,Garmin Forerunner 265,smartwatch,garmin,screen,Thay màn hình hiển thị,0,NO_SOURCE,1100000,2550000,1400000,3300000,1950000,4550000
garmin-forerunner-265,Garmin Forerunner 265,smartwatch,garmin,glass-press,Ép mặt kính / Kính cảm ứng,0,NO_SOURCE,520000,980000,670000,1250000,930000,1750000
garmin-forerunner-265,Garmin Forerunner 265,smartwatch,garmin,battery,Thay pin dung lượng cao / Pin Zin,0,NO_SOURCE,460000,860000,600000,1100000,830000,1550000
garmin-forerunner-265,Garmin Forerunner 265,smartwatch,garmin,charging-port,Sửa chân sạc / Cổng kết nối,0,NO_SOURCE,340000,630000,450000,820000,620000,1150000
garmin-forerunner-265,Garmin Forerunner 265,smartwatch,garmin,speaker,Loa trong / Loa ngoài rè,0,NO_SOURCE,290000,580000,370000,750000,520000,1050000
garmin-forerunner-265,Garmin Forerunner 265,smartwatch,garmin,mic,Hỏng Micro (Nói không nghe),0,NO_SOURCE,290000,580000,370000,750000,520000,1050000
garmin-forerunner-265,Garmin Forerunner 265,smartwatch,garmin,mainboard,Sửa mất nguồn / Lỗi Mainboard,0,NO_SOURCE,800000,1850000,1050000,2400000,1450000,3300000
garmin-forerunner-265,Garmin Forerunner 265,smartwatch,garmin,water-damage,Cấp cứu máy vô nước / Rớt nước,0,NO_SOURCE,580000,1250000,750000,1650000,1050000,2300000
garmin-forerunner-265,Garmin Forerunner 265,smartwatch,garmin,diagnostic,Kiểm tra chẩn đoán toàn diện,0,NO_SOURCE,0,0,0,0,0,0
garmin-venu-3,Garmin Venu 3,smartwatch,garmin,screen,Thay màn hình hiển thị,0,NO_SOURCE,1100000,2550000,1400000,3300000,1950000,4550000
garmin-venu-3,Garmin Venu 3,smartwatch,garmin,glass-press,Ép mặt kính / Kính cảm ứng,0,NO_SOURCE,520000,980000,670000,1250000,930000,1750000
garmin-venu-3,Garmin Venu 3,smartwatch,garmin,battery,Thay pin dung lượng cao / Pin Zin,0,NO_SOURCE,460000,860000,600000,1100000,830000,1550000
garmin-venu-3,Garmin Venu 3,smartwatch,garmin,charging-port,Sửa chân sạc / Cổng kết nối,0,NO_SOURCE,340000,630000,450000,820000,620000,1150000
garmin-venu-3,Garmin Venu 3,smartwatch,garmin,speaker,Loa trong / Loa ngoài rè,0,NO_SOURCE,290000,580000,370000,750000,520000,1050000
garmin-venu-3,Garmin Venu 3,smartwatch,garmin,mic,Hỏng Micro (Nói không nghe),0,NO_SOURCE,290000,580000,370000,750000,520000,1050000
garmin-venu-3,Garmin Venu 3,smartwatch,garmin,mainboard,Sửa mất nguồn / Lỗi Mainboard,0,NO_SOURCE,800000,1850000,1050000,2400000,1450000,3300000
garmin-venu-3,Garmin Venu 3,smartwatch,garmin,water-damage,Cấp cứu máy vô nước / Rớt nước,0,NO_SOURCE,580000,1250000,750000,1650000,1050000,2300000
garmin-venu-3,Garmin Venu 3,smartwatch,garmin,diagnostic,Kiểm tra chẩn đoán toàn diện,0,NO_SOURCE,0,0,0,0,0,0
huawei-watch-gt-4,Huawei Watch GT 4 (46mm / 41mm),smartwatch,huawei,screen,Thay màn hình hiển thị,0,NO_SOURCE,900000,2100000,1150000,2700000,1600000,3750000
huawei-watch-gt-4,Huawei Watch GT 4 (46mm / 41mm),smartwatch,huawei,glass-press,Ép mặt kính / Kính cảm ứng,0,NO_SOURCE,430000,810000,560000,1050000,770000,1450000
huawei-watch-gt-4,Huawei Watch GT 4 (46mm / 41mm),smartwatch,huawei,battery,Thay pin dung lượng cao / Pin Zin,0,NO_SOURCE,380000,710000,490000,930000,680000,1300000
huawei-watch-gt-4,Huawei Watch GT 4 (46mm / 41mm),smartwatch,huawei,charging-port,Sửa chân sạc / Cổng kết nối,0,NO_SOURCE,280000,520000,370000,680000,510000,940000
huawei-watch-gt-4,Huawei Watch GT 4 (46mm / 41mm),smartwatch,huawei,speaker,Loa trong / Loa ngoài rè,0,NO_SOURCE,240000,480000,310000,620000,430000,860000
huawei-watch-gt-4,Huawei Watch GT 4 (46mm / 41mm),smartwatch,huawei,mic,Hỏng Micro (Nói không nghe),0,NO_SOURCE,240000,480000,310000,620000,430000,860000
huawei-watch-gt-4,Huawei Watch GT 4 (46mm / 41mm),smartwatch,huawei,mainboard,Sửa mất nguồn / Lỗi Mainboard,0,NO_SOURCE,660000,1500000,860000,2000000,1200000,2750000
huawei-watch-gt-4,Huawei Watch GT 4 (46mm / 41mm),smartwatch,huawei,water-damage,Cấp cứu máy vô nước / Rớt nước,0,NO_SOURCE,480000,1050000,620000,1350000,860000,1900000
huawei-watch-gt-4,Huawei Watch GT 4 (46mm / 41mm),smartwatch,huawei,diagnostic,Kiểm tra chẩn đoán toàn diện,0,NO_SOURCE,0,0,0,0,0,0
huawei-watch-ultimate,Huawei Watch Ultimate,smartwatch,huawei,screen,Thay màn hình hiển thị,0,NO_SOURCE,2100000,4300000,2700000,5550000,3750000,7700000
huawei-watch-ultimate,Huawei Watch Ultimate,smartwatch,huawei,glass-press,Ép mặt kính / Kính cảm ứng,0,NO_SOURCE,900000,1700000,1150000,2200000,1600000,3100000
huawei-watch-ultimate,Huawei Watch Ultimate,smartwatch,huawei,battery,Thay pin dung lượng cao / Pin Zin,0,NO_SOURCE,620000,1150000,800000,1500000,1100000,2050000
huawei-watch-ultimate,Huawei Watch Ultimate,smartwatch,huawei,charging-port,Sửa chân sạc / Cổng kết nối,0,NO_SOURCE,430000,810000,560000,1050000,770000,1450000
huawei-watch-ultimate,Huawei Watch Ultimate,smartwatch,huawei,speaker,Loa trong / Loa ngoài rè,0,NO_SOURCE,380000,710000,490000,930000,680000,1300000
huawei-watch-ultimate,Huawei Watch Ultimate,smartwatch,huawei,mic,Hỏng Micro (Nói không nghe),0,NO_SOURCE,380000,710000,490000,930000,680000,1300000
huawei-watch-ultimate,Huawei Watch Ultimate,smartwatch,huawei,mainboard,Sửa mất nguồn / Lỗi Mainboard,0,NO_SOURCE,1150000,2650000,1500000,3450000,2050000,4800000
huawei-watch-ultimate,Huawei Watch Ultimate,smartwatch,huawei,water-damage,Cấp cứu máy vô nước / Rớt nước,0,NO_SOURCE,760000,1700000,990000,2200000,1350000,3100000
huawei-watch-ultimate,Huawei Watch Ultimate,smartwatch,huawei,diagnostic,Kiểm tra chẩn đoán toàn diện,0,NO_SOURCE,0,0,0,0,0,0
amazfit-gtr-4,Amazfit GTR 4,smartwatch,others,screen,Thay màn hình hiển thị,0,NO_SOURCE,450000,950000,580000,1250000,810000,1700000
amazfit-gtr-4,Amazfit GTR 4,smartwatch,others,glass-press,Ép mặt kính / Kính cảm ứng,0,NO_SOURCE,250000,450000,320000,580000,450000,810000
amazfit-gtr-4,Amazfit GTR 4,smartwatch,others,battery,Thay pin dung lượng cao / Pin Zin,0,NO_SOURCE,250000,450000,320000,580000,450000,810000
amazfit-gtr-4,Amazfit GTR 4,smartwatch,others,charging-port,Sửa chân sạc / Cổng kết nối,0,NO_SOURCE,200000,400000,260000,520000,360000,720000
amazfit-gtr-4,Amazfit GTR 4,smartwatch,others,speaker,Loa trong / Loa ngoài rè,0,NO_SOURCE,200000,350000,260000,460000,360000,630000
amazfit-gtr-4,Amazfit GTR 4,smartwatch,others,mic,Hỏng Micro (Nói không nghe),0,NO_SOURCE,200000,350000,260000,460000,360000,630000
amazfit-gtr-4,Amazfit GTR 4,smartwatch,others,mainboard,Sửa mất nguồn / Lỗi Mainboard,0,NO_SOURCE,450000,950000,580000,1250000,810000,1700000
amazfit-gtr-4,Amazfit GTR 4,smartwatch,others,water-damage,Cấp cứu máy vô nước / Rớt nước,0,NO_SOURCE,350000,700000,460000,910000,630000,1250000
amazfit-gtr-4,Amazfit GTR 4,smartwatch,others,diagnostic,Kiểm tra chẩn đoán toàn diện,0,NO_SOURCE,0,0,0,0,0,0
xiaomi-watch-s3,Xiaomi Watch S3,smartwatch,xiaomi,screen,Thay màn hình hiển thị,0,NO_SOURCE,380000,810000,500000,1050000,690000,1450000
xiaomi-watch-s3,Xiaomi Watch S3,smartwatch,xiaomi,glass-press,Ép mặt kính / Kính cảm ứng,0,NO_SOURCE,210000,380000,280000,500000,380000,690000
xiaomi-watch-s3,Xiaomi Watch S3,smartwatch,xiaomi,battery,Thay pin dung lượng cao / Pin Zin,0,NO_SOURCE,210000,380000,280000,500000,380000,690000
xiaomi-watch-s3,Xiaomi Watch S3,smartwatch,xiaomi,charging-port,Sửa chân sạc / Cổng kết nối,0,NO_SOURCE,170000,340000,220000,440000,310000,610000
xiaomi-watch-s3,Xiaomi Watch S3,smartwatch,xiaomi,speaker,Loa trong / Loa ngoài rè,0,NO_SOURCE,170000,300000,220000,390000,310000,540000
xiaomi-watch-s3,Xiaomi Watch S3,smartwatch,xiaomi,mic,Hỏng Micro (Nói không nghe),0,NO_SOURCE,170000,300000,220000,390000,310000,540000
xiaomi-watch-s3,Xiaomi Watch S3,smartwatch,xiaomi,mainboard,Sửa mất nguồn / Lỗi Mainboard,0,NO_SOURCE,380000,810000,500000,1050000,690000,1450000
xiaomi-watch-s3,Xiaomi Watch S3,smartwatch,xiaomi,water-damage,Cấp cứu máy vô nước / Rớt nước,0,NO_SOURCE,300000,600000,390000,770000,540000,1050000
xiaomi-watch-s3,Xiaomi Watch S3,smartwatch,xiaomi,diagnostic,Kiểm tra chẩn đoán toàn diện,0,NO_SOURCE,0,0,0,0,0,0
coros-pace-3,COROS Pace 3,smartwatch,others,screen,Thay màn hình hiển thị,0,NO_SOURCE,450000,950000,580000,1250000,810000,1700000
coros-pace-3,COROS Pace 3,smartwatch,others,glass-press,Ép mặt kính / Kính cảm ứng,0,NO_SOURCE,250000,450000,320000,580000,450000,810000
coros-pace-3,COROS Pace 3,smartwatch,others,battery,Thay pin dung lượng cao / Pin Zin,0,NO_SOURCE,250000,450000,320000,580000,450000,810000
coros-pace-3,COROS Pace 3,smartwatch,others,charging-port,Sửa chân sạc / Cổng kết nối,0,NO_SOURCE,200000,400000,260000,520000,360000,720000
coros-pace-3,COROS Pace 3,smartwatch,others,speaker,Loa trong / Loa ngoài rè,0,NO_SOURCE,200000,350000,260000,460000,360000,630000
coros-pace-3,COROS Pace 3,smartwatch,others,mic,Hỏng Micro (Nói không nghe),0,NO_SOURCE,200000,350000,260000,460000,360000,630000
coros-pace-3,COROS Pace 3,smartwatch,others,mainboard,Sửa mất nguồn / Lỗi Mainboard,0,NO_SOURCE,450000,950000,580000,1250000,810000,1700000
coros-pace-3,COROS Pace 3,smartwatch,others,water-damage,Cấp cứu máy vô nước / Rớt nước,0,NO_SOURCE,350000,700000,460000,910000,630000,1250000
coros-pace-3,COROS Pace 3,smartwatch,others,diagnostic,Kiểm tra chẩn đoán toàn diện,0,NO_SOURCE,0,0,0,0,0,0
samsung-galaxy-watch-6-classic,Galaxy Watch 6 Classic (43mm / 47mm),smartwatch,samsung,screen,Thay màn hình hiển thị,0,NO_SOURCE,950000,2200000,1250000,2850000,1700000,3950000
samsung-galaxy-watch-6-classic,Galaxy Watch 6 Classic (43mm / 47mm),smartwatch,samsung,glass-press,Ép mặt kính / Kính cảm ứng,0,NO_SOURCE,450000,850000,580000,1100000,810000,1550000
samsung-galaxy-watch-6-classic,Galaxy Watch 6 Classic (43mm / 47mm),smartwatch,samsung,battery,Thay pin dung lượng cao / Pin Zin,0,NO_SOURCE,400000,750000,520000,980000,720000,1350000
samsung-galaxy-watch-6-classic,Galaxy Watch 6 Classic (43mm / 47mm),smartwatch,samsung,charging-port,Sửa chân sạc / Cổng kết nối,0,NO_SOURCE,300000,550000,390000,720000,540000,990000
samsung-galaxy-watch-6-classic,Galaxy Watch 6 Classic (43mm / 47mm),smartwatch,samsung,speaker,Loa trong / Loa ngoài rè,0,NO_SOURCE,250000,500000,320000,650000,450000,900000
samsung-galaxy-watch-6-classic,Galaxy Watch 6 Classic (43mm / 47mm),smartwatch,samsung,mic,Hỏng Micro (Nói không nghe),0,NO_SOURCE,250000,500000,320000,650000,450000,900000
samsung-galaxy-watch-6-classic,Galaxy Watch 6 Classic (43mm / 47mm),smartwatch,samsung,mainboard,Sửa mất nguồn / Lỗi Mainboard,0,NO_SOURCE,700000,1600000,910000,2100000,1250000,2900000
samsung-galaxy-watch-6-classic,Galaxy Watch 6 Classic (43mm / 47mm),smartwatch,samsung,water-damage,Cấp cứu máy vô nước / Rớt nước,0,NO_SOURCE,500000,1100000,650000,1450000,900000,2000000
samsung-galaxy-watch-6-classic,Galaxy Watch 6 Classic (43mm / 47mm),smartwatch,samsung,diagnostic,Kiểm tra chẩn đoán toàn diện,0,NO_SOURCE,0,0,0,0,0,0
samsung-galaxy-watch-6,Galaxy Watch 6 (40mm / 44mm),smartwatch,samsung,screen,Thay màn hình hiển thị,0,NO_SOURCE,950000,2200000,1250000,2850000,1700000,3950000
samsung-galaxy-watch-6,Galaxy Watch 6 (40mm / 44mm),smartwatch,samsung,glass-press,Ép mặt kính / Kính cảm ứng,0,NO_SOURCE,450000,850000,580000,1100000,810000,1550000
samsung-galaxy-watch-6,Galaxy Watch 6 (40mm / 44mm),smartwatch,samsung,battery,Thay pin dung lượng cao / Pin Zin,0,NO_SOURCE,400000,750000,520000,980000,720000,1350000
samsung-galaxy-watch-6,Galaxy Watch 6 (40mm / 44mm),smartwatch,samsung,charging-port,Sửa chân sạc / Cổng kết nối,0,NO_SOURCE,300000,550000,390000,720000,540000,990000
samsung-galaxy-watch-6,Galaxy Watch 6 (40mm / 44mm),smartwatch,samsung,speaker,Loa trong / Loa ngoài rè,0,NO_SOURCE,250000,500000,320000,650000,450000,900000
samsung-galaxy-watch-6,Galaxy Watch 6 (40mm / 44mm),smartwatch,samsung,mic,Hỏng Micro (Nói không nghe),0,NO_SOURCE,250000,500000,320000,650000,450000,900000
samsung-galaxy-watch-6,Galaxy Watch 6 (40mm / 44mm),smartwatch,samsung,mainboard,Sửa mất nguồn / Lỗi Mainboard,0,NO_SOURCE,700000,1600000,910000,2100000,1250000,2900000
samsung-galaxy-watch-6,Galaxy Watch 6 (40mm / 44mm),smartwatch,samsung,water-damage,Cấp cứu máy vô nước / Rớt nước,0,NO_SOURCE,500000,1100000,650000,1450000,900000,2000000
samsung-galaxy-watch-6,Galaxy Watch 6 (40mm / 44mm),smartwatch,samsung,diagnostic,Kiểm tra chẩn đoán toàn diện,0,NO_SOURCE,0,0,0,0,0,0
samsung-galaxy-watch-5-pro,Galaxy Watch 5 Pro (45mm),smartwatch,samsung,screen,Thay màn hình hiển thị,0,NO_SOURCE,2200000,4500000,2850000,5850000,3950000,8100000
samsung-galaxy-watch-5-pro,Galaxy Watch 5 Pro (45mm),smartwatch,samsung,glass-press,Ép mặt kính / Kính cảm ứng,0,NO_SOURCE,950000,1800000,1250000,2350000,1700000,3250000
samsung-galaxy-watch-5-pro,Galaxy Watch 5 Pro (45mm),smartwatch,samsung,battery,Thay pin dung lượng cao / Pin Zin,0,NO_SOURCE,650000,1200000,840000,1550000,1150000,2150000
samsung-galaxy-watch-5-pro,Galaxy Watch 5 Pro (45mm),smartwatch,samsung,charging-port,Sửa chân sạc / Cổng kết nối,0,NO_SOURCE,450000,850000,580000,1100000,810000,1550000
samsung-galaxy-watch-5-pro,Galaxy Watch 5 Pro (45mm),smartwatch,samsung,speaker,Loa trong / Loa ngoài rè,0,NO_SOURCE,400000,750000,520000,980000,720000,1350000
samsung-galaxy-watch-5-pro,Galaxy Watch 5 Pro (45mm),smartwatch,samsung,mic,Hỏng Micro (Nói không nghe),0,NO_SOURCE,400000,750000,520000,980000,720000,1350000
samsung-galaxy-watch-5-pro,Galaxy Watch 5 Pro (45mm),smartwatch,samsung,mainboard,Sửa mất nguồn / Lỗi Mainboard,0,NO_SOURCE,1200000,2800000,1550000,3650000,2150000,5050000
samsung-galaxy-watch-5-pro,Galaxy Watch 5 Pro (45mm),smartwatch,samsung,water-damage,Cấp cứu máy vô nước / Rớt nước,0,NO_SOURCE,800000,1800000,1050000,2350000,1450000,3250000
samsung-galaxy-watch-5-pro,Galaxy Watch 5 Pro (45mm),smartwatch,samsung,diagnostic,Kiểm tra chẩn đoán toàn diện,0,NO_SOURCE,0,0,0,0,0,0
samsung-galaxy-watch-5,Galaxy Watch 5 (40mm / 44mm),smartwatch,samsung,screen,Thay màn hình hiển thị,0,NO_SOURCE,950000,2200000,1250000,2850000,1700000,3950000
samsung-galaxy-watch-5,Galaxy Watch 5 (40mm / 44mm),smartwatch,samsung,glass-press,Ép mặt kính / Kính cảm ứng,0,NO_SOURCE,450000,850000,580000,1100000,810000,1550000
samsung-galaxy-watch-5,Galaxy Watch 5 (40mm / 44mm),smartwatch,samsung,battery,Thay pin dung lượng cao / Pin Zin,0,NO_SOURCE,400000,750000,520000,980000,720000,1350000
samsung-galaxy-watch-5,Galaxy Watch 5 (40mm / 44mm),smartwatch,samsung,charging-port,Sửa chân sạc / Cổng kết nối,0,NO_SOURCE,300000,550000,390000,720000,540000,990000
samsung-galaxy-watch-5,Galaxy Watch 5 (40mm / 44mm),smartwatch,samsung,speaker,Loa trong / Loa ngoài rè,0,NO_SOURCE,250000,500000,320000,650000,450000,900000
samsung-galaxy-watch-5,Galaxy Watch 5 (40mm / 44mm),smartwatch,samsung,mic,Hỏng Micro (Nói không nghe),0,NO_SOURCE,250000,500000,320000,650000,450000,900000
samsung-galaxy-watch-5,Galaxy Watch 5 (40mm / 44mm),smartwatch,samsung,mainboard,Sửa mất nguồn / Lỗi Mainboard,0,NO_SOURCE,700000,1600000,910000,2100000,1250000,2900000
samsung-galaxy-watch-5,Galaxy Watch 5 (40mm / 44mm),smartwatch,samsung,water-damage,Cấp cứu máy vô nước / Rớt nước,0,NO_SOURCE,500000,1100000,650000,1450000,900000,2000000
samsung-galaxy-watch-5,Galaxy Watch 5 (40mm / 44mm),smartwatch,samsung,diagnostic,Kiểm tra chẩn đoán toàn diện,0,NO_SOURCE,0,0,0,0,0,0
samsung-galaxy-watch-4-classic,Galaxy Watch 4 Classic (42mm / 46mm),smartwatch,samsung,screen,Thay màn hình hiển thị,0,NO_SOURCE,450000,950000,580000,1250000,810000,1700000
samsung-galaxy-watch-4-classic,Galaxy Watch 4 Classic (42mm / 46mm),smartwatch,samsung,glass-press,Ép mặt kính / Kính cảm ứng,0,NO_SOURCE,250000,450000,320000,580000,450000,810000
samsung-galaxy-watch-4-classic,Galaxy Watch 4 Classic (42mm / 46mm),smartwatch,samsung,battery,Thay pin dung lượng cao / Pin Zin,0,NO_SOURCE,250000,450000,320000,580000,450000,810000
samsung-galaxy-watch-4-classic,Galaxy Watch 4 Classic (42mm / 46mm),smartwatch,samsung,charging-port,Sửa chân sạc / Cổng kết nối,0,NO_SOURCE,200000,400000,260000,520000,360000,720000
samsung-galaxy-watch-4-classic,Galaxy Watch 4 Classic (42mm / 46mm),smartwatch,samsung,speaker,Loa trong / Loa ngoài rè,0,NO_SOURCE,200000,350000,260000,460000,360000,630000
samsung-galaxy-watch-4-classic,Galaxy Watch 4 Classic (42mm / 46mm),smartwatch,samsung,mic,Hỏng Micro (Nói không nghe),0,NO_SOURCE,200000,350000,260000,460000,360000,630000
samsung-galaxy-watch-4-classic,Galaxy Watch 4 Classic (42mm / 46mm),smartwatch,samsung,mainboard,Sửa mất nguồn / Lỗi Mainboard,0,NO_SOURCE,450000,950000,580000,1250000,810000,1700000
samsung-galaxy-watch-4-classic,Galaxy Watch 4 Classic (42mm / 46mm),smartwatch,samsung,water-damage,Cấp cứu máy vô nước / Rớt nước,0,NO_SOURCE,350000,700000,460000,910000,630000,1250000
samsung-galaxy-watch-4-classic,Galaxy Watch 4 Classic (42mm / 46mm),smartwatch,samsung,diagnostic,Kiểm tra chẩn đoán toàn diện,0,NO_SOURCE,0,0,0,0,0,0
samsung-galaxy-watch-4,Galaxy Watch 4 (40mm / 44mm),smartwatch,samsung,screen,Thay màn hình hiển thị,0,NO_SOURCE,450000,950000,580000,1250000,810000,1700000
samsung-galaxy-watch-4,Galaxy Watch 4 (40mm / 44mm),smartwatch,samsung,glass-press,Ép mặt kính / Kính cảm ứng,0,NO_SOURCE,250000,450000,320000,580000,450000,810000
samsung-galaxy-watch-4,Galaxy Watch 4 (40mm / 44mm),smartwatch,samsung,battery,Thay pin dung lượng cao / Pin Zin,0,NO_SOURCE,250000,450000,320000,580000,450000,810000
samsung-galaxy-watch-4,Galaxy Watch 4 (40mm / 44mm),smartwatch,samsung,charging-port,Sửa chân sạc / Cổng kết nối,0,NO_SOURCE,200000,400000,260000,520000,360000,720000
samsung-galaxy-watch-4,Galaxy Watch 4 (40mm / 44mm),smartwatch,samsung,speaker,Loa trong / Loa ngoài rè,0,NO_SOURCE,200000,350000,260000,460000,360000,630000
samsung-galaxy-watch-4,Galaxy Watch 4 (40mm / 44mm),smartwatch,samsung,mic,Hỏng Micro (Nói không nghe),0,NO_SOURCE,200000,350000,260000,460000,360000,630000
samsung-galaxy-watch-4,Galaxy Watch 4 (40mm / 44mm),smartwatch,samsung,mainboard,Sửa mất nguồn / Lỗi Mainboard,0,NO_SOURCE,450000,950000,580000,1250000,810000,1700000
samsung-galaxy-watch-4,Galaxy Watch 4 (40mm / 44mm),smartwatch,samsung,water-damage,Cấp cứu máy vô nước / Rớt nước,0,NO_SOURCE,350000,700000,460000,910000,630000,1250000
samsung-galaxy-watch-4,Galaxy Watch 4 (40mm / 44mm),smartwatch,samsung,diagnostic,Kiểm tra chẩn đoán toàn diện,0,NO_SOURCE,0,0,0,0,0,0
apple-ipad-pro-13-m4-2024,iPad Pro 13 inch (M4 2024),tablet,apple,screen,Thay màn hình hiển thị,0,NO_SOURCE,3700000,8600000,4800000,11200000,6600000,15500000
apple-ipad-pro-13-m4-2024,iPad Pro 13 inch (M4 2024),tablet,apple,glass-press,Ép mặt kính / Kính cảm ứng,0,NO_SOURCE,1250000,2550000,1650000,3300000,2300000,4550000
apple-ipad-pro-13-m4-2024,iPad Pro 13 inch (M4 2024),tablet,apple,battery,Thay pin dung lượng cao / Pin Zin,0,NO_SOURCE,1100000,2050000,1400000,2700000,1950000,3750000
apple-ipad-pro-13-m4-2024,iPad Pro 13 inch (M4 2024),tablet,apple,charging-port,Sửa chân sạc / Cổng kết nối,0,NO_SOURCE,750000,1400000,970000,1800000,1350000,2500000
apple-ipad-pro-13-m4-2024,iPad Pro 13 inch (M4 2024),tablet,apple,mainboard,Sửa mất nguồn / Lỗi Mainboard,0,NO_SOURCE,1700000,4350000,2250000,5700000,3100000,7850000
apple-ipad-pro-13-m4-2024,iPad Pro 13 inch (M4 2024),tablet,apple,camera,Thay camera trước / sau,0,NO_SOURCE,920000,2050000,1200000,2700000,1650000,3750000
apple-ipad-pro-13-m4-2024,iPad Pro 13 inch (M4 2024),tablet,apple,speaker,Loa trong / Loa ngoài rè,0,NO_SOURCE,580000,1100000,750000,1400000,1050000,1950000
apple-ipad-pro-13-m4-2024,iPad Pro 13 inch (M4 2024),tablet,apple,mic,Hỏng Micro (Nói không nghe),0,NO_SOURCE,460000,860000,600000,1100000,830000,1550000
apple-ipad-pro-13-m4-2024,iPad Pro 13 inch (M4 2024),tablet,apple,water-damage,Cấp cứu máy vô nước / Rớt nước,0,NO_SOURCE,1100000,2750000,1400000,3600000,1950000,4950000
apple-ipad-pro-13-m4-2024,iPad Pro 13 inch (M4 2024),tablet,apple,data-recovery,Cứu dữ liệu ổ cứng & Bo mạch,0,NO_SOURCE,1100000,3450000,1400000,4500000,1950000,6200000
apple-ipad-pro-13-m4-2024,iPad Pro 13 inch (M4 2024),tablet,apple,diagnostic,Kiểm tra chẩn đoán toàn diện,0,NO_SOURCE,0,0,0,0,0,0
apple-ipad-pro-13-m4-2024,iPad Pro 13 inch (M4 2024),tablet,apple,pencil-charging,Lỗi sạc nam châm bút cảm ứng (Pencil/S-Pen),0,NO_SOURCE,800000,1500000,1050000,1950000,1450000,2700000
apple-ipad-pro-13-m4-2024,iPad Pro 13 inch (M4 2024),tablet,apple,face-id,Sửa Face ID / Cảm biến tiệm cận,0,NO_SOURCE,980000,1850000,1250000,2400000,1750000,3300000
apple-ipad-pro-11-m4-2024,iPad Pro 11 inch (M4 2024),tablet,apple,screen,Thay màn hình hiển thị,0,NO_SOURCE,3700000,8600000,4800000,11200000,6600000,15500000
apple-ipad-pro-11-m4-2024,iPad Pro 11 inch (M4 2024),tablet,apple,glass-press,Ép mặt kính / Kính cảm ứng,0,NO_SOURCE,1250000,2550000,1650000,3300000,2300000,4550000
apple-ipad-pro-11-m4-2024,iPad Pro 11 inch (M4 2024),tablet,apple,battery,Thay pin dung lượng cao / Pin Zin,0,NO_SOURCE,1100000,2050000,1400000,2700000,1950000,3750000
apple-ipad-pro-11-m4-2024,iPad Pro 11 inch (M4 2024),tablet,apple,charging-port,Sửa chân sạc / Cổng kết nối,0,NO_SOURCE,750000,1400000,970000,1800000,1350000,2500000
apple-ipad-pro-11-m4-2024,iPad Pro 11 inch (M4 2024),tablet,apple,mainboard,Sửa mất nguồn / Lỗi Mainboard,0,NO_SOURCE,1700000,4350000,2250000,5700000,3100000,7850000
apple-ipad-pro-11-m4-2024,iPad Pro 11 inch (M4 2024),tablet,apple,camera,Thay camera trước / sau,0,NO_SOURCE,920000,2050000,1200000,2700000,1650000,3750000
apple-ipad-pro-11-m4-2024,iPad Pro 11 inch (M4 2024),tablet,apple,speaker,Loa trong / Loa ngoài rè,0,NO_SOURCE,580000,1100000,750000,1400000,1050000,1950000
apple-ipad-pro-11-m4-2024,iPad Pro 11 inch (M4 2024),tablet,apple,mic,Hỏng Micro (Nói không nghe),0,NO_SOURCE,460000,860000,600000,1100000,830000,1550000
apple-ipad-pro-11-m4-2024,iPad Pro 11 inch (M4 2024),tablet,apple,water-damage,Cấp cứu máy vô nước / Rớt nước,0,NO_SOURCE,1100000,2750000,1400000,3600000,1950000,4950000
apple-ipad-pro-11-m4-2024,iPad Pro 11 inch (M4 2024),tablet,apple,data-recovery,Cứu dữ liệu ổ cứng & Bo mạch,0,NO_SOURCE,1100000,3450000,1400000,4500000,1950000,6200000
apple-ipad-pro-11-m4-2024,iPad Pro 11 inch (M4 2024),tablet,apple,diagnostic,Kiểm tra chẩn đoán toàn diện,0,NO_SOURCE,0,0,0,0,0,0
apple-ipad-pro-11-m4-2024,iPad Pro 11 inch (M4 2024),tablet,apple,pencil-charging,Lỗi sạc nam châm bút cảm ứng (Pencil/S-Pen),0,NO_SOURCE,800000,1500000,1050000,1950000,1450000,2700000
apple-ipad-pro-11-m4-2024,iPad Pro 11 inch (M4 2024),tablet,apple,face-id,Sửa Face ID / Cảm biến tiệm cận,0,NO_SOURCE,980000,1850000,1250000,2400000,1750000,3300000
apple-ipad-pro-12-9-m2-2022,iPad Pro 12.9 inch (M2 2022),tablet,apple,screen,Thay màn hình hiển thị,0,NO_SOURCE,3700000,8600000,4800000,11200000,6600000,15500000
apple-ipad-pro-12-9-m2-2022,iPad Pro 12.9 inch (M2 2022),tablet,apple,glass-press,Ép mặt kính / Kính cảm ứng,0,NO_SOURCE,1250000,2550000,1650000,3300000,2300000,4550000
apple-ipad-pro-12-9-m2-2022,iPad Pro 12.9 inch (M2 2022),tablet,apple,battery,Thay pin dung lượng cao / Pin Zin,0,NO_SOURCE,1100000,2050000,1400000,2700000,1950000,3750000
apple-ipad-pro-12-9-m2-2022,iPad Pro 12.9 inch (M2 2022),tablet,apple,charging-port,Sửa chân sạc / Cổng kết nối,0,NO_SOURCE,750000,1400000,970000,1800000,1350000,2500000
apple-ipad-pro-12-9-m2-2022,iPad Pro 12.9 inch (M2 2022),tablet,apple,mainboard,Sửa mất nguồn / Lỗi Mainboard,0,NO_SOURCE,1700000,4350000,2250000,5700000,3100000,7850000
apple-ipad-pro-12-9-m2-2022,iPad Pro 12.9 inch (M2 2022),tablet,apple,camera,Thay camera trước / sau,0,NO_SOURCE,920000,2050000,1200000,2700000,1650000,3750000
apple-ipad-pro-12-9-m2-2022,iPad Pro 12.9 inch (M2 2022),tablet,apple,speaker,Loa trong / Loa ngoài rè,0,NO_SOURCE,580000,1100000,750000,1400000,1050000,1950000
apple-ipad-pro-12-9-m2-2022,iPad Pro 12.9 inch (M2 2022),tablet,apple,mic,Hỏng Micro (Nói không nghe),0,NO_SOURCE,460000,860000,600000,1100000,830000,1550000
apple-ipad-pro-12-9-m2-2022,iPad Pro 12.9 inch (M2 2022),tablet,apple,water-damage,Cấp cứu máy vô nước / Rớt nước,0,NO_SOURCE,1100000,2750000,1400000,3600000,1950000,4950000
apple-ipad-pro-12-9-m2-2022,iPad Pro 12.9 inch (M2 2022),tablet,apple,data-recovery,Cứu dữ liệu ổ cứng & Bo mạch,0,NO_SOURCE,1100000,3450000,1400000,4500000,1950000,6200000
apple-ipad-pro-12-9-m2-2022,iPad Pro 12.9 inch (M2 2022),tablet,apple,diagnostic,Kiểm tra chẩn đoán toàn diện,0,NO_SOURCE,0,0,0,0,0,0
apple-ipad-pro-12-9-m2-2022,iPad Pro 12.9 inch (M2 2022),tablet,apple,pencil-charging,Lỗi sạc nam châm bút cảm ứng (Pencil/S-Pen),0,NO_SOURCE,800000,1500000,1050000,1950000,1450000,2700000
apple-ipad-pro-12-9-m2-2022,iPad Pro 12.9 inch (M2 2022),tablet,apple,face-id,Sửa Face ID / Cảm biến tiệm cận,0,NO_SOURCE,980000,1850000,1250000,2400000,1750000,3300000
apple-ipad-pro-11-m2-2022,iPad Pro 11 inch (M2 2022),tablet,apple,screen,Thay màn hình hiển thị,0,NO_SOURCE,3700000,8600000,4800000,11200000,6600000,15500000
apple-ipad-pro-11-m2-2022,iPad Pro 11 inch (M2 2022),tablet,apple,glass-press,Ép mặt kính / Kính cảm ứng,0,NO_SOURCE,1250000,2550000,1650000,3300000,2300000,4550000
apple-ipad-pro-11-m2-2022,iPad Pro 11 inch (M2 2022),tablet,apple,battery,Thay pin dung lượng cao / Pin Zin,0,NO_SOURCE,1100000,2050000,1400000,2700000,1950000,3750000
apple-ipad-pro-11-m2-2022,iPad Pro 11 inch (M2 2022),tablet,apple,charging-port,Sửa chân sạc / Cổng kết nối,0,NO_SOURCE,750000,1400000,970000,1800000,1350000,2500000
apple-ipad-pro-11-m2-2022,iPad Pro 11 inch (M2 2022),tablet,apple,mainboard,Sửa mất nguồn / Lỗi Mainboard,0,NO_SOURCE,1700000,4350000,2250000,5700000,3100000,7850000
apple-ipad-pro-11-m2-2022,iPad Pro 11 inch (M2 2022),tablet,apple,camera,Thay camera trước / sau,0,NO_SOURCE,920000,2050000,1200000,2700000,1650000,3750000
apple-ipad-pro-11-m2-2022,iPad Pro 11 inch (M2 2022),tablet,apple,speaker,Loa trong / Loa ngoài rè,0,NO_SOURCE,580000,1100000,750000,1400000,1050000,1950000
apple-ipad-pro-11-m2-2022,iPad Pro 11 inch (M2 2022),tablet,apple,mic,Hỏng Micro (Nói không nghe),0,NO_SOURCE,460000,860000,600000,1100000,830000,1550000
apple-ipad-pro-11-m2-2022,iPad Pro 11 inch (M2 2022),tablet,apple,water-damage,Cấp cứu máy vô nước / Rớt nước,0,NO_SOURCE,1100000,2750000,1400000,3600000,1950000,4950000
apple-ipad-pro-11-m2-2022,iPad Pro 11 inch (M2 2022),tablet,apple,data-recovery,Cứu dữ liệu ổ cứng & Bo mạch,0,NO_SOURCE,1100000,3450000,1400000,4500000,1950000,6200000
apple-ipad-pro-11-m2-2022,iPad Pro 11 inch (M2 2022),tablet,apple,diagnostic,Kiểm tra chẩn đoán toàn diện,0,NO_SOURCE,0,0,0,0,0,0
apple-ipad-pro-11-m2-2022,iPad Pro 11 inch (M2 2022),tablet,apple,pencil-charging,Lỗi sạc nam châm bút cảm ứng (Pencil/S-Pen),0,NO_SOURCE,800000,1500000,1050000,1950000,1450000,2700000
apple-ipad-pro-11-m2-2022,iPad Pro 11 inch (M2 2022),tablet,apple,face-id,Sửa Face ID / Cảm biến tiệm cận,0,NO_SOURCE,980000,1850000,1250000,2400000,1750000,3300000
apple-ipad-pro-12-9-m1-2021,iPad Pro 12.9 inch (M1 2021),tablet,apple,screen,Thay màn hình hiển thị,0,NO_SOURCE,3700000,8600000,4800000,11200000,6600000,15500000
apple-ipad-pro-12-9-m1-2021,iPad Pro 12.9 inch (M1 2021),tablet,apple,glass-press,Ép mặt kính / Kính cảm ứng,0,NO_SOURCE,1250000,2550000,1650000,3300000,2300000,4550000
apple-ipad-pro-12-9-m1-2021,iPad Pro 12.9 inch (M1 2021),tablet,apple,battery,Thay pin dung lượng cao / Pin Zin,0,NO_SOURCE,1100000,2050000,1400000,2700000,1950000,3750000
apple-ipad-pro-12-9-m1-2021,iPad Pro 12.9 inch (M1 2021),tablet,apple,charging-port,Sửa chân sạc / Cổng kết nối,0,NO_SOURCE,750000,1400000,970000,1800000,1350000,2500000
apple-ipad-pro-12-9-m1-2021,iPad Pro 12.9 inch (M1 2021),tablet,apple,mainboard,Sửa mất nguồn / Lỗi Mainboard,0,NO_SOURCE,1700000,4350000,2250000,5700000,3100000,7850000
apple-ipad-pro-12-9-m1-2021,iPad Pro 12.9 inch (M1 2021),tablet,apple,camera,Thay camera trước / sau,0,NO_SOURCE,920000,2050000,1200000,2700000,1650000,3750000
apple-ipad-pro-12-9-m1-2021,iPad Pro 12.9 inch (M1 2021),tablet,apple,speaker,Loa trong / Loa ngoài rè,0,NO_SOURCE,580000,1100000,750000,1400000,1050000,1950000
apple-ipad-pro-12-9-m1-2021,iPad Pro 12.9 inch (M1 2021),tablet,apple,mic,Hỏng Micro (Nói không nghe),0,NO_SOURCE,460000,860000,600000,1100000,830000,1550000
apple-ipad-pro-12-9-m1-2021,iPad Pro 12.9 inch (M1 2021),tablet,apple,water-damage,Cấp cứu máy vô nước / Rớt nước,0,NO_SOURCE,1100000,2750000,1400000,3600000,1950000,4950000
apple-ipad-pro-12-9-m1-2021,iPad Pro 12.9 inch (M1 2021),tablet,apple,data-recovery,Cứu dữ liệu ổ cứng & Bo mạch,0,NO_SOURCE,1100000,3450000,1400000,4500000,1950000,6200000
apple-ipad-pro-12-9-m1-2021,iPad Pro 12.9 inch (M1 2021),tablet,apple,diagnostic,Kiểm tra chẩn đoán toàn diện,0,NO_SOURCE,0,0,0,0,0,0
apple-ipad-pro-12-9-m1-2021,iPad Pro 12.9 inch (M1 2021),tablet,apple,pencil-charging,Lỗi sạc nam châm bút cảm ứng (Pencil/S-Pen),0,NO_SOURCE,800000,1500000,1050000,1950000,1450000,2700000
apple-ipad-pro-12-9-m1-2021,iPad Pro 12.9 inch (M1 2021),tablet,apple,face-id,Sửa Face ID / Cảm biến tiệm cận,0,NO_SOURCE,980000,1850000,1250000,2400000,1750000,3300000
apple-ipad-pro-11-m1-2021,iPad Pro 11 inch (M1 2021),tablet,apple,screen,Thay màn hình hiển thị,0,NO_SOURCE,3700000,8600000,4800000,11200000,6600000,15500000
apple-ipad-pro-11-m1-2021,iPad Pro 11 inch (M1 2021),tablet,apple,glass-press,Ép mặt kính / Kính cảm ứng,0,NO_SOURCE,1250000,2550000,1650000,3300000,2300000,4550000
apple-ipad-pro-11-m1-2021,iPad Pro 11 inch (M1 2021),tablet,apple,battery,Thay pin dung lượng cao / Pin Zin,0,NO_SOURCE,1100000,2050000,1400000,2700000,1950000,3750000
apple-ipad-pro-11-m1-2021,iPad Pro 11 inch (M1 2021),tablet,apple,charging-port,Sửa chân sạc / Cổng kết nối,0,NO_SOURCE,750000,1400000,970000,1800000,1350000,2500000
apple-ipad-pro-11-m1-2021,iPad Pro 11 inch (M1 2021),tablet,apple,mainboard,Sửa mất nguồn / Lỗi Mainboard,0,NO_SOURCE,1700000,4350000,2250000,5700000,3100000,7850000
apple-ipad-pro-11-m1-2021,iPad Pro 11 inch (M1 2021),tablet,apple,camera,Thay camera trước / sau,0,NO_SOURCE,920000,2050000,1200000,2700000,1650000,3750000
apple-ipad-pro-11-m1-2021,iPad Pro 11 inch (M1 2021),tablet,apple,speaker,Loa trong / Loa ngoài rè,0,NO_SOURCE,580000,1100000,750000,1400000,1050000,1950000
apple-ipad-pro-11-m1-2021,iPad Pro 11 inch (M1 2021),tablet,apple,mic,Hỏng Micro (Nói không nghe),0,NO_SOURCE,460000,860000,600000,1100000,830000,1550000
apple-ipad-pro-11-m1-2021,iPad Pro 11 inch (M1 2021),tablet,apple,water-damage,Cấp cứu máy vô nước / Rớt nước,0,NO_SOURCE,1100000,2750000,1400000,3600000,1950000,4950000
apple-ipad-pro-11-m1-2021,iPad Pro 11 inch (M1 2021),tablet,apple,data-recovery,Cứu dữ liệu ổ cứng & Bo mạch,0,NO_SOURCE,1100000,3450000,1400000,4500000,1950000,6200000
apple-ipad-pro-11-m1-2021,iPad Pro 11 inch (M1 2021),tablet,apple,diagnostic,Kiểm tra chẩn đoán toàn diện,0,NO_SOURCE,0,0,0,0,0,0
apple-ipad-pro-11-m1-2021,iPad Pro 11 inch (M1 2021),tablet,apple,pencil-charging,Lỗi sạc nam châm bút cảm ứng (Pencil/S-Pen),0,NO_SOURCE,800000,1500000,1050000,1950000,1450000,2700000
apple-ipad-pro-11-m1-2021,iPad Pro 11 inch (M1 2021),tablet,apple,face-id,Sửa Face ID / Cảm biến tiệm cận,0,NO_SOURCE,980000,1850000,1250000,2400000,1750000,3300000
apple-ipad-air-13-m2-2024,iPad Air 13 inch (M2 2024),tablet,apple,screen,Thay màn hình hiển thị,0,NO_SOURCE,1850000,3700000,2400000,4800000,3300000,6600000
apple-ipad-air-13-m2-2024,iPad Air 13 inch (M2 2024),tablet,apple,glass-press,Ép mặt kính / Kính cảm ứng,0,NO_SOURCE,750000,1400000,970000,1800000,1350000,2500000
apple-ipad-air-13-m2-2024,iPad Air 13 inch (M2 2024),tablet,apple,battery,Thay pin dung lượng cao / Pin Zin,0,NO_SOURCE,690000,1250000,900000,1650000,1250000,2300000
apple-ipad-air-13-m2-2024,iPad Air 13 inch (M2 2024),tablet,apple,charging-port,Sửa chân sạc / Cổng kết nối,0,NO_SOURCE,520000,920000,670000,1200000,930000,1650000
apple-ipad-air-13-m2-2024,iPad Air 13 inch (M2 2024),tablet,apple,mainboard,Sửa mất nguồn / Lỗi Mainboard,0,NO_SOURCE,1100000,2550000,1400000,3300000,1950000,4550000
apple-ipad-air-13-m2-2024,iPad Air 13 inch (M2 2024),tablet,apple,camera,Thay camera trước / sau,0,NO_SOURCE,580000,1250000,750000,1650000,1050000,2300000
apple-ipad-air-13-m2-2024,iPad Air 13 inch (M2 2024),tablet,apple,speaker,Loa trong / Loa ngoài rè,0,NO_SOURCE,400000,750000,520000,970000,720000,1350000
apple-ipad-air-13-m2-2024,iPad Air 13 inch (M2 2024),tablet,apple,mic,Hỏng Micro (Nói không nghe),0,NO_SOURCE,340000,630000,450000,820000,620000,1150000
apple-ipad-air-13-m2-2024,iPad Air 13 inch (M2 2024),tablet,apple,water-damage,Cấp cứu máy vô nước / Rớt nước,0,NO_SOURCE,750000,1700000,970000,2250000,1350000,3100000
apple-ipad-air-13-m2-2024,iPad Air 13 inch (M2 2024),tablet,apple,data-recovery,Cứu dữ liệu ổ cứng & Bo mạch,0,NO_SOURCE,800000,2300000,1050000,3000000,1450000,4150000
apple-ipad-air-13-m2-2024,iPad Air 13 inch (M2 2024),tablet,apple,diagnostic,Kiểm tra chẩn đoán toàn diện,0,NO_SOURCE,0,0,0,0,0,0
apple-ipad-air-13-m2-2024,iPad Air 13 inch (M2 2024),tablet,apple,pencil-charging,Lỗi sạc nam châm bút cảm ứng (Pencil/S-Pen),0,NO_SOURCE,580000,1050000,750000,1350000,1050000,1850000
apple-ipad-air-11-m2-2024,iPad Air 11 inch (M2 2024),tablet,apple,screen,Thay màn hình hiển thị,0,NO_SOURCE,1850000,3700000,2400000,4800000,3300000,6600000
apple-ipad-air-11-m2-2024,iPad Air 11 inch (M2 2024),tablet,apple,glass-press,Ép mặt kính / Kính cảm ứng,0,NO_SOURCE,750000,1400000,970000,1800000,1350000,2500000
apple-ipad-air-11-m2-2024,iPad Air 11 inch (M2 2024),tablet,apple,battery,Thay pin dung lượng cao / Pin Zin,0,NO_SOURCE,690000,1250000,900000,1650000,1250000,2300000
apple-ipad-air-11-m2-2024,iPad Air 11 inch (M2 2024),tablet,apple,charging-port,Sửa chân sạc / Cổng kết nối,0,NO_SOURCE,520000,920000,670000,1200000,930000,1650000
apple-ipad-air-11-m2-2024,iPad Air 11 inch (M2 2024),tablet,apple,mainboard,Sửa mất nguồn / Lỗi Mainboard,0,NO_SOURCE,1100000,2550000,1400000,3300000,1950000,4550000
apple-ipad-air-11-m2-2024,iPad Air 11 inch (M2 2024),tablet,apple,camera,Thay camera trước / sau,0,NO_SOURCE,580000,1250000,750000,1650000,1050000,2300000
apple-ipad-air-11-m2-2024,iPad Air 11 inch (M2 2024),tablet,apple,speaker,Loa trong / Loa ngoài rè,0,NO_SOURCE,400000,750000,520000,970000,720000,1350000
apple-ipad-air-11-m2-2024,iPad Air 11 inch (M2 2024),tablet,apple,mic,Hỏng Micro (Nói không nghe),0,NO_SOURCE,340000,630000,450000,820000,620000,1150000
apple-ipad-air-11-m2-2024,iPad Air 11 inch (M2 2024),tablet,apple,water-damage,Cấp cứu máy vô nước / Rớt nước,0,NO_SOURCE,750000,1700000,970000,2250000,1350000,3100000
apple-ipad-air-11-m2-2024,iPad Air 11 inch (M2 2024),tablet,apple,data-recovery,Cứu dữ liệu ổ cứng & Bo mạch,0,NO_SOURCE,800000,2300000,1050000,3000000,1450000,4150000
apple-ipad-air-11-m2-2024,iPad Air 11 inch (M2 2024),tablet,apple,diagnostic,Kiểm tra chẩn đoán toàn diện,0,NO_SOURCE,0,0,0,0,0,0
apple-ipad-air-11-m2-2024,iPad Air 11 inch (M2 2024),tablet,apple,pencil-charging,Lỗi sạc nam châm bút cảm ứng (Pencil/S-Pen),0,NO_SOURCE,580000,1050000,750000,1350000,1050000,1850000
apple-ipad-air-5-m1-2022,iPad Air 5 (M1 2022),tablet,apple,screen,Thay màn hình hiển thị,0,NO_SOURCE,1850000,3700000,2400000,4800000,3300000,6600000
apple-ipad-air-5-m1-2022,iPad Air 5 (M1 2022),tablet,apple,glass-press,Ép mặt kính / Kính cảm ứng,0,NO_SOURCE,750000,1400000,970000,1800000,1350000,2500000
apple-ipad-air-5-m1-2022,iPad Air 5 (M1 2022),tablet,apple,battery,Thay pin dung lượng cao / Pin Zin,0,NO_SOURCE,690000,1250000,900000,1650000,1250000,2300000
apple-ipad-air-5-m1-2022,iPad Air 5 (M1 2022),tablet,apple,charging-port,Sửa chân sạc / Cổng kết nối,0,NO_SOURCE,520000,920000,670000,1200000,930000,1650000
apple-ipad-air-5-m1-2022,iPad Air 5 (M1 2022),tablet,apple,mainboard,Sửa mất nguồn / Lỗi Mainboard,0,NO_SOURCE,1100000,2550000,1400000,3300000,1950000,4550000
apple-ipad-air-5-m1-2022,iPad Air 5 (M1 2022),tablet,apple,camera,Thay camera trước / sau,0,NO_SOURCE,580000,1250000,750000,1650000,1050000,2300000
apple-ipad-air-5-m1-2022,iPad Air 5 (M1 2022),tablet,apple,speaker,Loa trong / Loa ngoài rè,0,NO_SOURCE,400000,750000,520000,970000,720000,1350000
apple-ipad-air-5-m1-2022,iPad Air 5 (M1 2022),tablet,apple,mic,Hỏng Micro (Nói không nghe),0,NO_SOURCE,340000,630000,450000,820000,620000,1150000
apple-ipad-air-5-m1-2022,iPad Air 5 (M1 2022),tablet,apple,water-damage,Cấp cứu máy vô nước / Rớt nước,0,NO_SOURCE,750000,1700000,970000,2250000,1350000,3100000
apple-ipad-air-5-m1-2022,iPad Air 5 (M1 2022),tablet,apple,data-recovery,Cứu dữ liệu ổ cứng & Bo mạch,0,NO_SOURCE,800000,2300000,1050000,3000000,1450000,4150000
apple-ipad-air-5-m1-2022,iPad Air 5 (M1 2022),tablet,apple,diagnostic,Kiểm tra chẩn đoán toàn diện,0,NO_SOURCE,0,0,0,0,0,0
apple-ipad-air-5-m1-2022,iPad Air 5 (M1 2022),tablet,apple,pencil-charging,Lỗi sạc nam châm bút cảm ứng (Pencil/S-Pen),0,NO_SOURCE,580000,1050000,750000,1350000,1050000,1850000
apple-ipad-air-4-2020,iPad Air 4 (2020),tablet,apple,screen,Thay màn hình hiển thị,0,NO_SOURCE,1850000,3700000,2400000,4800000,3300000,6600000
apple-ipad-air-4-2020,iPad Air 4 (2020),tablet,apple,glass-press,Ép mặt kính / Kính cảm ứng,0,NO_SOURCE,750000,1400000,970000,1800000,1350000,2500000
apple-ipad-air-4-2020,iPad Air 4 (2020),tablet,apple,battery,Thay pin dung lượng cao / Pin Zin,0,NO_SOURCE,690000,1250000,900000,1650000,1250000,2300000
apple-ipad-air-4-2020,iPad Air 4 (2020),tablet,apple,charging-port,Sửa chân sạc / Cổng kết nối,0,NO_SOURCE,520000,920000,670000,1200000,930000,1650000
apple-ipad-air-4-2020,iPad Air 4 (2020),tablet,apple,mainboard,Sửa mất nguồn / Lỗi Mainboard,0,NO_SOURCE,1100000,2550000,1400000,3300000,1950000,4550000
apple-ipad-air-4-2020,iPad Air 4 (2020),tablet,apple,camera,Thay camera trước / sau,0,NO_SOURCE,580000,1250000,750000,1650000,1050000,2300000
apple-ipad-air-4-2020,iPad Air 4 (2020),tablet,apple,speaker,Loa trong / Loa ngoài rè,0,NO_SOURCE,400000,750000,520000,970000,720000,1350000
apple-ipad-air-4-2020,iPad Air 4 (2020),tablet,apple,mic,Hỏng Micro (Nói không nghe),0,NO_SOURCE,340000,630000,450000,820000,620000,1150000
apple-ipad-air-4-2020,iPad Air 4 (2020),tablet,apple,water-damage,Cấp cứu máy vô nước / Rớt nước,0,NO_SOURCE,750000,1700000,970000,2250000,1350000,3100000
apple-ipad-air-4-2020,iPad Air 4 (2020),tablet,apple,data-recovery,Cứu dữ liệu ổ cứng & Bo mạch,0,NO_SOURCE,800000,2300000,1050000,3000000,1450000,4150000
apple-ipad-air-4-2020,iPad Air 4 (2020),tablet,apple,diagnostic,Kiểm tra chẩn đoán toàn diện,0,NO_SOURCE,0,0,0,0,0,0
apple-ipad-air-4-2020,iPad Air 4 (2020),tablet,apple,pencil-charging,Lỗi sạc nam châm bút cảm ứng (Pencil/S-Pen),0,NO_SOURCE,580000,1050000,750000,1350000,1050000,1850000
apple-ipad-gen-10-2022,iPad Gen 10 10.9 inch (2022),tablet,apple,screen,Thay màn hình hiển thị,0,NO_SOURCE,860000,1700000,1100000,2250000,1550000,3100000
apple-ipad-gen-10-2022,iPad Gen 10 10.9 inch (2022),tablet,apple,glass-press,Ép mặt kính / Kính cảm ứng,0,NO_SOURCE,400000,750000,520000,970000,720000,1350000
apple-ipad-gen-10-2022,iPad Gen 10 10.9 inch (2022),tablet,apple,battery,Thay pin dung lượng cao / Pin Zin,0,NO_SOURCE,460000,860000,600000,1100000,830000,1550000
apple-ipad-gen-10-2022,iPad Gen 10 10.9 inch (2022),tablet,apple,charging-port,Sửa chân sạc / Cổng kết nối,0,NO_SOURCE,340000,630000,450000,820000,620000,1150000
apple-ipad-gen-10-2022,iPad Gen 10 10.9 inch (2022),tablet,apple,mainboard,Sửa mất nguồn / Lỗi Mainboard,0,NO_SOURCE,690000,1600000,900000,2100000,1250000,2900000
apple-ipad-gen-10-2022,iPad Gen 10 10.9 inch (2022),tablet,apple,camera,Thay camera trước / sau,0,NO_SOURCE,400000,750000,520000,970000,720000,1350000
apple-ipad-gen-10-2022,iPad Gen 10 10.9 inch (2022),tablet,apple,speaker,Loa trong / Loa ngoài rè,0,NO_SOURCE,290000,520000,370000,670000,520000,930000
apple-ipad-gen-10-2022,iPad Gen 10 10.9 inch (2022),tablet,apple,mic,Hỏng Micro (Nói không nghe),0,NO_SOURCE,290000,520000,370000,670000,520000,930000
apple-ipad-gen-10-2022,iPad Gen 10 10.9 inch (2022),tablet,apple,water-damage,Cấp cứu máy vô nước / Rớt nước,0,NO_SOURCE,520000,1150000,670000,1500000,930000,2050000
apple-ipad-gen-10-2022,iPad Gen 10 10.9 inch (2022),tablet,apple,data-recovery,Cứu dữ liệu ổ cứng & Bo mạch,0,NO_SOURCE,580000,1600000,750000,2100000,1050000,2900000
apple-ipad-gen-10-2022,iPad Gen 10 10.9 inch (2022),tablet,apple,diagnostic,Kiểm tra chẩn đoán toàn diện,0,NO_SOURCE,0,0,0,0,0,0
apple-ipad-gen-9-2021,iPad Gen 9 10.2 inch (2021),tablet,apple,screen,Thay màn hình hiển thị,0,NO_SOURCE,860000,1700000,1100000,2250000,1550000,3100000
apple-ipad-gen-9-2021,iPad Gen 9 10.2 inch (2021),tablet,apple,glass-press,Ép mặt kính / Kính cảm ứng,0,NO_SOURCE,400000,750000,520000,970000,720000,1350000
apple-ipad-gen-9-2021,iPad Gen 9 10.2 inch (2021),tablet,apple,battery,Thay pin dung lượng cao / Pin Zin,0,NO_SOURCE,460000,860000,600000,1100000,830000,1550000
apple-ipad-gen-9-2021,iPad Gen 9 10.2 inch (2021),tablet,apple,charging-port,Sửa chân sạc / Cổng kết nối,0,NO_SOURCE,340000,630000,450000,820000,620000,1150000
apple-ipad-gen-9-2021,iPad Gen 9 10.2 inch (2021),tablet,apple,mainboard,Sửa mất nguồn / Lỗi Mainboard,0,NO_SOURCE,690000,1600000,900000,2100000,1250000,2900000
apple-ipad-gen-9-2021,iPad Gen 9 10.2 inch (2021),tablet,apple,camera,Thay camera trước / sau,0,NO_SOURCE,400000,750000,520000,970000,720000,1350000
apple-ipad-gen-9-2021,iPad Gen 9 10.2 inch (2021),tablet,apple,speaker,Loa trong / Loa ngoài rè,0,NO_SOURCE,290000,520000,370000,670000,520000,930000
apple-ipad-gen-9-2021,iPad Gen 9 10.2 inch (2021),tablet,apple,mic,Hỏng Micro (Nói không nghe),0,NO_SOURCE,290000,520000,370000,670000,520000,930000
apple-ipad-gen-9-2021,iPad Gen 9 10.2 inch (2021),tablet,apple,water-damage,Cấp cứu máy vô nước / Rớt nước,0,NO_SOURCE,520000,1150000,670000,1500000,930000,2050000
apple-ipad-gen-9-2021,iPad Gen 9 10.2 inch (2021),tablet,apple,data-recovery,Cứu dữ liệu ổ cứng & Bo mạch,0,NO_SOURCE,580000,1600000,750000,2100000,1050000,2900000
apple-ipad-gen-9-2021,iPad Gen 9 10.2 inch (2021),tablet,apple,diagnostic,Kiểm tra chẩn đoán toàn diện,0,NO_SOURCE,0,0,0,0,0,0
apple-ipad-gen-8-2020,iPad Gen 8 10.2 inch (2020),tablet,apple,screen,Thay màn hình hiển thị,0,NO_SOURCE,860000,1700000,1100000,2250000,1550000,3100000
apple-ipad-gen-8-2020,iPad Gen 8 10.2 inch (2020),tablet,apple,glass-press,Ép mặt kính / Kính cảm ứng,0,NO_SOURCE,400000,750000,520000,970000,720000,1350000
apple-ipad-gen-8-2020,iPad Gen 8 10.2 inch (2020),tablet,apple,battery,Thay pin dung lượng cao / Pin Zin,0,NO_SOURCE,460000,860000,600000,1100000,830000,1550000
apple-ipad-gen-8-2020,iPad Gen 8 10.2 inch (2020),tablet,apple,charging-port,Sửa chân sạc / Cổng kết nối,0,NO_SOURCE,340000,630000,450000,820000,620000,1150000
apple-ipad-gen-8-2020,iPad Gen 8 10.2 inch (2020),tablet,apple,mainboard,Sửa mất nguồn / Lỗi Mainboard,0,NO_SOURCE,690000,1600000,900000,2100000,1250000,2900000
apple-ipad-gen-8-2020,iPad Gen 8 10.2 inch (2020),tablet,apple,camera,Thay camera trước / sau,0,NO_SOURCE,400000,750000,520000,970000,720000,1350000
apple-ipad-gen-8-2020,iPad Gen 8 10.2 inch (2020),tablet,apple,speaker,Loa trong / Loa ngoài rè,0,NO_SOURCE,290000,520000,370000,670000,520000,930000
apple-ipad-gen-8-2020,iPad Gen 8 10.2 inch (2020),tablet,apple,mic,Hỏng Micro (Nói không nghe),0,NO_SOURCE,290000,520000,370000,670000,520000,930000
apple-ipad-gen-8-2020,iPad Gen 8 10.2 inch (2020),tablet,apple,water-damage,Cấp cứu máy vô nước / Rớt nước,0,NO_SOURCE,520000,1150000,670000,1500000,930000,2050000
apple-ipad-gen-8-2020,iPad Gen 8 10.2 inch (2020),tablet,apple,data-recovery,Cứu dữ liệu ổ cứng & Bo mạch,0,NO_SOURCE,580000,1600000,750000,2100000,1050000,2900000
apple-ipad-gen-8-2020,iPad Gen 8 10.2 inch (2020),tablet,apple,diagnostic,Kiểm tra chẩn đoán toàn diện,0,NO_SOURCE,0,0,0,0,0,0
apple-ipad-mini-6-2021,iPad Mini 6 8.3 inch (2021),tablet,apple,screen,Thay màn hình hiển thị,0,NO_SOURCE,1850000,3700000,2400000,4800000,3300000,6600000
apple-ipad-mini-6-2021,iPad Mini 6 8.3 inch (2021),tablet,apple,glass-press,Ép mặt kính / Kính cảm ứng,0,NO_SOURCE,750000,1400000,970000,1800000,1350000,2500000
apple-ipad-mini-6-2021,iPad Mini 6 8.3 inch (2021),tablet,apple,battery,Thay pin dung lượng cao / Pin Zin,0,NO_SOURCE,690000,1250000,900000,1650000,1250000,2300000
apple-ipad-mini-6-2021,iPad Mini 6 8.3 inch (2021),tablet,apple,charging-port,Sửa chân sạc / Cổng kết nối,0,NO_SOURCE,520000,920000,670000,1200000,930000,1650000
apple-ipad-mini-6-2021,iPad Mini 6 8.3 inch (2021),tablet,apple,mainboard,Sửa mất nguồn / Lỗi Mainboard,0,NO_SOURCE,1100000,2550000,1400000,3300000,1950000,4550000
apple-ipad-mini-6-2021,iPad Mini 6 8.3 inch (2021),tablet,apple,camera,Thay camera trước / sau,0,NO_SOURCE,580000,1250000,750000,1650000,1050000,2300000
apple-ipad-mini-6-2021,iPad Mini 6 8.3 inch (2021),tablet,apple,speaker,Loa trong / Loa ngoài rè,0,NO_SOURCE,400000,750000,520000,970000,720000,1350000
apple-ipad-mini-6-2021,iPad Mini 6 8.3 inch (2021),tablet,apple,mic,Hỏng Micro (Nói không nghe),0,NO_SOURCE,340000,630000,450000,820000,620000,1150000
apple-ipad-mini-6-2021,iPad Mini 6 8.3 inch (2021),tablet,apple,water-damage,Cấp cứu máy vô nước / Rớt nước,0,NO_SOURCE,750000,1700000,970000,2250000,1350000,3100000
apple-ipad-mini-6-2021,iPad Mini 6 8.3 inch (2021),tablet,apple,data-recovery,Cứu dữ liệu ổ cứng & Bo mạch,0,NO_SOURCE,800000,2300000,1050000,3000000,1450000,4150000
apple-ipad-mini-6-2021,iPad Mini 6 8.3 inch (2021),tablet,apple,diagnostic,Kiểm tra chẩn đoán toàn diện,0,NO_SOURCE,0,0,0,0,0,0
apple-ipad-mini-6-2021,iPad Mini 6 8.3 inch (2021),tablet,apple,pencil-charging,Lỗi sạc nam châm bút cảm ứng (Pencil/S-Pen),0,NO_SOURCE,580000,1050000,750000,1350000,1050000,1850000
lenovo-tab-p11-pro-gen-2,Lenovo Tab P11 Pro Gen 2,tablet,others,screen,Thay màn hình hiển thị,0,NO_SOURCE,1600000,3200000,2100000,4150000,2900000,5750000
lenovo-tab-p11-pro-gen-2,Lenovo Tab P11 Pro Gen 2,tablet,others,glass-press,Ép mặt kính / Kính cảm ứng,0,NO_SOURCE,650000,1200000,840000,1550000,1150000,2150000
lenovo-tab-p11-pro-gen-2,Lenovo Tab P11 Pro Gen 2,tablet,others,battery,Thay pin dung lượng cao / Pin Zin,0,NO_SOURCE,600000,1100000,780000,1450000,1100000,2000000
lenovo-tab-p11-pro-gen-2,Lenovo Tab P11 Pro Gen 2,tablet,others,charging-port,Sửa chân sạc / Cổng kết nối,0,NO_SOURCE,450000,800000,580000,1050000,810000,1450000
lenovo-tab-p11-pro-gen-2,Lenovo Tab P11 Pro Gen 2,tablet,others,mainboard,Sửa mất nguồn / Lỗi Mainboard,0,NO_SOURCE,950000,2200000,1250000,2850000,1700000,3950000
lenovo-tab-p11-pro-gen-2,Lenovo Tab P11 Pro Gen 2,tablet,others,camera,Thay camera trước / sau,0,NO_SOURCE,500000,1100000,650000,1450000,900000,2000000
lenovo-tab-p11-pro-gen-2,Lenovo Tab P11 Pro Gen 2,tablet,others,speaker,Loa trong / Loa ngoài rè,0,NO_SOURCE,350000,650000,460000,840000,630000,1150000
lenovo-tab-p11-pro-gen-2,Lenovo Tab P11 Pro Gen 2,tablet,others,mic,Hỏng Micro (Nói không nghe),0,NO_SOURCE,300000,550000,390000,720000,540000,990000
lenovo-tab-p11-pro-gen-2,Lenovo Tab P11 Pro Gen 2,tablet,others,water-damage,Cấp cứu máy vô nước / Rớt nước,0,NO_SOURCE,650000,1500000,840000,1950000,1150000,2700000
lenovo-tab-p11-pro-gen-2,Lenovo Tab P11 Pro Gen 2,tablet,others,data-recovery,Cứu dữ liệu ổ cứng & Bo mạch,0,NO_SOURCE,700000,2000000,910000,2600000,1250000,3600000
lenovo-tab-p11-pro-gen-2,Lenovo Tab P11 Pro Gen 2,tablet,others,diagnostic,Kiểm tra chẩn đoán toàn diện,0,NO_SOURCE,0,0,0,0,0,0
lenovo-tab-p11-pro-gen-2,Lenovo Tab P11 Pro Gen 2,tablet,others,pencil-charging,Lỗi sạc nam châm bút cảm ứng (Pencil/S-Pen),0,NO_SOURCE,500000,900000,650000,1150000,900000,1600000
microsoft-surface-pro-8,Microsoft Surface Pro 8,tablet,others,screen,Thay màn hình hiển thị,0,NO_SOURCE,3200000,7500000,4150000,9750000,5750000,13500000
microsoft-surface-pro-8,Microsoft Surface Pro 8,tablet,others,glass-press,Ép mặt kính / Kính cảm ứng,0,NO_SOURCE,1100000,2200000,1450000,2850000,2000000,3950000
microsoft-surface-pro-8,Microsoft Surface Pro 8,tablet,others,battery,Thay pin dung lượng cao / Pin Zin,0,NO_SOURCE,950000,1800000,1250000,2350000,1700000,3250000
microsoft-surface-pro-8,Microsoft Surface Pro 8,tablet,others,charging-port,Sửa chân sạc / Cổng kết nối,0,NO_SOURCE,650000,1200000,840000,1550000,1150000,2150000
microsoft-surface-pro-8,Microsoft Surface Pro 8,tablet,others,mainboard,Sửa mất nguồn / Lỗi Mainboard,0,NO_SOURCE,1500000,3800000,1950000,4950000,2700000,6850000
microsoft-surface-pro-8,Microsoft Surface Pro 8,tablet,others,camera,Thay camera trước / sau,0,NO_SOURCE,800000,1800000,1050000,2350000,1450000,3250000
microsoft-surface-pro-8,Microsoft Surface Pro 8,tablet,others,speaker,Loa trong / Loa ngoài rè,0,NO_SOURCE,500000,950000,650000,1250000,900000,1700000
microsoft-surface-pro-8,Microsoft Surface Pro 8,tablet,others,mic,Hỏng Micro (Nói không nghe),0,NO_SOURCE,400000,750000,520000,980000,720000,1350000
microsoft-surface-pro-8,Microsoft Surface Pro 8,tablet,others,hinge-body,Sửa gãy bản lề / Vỏ khung sườn,0,NO_SOURCE,900000,1800000,1150000,2350000,1600000,3250000
microsoft-surface-pro-8,Microsoft Surface Pro 8,tablet,others,water-damage,Cấp cứu máy vô nước / Rớt nước,0,NO_SOURCE,950000,2400000,1250000,3100000,1700000,4300000
microsoft-surface-pro-8,Microsoft Surface Pro 8,tablet,others,data-recovery,Cứu dữ liệu ổ cứng & Bo mạch,0,NO_SOURCE,950000,3000000,1250000,3900000,1700000,5400000
microsoft-surface-pro-8,Microsoft Surface Pro 8,tablet,others,diagnostic,Kiểm tra chẩn đoán toàn diện,0,NO_SOURCE,0,0,0,0,0,0
microsoft-surface-pro-8,Microsoft Surface Pro 8,tablet,others,pencil-charging,Lỗi sạc nam châm bút cảm ứng (Pencil/S-Pen),0,NO_SOURCE,700000,1300000,910000,1700000,1250000,2350000
huawei-matepad-11-5-papermatte,Huawei MatePad 11.5 PaperMatte,tablet,others,screen,Thay màn hình hiển thị,0,NO_SOURCE,1600000,3200000,2100000,4150000,2900000,5750000
huawei-matepad-11-5-papermatte,Huawei MatePad 11.5 PaperMatte,tablet,others,glass-press,Ép mặt kính / Kính cảm ứng,0,NO_SOURCE,650000,1200000,840000,1550000,1150000,2150000
huawei-matepad-11-5-papermatte,Huawei MatePad 11.5 PaperMatte,tablet,others,battery,Thay pin dung lượng cao / Pin Zin,0,NO_SOURCE,600000,1100000,780000,1450000,1100000,2000000
huawei-matepad-11-5-papermatte,Huawei MatePad 11.5 PaperMatte,tablet,others,charging-port,Sửa chân sạc / Cổng kết nối,0,NO_SOURCE,450000,800000,580000,1050000,810000,1450000
huawei-matepad-11-5-papermatte,Huawei MatePad 11.5 PaperMatte,tablet,others,mainboard,Sửa mất nguồn / Lỗi Mainboard,0,NO_SOURCE,950000,2200000,1250000,2850000,1700000,3950000
huawei-matepad-11-5-papermatte,Huawei MatePad 11.5 PaperMatte,tablet,others,camera,Thay camera trước / sau,0,NO_SOURCE,500000,1100000,650000,1450000,900000,2000000
huawei-matepad-11-5-papermatte,Huawei MatePad 11.5 PaperMatte,tablet,others,speaker,Loa trong / Loa ngoài rè,0,NO_SOURCE,350000,650000,460000,840000,630000,1150000
huawei-matepad-11-5-papermatte,Huawei MatePad 11.5 PaperMatte,tablet,others,mic,Hỏng Micro (Nói không nghe),0,NO_SOURCE,300000,550000,390000,720000,540000,990000
huawei-matepad-11-5-papermatte,Huawei MatePad 11.5 PaperMatte,tablet,others,water-damage,Cấp cứu máy vô nước / Rớt nước,0,NO_SOURCE,650000,1500000,840000,1950000,1150000,2700000
huawei-matepad-11-5-papermatte,Huawei MatePad 11.5 PaperMatte,tablet,others,data-recovery,Cứu dữ liệu ổ cứng & Bo mạch,0,NO_SOURCE,700000,2000000,910000,2600000,1250000,3600000
huawei-matepad-11-5-papermatte,Huawei MatePad 11.5 PaperMatte,tablet,others,diagnostic,Kiểm tra chẩn đoán toàn diện,0,NO_SOURCE,0,0,0,0,0,0
huawei-matepad-11-5-papermatte,Huawei MatePad 11.5 PaperMatte,tablet,others,pencil-charging,Lỗi sạc nam châm bút cảm ứng (Pencil/S-Pen),0,NO_SOURCE,500000,900000,650000,1150000,900000,1600000
samsung-galaxy-tab-s9-ultra,Galaxy Tab S9 Ultra,tablet,samsung,screen,Thay màn hình hiển thị,0,NO_SOURCE,3200000,7500000,4150000,9750000,5750000,13500000
samsung-galaxy-tab-s9-ultra,Galaxy Tab S9 Ultra,tablet,samsung,glass-press,Ép mặt kính / Kính cảm ứng,0,NO_SOURCE,1100000,2200000,1450000,2850000,2000000,3950000
samsung-galaxy-tab-s9-ultra,Galaxy Tab S9 Ultra,tablet,samsung,battery,Thay pin dung lượng cao / Pin Zin,0,NO_SOURCE,950000,1800000,1250000,2350000,1700000,3250000
samsung-galaxy-tab-s9-ultra,Galaxy Tab S9 Ultra,tablet,samsung,charging-port,Sửa chân sạc / Cổng kết nối,0,NO_SOURCE,650000,1200000,840000,1550000,1150000,2150000
samsung-galaxy-tab-s9-ultra,Galaxy Tab S9 Ultra,tablet,samsung,mainboard,Sửa mất nguồn / Lỗi Mainboard,0,NO_SOURCE,1500000,3800000,1950000,4950000,2700000,6850000
samsung-galaxy-tab-s9-ultra,Galaxy Tab S9 Ultra,tablet,samsung,camera,Thay camera trước / sau,0,NO_SOURCE,800000,1800000,1050000,2350000,1450000,3250000
samsung-galaxy-tab-s9-ultra,Galaxy Tab S9 Ultra,tablet,samsung,speaker,Loa trong / Loa ngoài rè,0,NO_SOURCE,500000,950000,650000,1250000,900000,1700000
samsung-galaxy-tab-s9-ultra,Galaxy Tab S9 Ultra,tablet,samsung,mic,Hỏng Micro (Nói không nghe),0,NO_SOURCE,400000,750000,520000,980000,720000,1350000
samsung-galaxy-tab-s9-ultra,Galaxy Tab S9 Ultra,tablet,samsung,water-damage,Cấp cứu máy vô nước / Rớt nước,0,NO_SOURCE,950000,2400000,1250000,3100000,1700000,4300000
samsung-galaxy-tab-s9-ultra,Galaxy Tab S9 Ultra,tablet,samsung,data-recovery,Cứu dữ liệu ổ cứng & Bo mạch,0,NO_SOURCE,950000,3000000,1250000,3900000,1700000,5400000
samsung-galaxy-tab-s9-ultra,Galaxy Tab S9 Ultra,tablet,samsung,diagnostic,Kiểm tra chẩn đoán toàn diện,0,NO_SOURCE,0,0,0,0,0,0
samsung-galaxy-tab-s9-ultra,Galaxy Tab S9 Ultra,tablet,samsung,pencil-charging,Lỗi sạc nam châm bút cảm ứng (Pencil/S-Pen),0,NO_SOURCE,700000,1300000,910000,1700000,1250000,2350000
samsung-galaxy-tab-s9-plus,Galaxy Tab S9+,tablet,samsung,screen,Thay màn hình hiển thị,0,NO_SOURCE,3200000,7500000,4150000,9750000,5750000,13500000
samsung-galaxy-tab-s9-plus,Galaxy Tab S9+,tablet,samsung,glass-press,Ép mặt kính / Kính cảm ứng,0,NO_SOURCE,1100000,2200000,1450000,2850000,2000000,3950000
samsung-galaxy-tab-s9-plus,Galaxy Tab S9+,tablet,samsung,battery,Thay pin dung lượng cao / Pin Zin,0,NO_SOURCE,950000,1800000,1250000,2350000,1700000,3250000
samsung-galaxy-tab-s9-plus,Galaxy Tab S9+,tablet,samsung,charging-port,Sửa chân sạc / Cổng kết nối,0,NO_SOURCE,650000,1200000,840000,1550000,1150000,2150000
samsung-galaxy-tab-s9-plus,Galaxy Tab S9+,tablet,samsung,mainboard,Sửa mất nguồn / Lỗi Mainboard,0,NO_SOURCE,1500000,3800000,1950000,4950000,2700000,6850000
samsung-galaxy-tab-s9-plus,Galaxy Tab S9+,tablet,samsung,camera,Thay camera trước / sau,0,NO_SOURCE,800000,1800000,1050000,2350000,1450000,3250000
samsung-galaxy-tab-s9-plus,Galaxy Tab S9+,tablet,samsung,speaker,Loa trong / Loa ngoài rè,0,NO_SOURCE,500000,950000,650000,1250000,900000,1700000
samsung-galaxy-tab-s9-plus,Galaxy Tab S9+,tablet,samsung,mic,Hỏng Micro (Nói không nghe),0,NO_SOURCE,400000,750000,520000,980000,720000,1350000
samsung-galaxy-tab-s9-plus,Galaxy Tab S9+,tablet,samsung,water-damage,Cấp cứu máy vô nước / Rớt nước,0,NO_SOURCE,950000,2400000,1250000,3100000,1700000,4300000
samsung-galaxy-tab-s9-plus,Galaxy Tab S9+,tablet,samsung,data-recovery,Cứu dữ liệu ổ cứng & Bo mạch,0,NO_SOURCE,950000,3000000,1250000,3900000,1700000,5400000
samsung-galaxy-tab-s9-plus,Galaxy Tab S9+,tablet,samsung,diagnostic,Kiểm tra chẩn đoán toàn diện,0,NO_SOURCE,0,0,0,0,0,0
samsung-galaxy-tab-s9-plus,Galaxy Tab S9+,tablet,samsung,pencil-charging,Lỗi sạc nam châm bút cảm ứng (Pencil/S-Pen),0,NO_SOURCE,700000,1300000,910000,1700000,1250000,2350000
samsung-galaxy-tab-s9,Galaxy Tab S9,tablet,samsung,screen,Thay màn hình hiển thị,0,NO_SOURCE,3200000,7500000,4150000,9750000,5750000,13500000
samsung-galaxy-tab-s9,Galaxy Tab S9,tablet,samsung,glass-press,Ép mặt kính / Kính cảm ứng,0,NO_SOURCE,1100000,2200000,1450000,2850000,2000000,3950000
samsung-galaxy-tab-s9,Galaxy Tab S9,tablet,samsung,battery,Thay pin dung lượng cao / Pin Zin,0,NO_SOURCE,950000,1800000,1250000,2350000,1700000,3250000
samsung-galaxy-tab-s9,Galaxy Tab S9,tablet,samsung,charging-port,Sửa chân sạc / Cổng kết nối,0,NO_SOURCE,650000,1200000,840000,1550000,1150000,2150000
samsung-galaxy-tab-s9,Galaxy Tab S9,tablet,samsung,mainboard,Sửa mất nguồn / Lỗi Mainboard,0,NO_SOURCE,1500000,3800000,1950000,4950000,2700000,6850000
samsung-galaxy-tab-s9,Galaxy Tab S9,tablet,samsung,camera,Thay camera trước / sau,0,NO_SOURCE,800000,1800000,1050000,2350000,1450000,3250000
samsung-galaxy-tab-s9,Galaxy Tab S9,tablet,samsung,speaker,Loa trong / Loa ngoài rè,0,NO_SOURCE,500000,950000,650000,1250000,900000,1700000
samsung-galaxy-tab-s9,Galaxy Tab S9,tablet,samsung,mic,Hỏng Micro (Nói không nghe),0,NO_SOURCE,400000,750000,520000,980000,720000,1350000
samsung-galaxy-tab-s9,Galaxy Tab S9,tablet,samsung,water-damage,Cấp cứu máy vô nước / Rớt nước,0,NO_SOURCE,950000,2400000,1250000,3100000,1700000,4300000
samsung-galaxy-tab-s9,Galaxy Tab S9,tablet,samsung,data-recovery,Cứu dữ liệu ổ cứng & Bo mạch,0,NO_SOURCE,950000,3000000,1250000,3900000,1700000,5400000
samsung-galaxy-tab-s9,Galaxy Tab S9,tablet,samsung,diagnostic,Kiểm tra chẩn đoán toàn diện,0,NO_SOURCE,0,0,0,0,0,0
samsung-galaxy-tab-s9,Galaxy Tab S9,tablet,samsung,pencil-charging,Lỗi sạc nam châm bút cảm ứng (Pencil/S-Pen),0,NO_SOURCE,700000,1300000,910000,1700000,1250000,2350000
samsung-galaxy-tab-s9-fe,Galaxy Tab S9 FE / FE+,tablet,samsung,screen,Thay màn hình hiển thị,0,NO_SOURCE,1600000,3200000,2100000,4150000,2900000,5750000
samsung-galaxy-tab-s9-fe,Galaxy Tab S9 FE / FE+,tablet,samsung,glass-press,Ép mặt kính / Kính cảm ứng,0,NO_SOURCE,650000,1200000,840000,1550000,1150000,2150000
samsung-galaxy-tab-s9-fe,Galaxy Tab S9 FE / FE+,tablet,samsung,battery,Thay pin dung lượng cao / Pin Zin,0,NO_SOURCE,600000,1100000,780000,1450000,1100000,2000000
samsung-galaxy-tab-s9-fe,Galaxy Tab S9 FE / FE+,tablet,samsung,charging-port,Sửa chân sạc / Cổng kết nối,0,NO_SOURCE,450000,800000,580000,1050000,810000,1450000
samsung-galaxy-tab-s9-fe,Galaxy Tab S9 FE / FE+,tablet,samsung,mainboard,Sửa mất nguồn / Lỗi Mainboard,0,NO_SOURCE,950000,2200000,1250000,2850000,1700000,3950000
samsung-galaxy-tab-s9-fe,Galaxy Tab S9 FE / FE+,tablet,samsung,camera,Thay camera trước / sau,0,NO_SOURCE,500000,1100000,650000,1450000,900000,2000000
samsung-galaxy-tab-s9-fe,Galaxy Tab S9 FE / FE+,tablet,samsung,speaker,Loa trong / Loa ngoài rè,0,NO_SOURCE,350000,650000,460000,840000,630000,1150000
samsung-galaxy-tab-s9-fe,Galaxy Tab S9 FE / FE+,tablet,samsung,mic,Hỏng Micro (Nói không nghe),0,NO_SOURCE,300000,550000,390000,720000,540000,990000
samsung-galaxy-tab-s9-fe,Galaxy Tab S9 FE / FE+,tablet,samsung,water-damage,Cấp cứu máy vô nước / Rớt nước,0,NO_SOURCE,650000,1500000,840000,1950000,1150000,2700000
samsung-galaxy-tab-s9-fe,Galaxy Tab S9 FE / FE+,tablet,samsung,data-recovery,Cứu dữ liệu ổ cứng & Bo mạch,0,NO_SOURCE,700000,2000000,910000,2600000,1250000,3600000
samsung-galaxy-tab-s9-fe,Galaxy Tab S9 FE / FE+,tablet,samsung,diagnostic,Kiểm tra chẩn đoán toàn diện,0,NO_SOURCE,0,0,0,0,0,0
samsung-galaxy-tab-s9-fe,Galaxy Tab S9 FE / FE+,tablet,samsung,pencil-charging,Lỗi sạc nam châm bút cảm ứng (Pencil/S-Pen),0,NO_SOURCE,500000,900000,650000,1150000,900000,1600000
samsung-galaxy-tab-s8-ultra,Galaxy Tab S8 Ultra,tablet,samsung,screen,Thay màn hình hiển thị,0,NO_SOURCE,3200000,7500000,4150000,9750000,5750000,13500000
samsung-galaxy-tab-s8-ultra,Galaxy Tab S8 Ultra,tablet,samsung,glass-press,Ép mặt kính / Kính cảm ứng,0,NO_SOURCE,1100000,2200000,1450000,2850000,2000000,3950000
samsung-galaxy-tab-s8-ultra,Galaxy Tab S8 Ultra,tablet,samsung,battery,Thay pin dung lượng cao / Pin Zin,0,NO_SOURCE,950000,1800000,1250000,2350000,1700000,3250000
samsung-galaxy-tab-s8-ultra,Galaxy Tab S8 Ultra,tablet,samsung,charging-port,Sửa chân sạc / Cổng kết nối,0,NO_SOURCE,650000,1200000,840000,1550000,1150000,2150000
samsung-galaxy-tab-s8-ultra,Galaxy Tab S8 Ultra,tablet,samsung,mainboard,Sửa mất nguồn / Lỗi Mainboard,0,NO_SOURCE,1500000,3800000,1950000,4950000,2700000,6850000
samsung-galaxy-tab-s8-ultra,Galaxy Tab S8 Ultra,tablet,samsung,camera,Thay camera trước / sau,0,NO_SOURCE,800000,1800000,1050000,2350000,1450000,3250000
samsung-galaxy-tab-s8-ultra,Galaxy Tab S8 Ultra,tablet,samsung,speaker,Loa trong / Loa ngoài rè,0,NO_SOURCE,500000,950000,650000,1250000,900000,1700000
samsung-galaxy-tab-s8-ultra,Galaxy Tab S8 Ultra,tablet,samsung,mic,Hỏng Micro (Nói không nghe),0,NO_SOURCE,400000,750000,520000,980000,720000,1350000
samsung-galaxy-tab-s8-ultra,Galaxy Tab S8 Ultra,tablet,samsung,water-damage,Cấp cứu máy vô nước / Rớt nước,0,NO_SOURCE,950000,2400000,1250000,3100000,1700000,4300000
samsung-galaxy-tab-s8-ultra,Galaxy Tab S8 Ultra,tablet,samsung,data-recovery,Cứu dữ liệu ổ cứng & Bo mạch,0,NO_SOURCE,950000,3000000,1250000,3900000,1700000,5400000
samsung-galaxy-tab-s8-ultra,Galaxy Tab S8 Ultra,tablet,samsung,diagnostic,Kiểm tra chẩn đoán toàn diện,0,NO_SOURCE,0,0,0,0,0,0
samsung-galaxy-tab-s8-ultra,Galaxy Tab S8 Ultra,tablet,samsung,pencil-charging,Lỗi sạc nam châm bút cảm ứng (Pencil/S-Pen),0,NO_SOURCE,700000,1300000,910000,1700000,1250000,2350000
samsung-galaxy-tab-s8-plus,Galaxy Tab S8+,tablet,samsung,screen,Thay màn hình hiển thị,0,NO_SOURCE,3200000,7500000,4150000,9750000,5750000,13500000
samsung-galaxy-tab-s8-plus,Galaxy Tab S8+,tablet,samsung,glass-press,Ép mặt kính / Kính cảm ứng,0,NO_SOURCE,1100000,2200000,1450000,2850000,2000000,3950000
samsung-galaxy-tab-s8-plus,Galaxy Tab S8+,tablet,samsung,battery,Thay pin dung lượng cao / Pin Zin,0,NO_SOURCE,950000,1800000,1250000,2350000,1700000,3250000
samsung-galaxy-tab-s8-plus,Galaxy Tab S8+,tablet,samsung,charging-port,Sửa chân sạc / Cổng kết nối,0,NO_SOURCE,650000,1200000,840000,1550000,1150000,2150000
samsung-galaxy-tab-s8-plus,Galaxy Tab S8+,tablet,samsung,mainboard,Sửa mất nguồn / Lỗi Mainboard,0,NO_SOURCE,1500000,3800000,1950000,4950000,2700000,6850000
samsung-galaxy-tab-s8-plus,Galaxy Tab S8+,tablet,samsung,camera,Thay camera trước / sau,0,NO_SOURCE,800000,1800000,1050000,2350000,1450000,3250000
samsung-galaxy-tab-s8-plus,Galaxy Tab S8+,tablet,samsung,speaker,Loa trong / Loa ngoài rè,0,NO_SOURCE,500000,950000,650000,1250000,900000,1700000
samsung-galaxy-tab-s8-plus,Galaxy Tab S8+,tablet,samsung,mic,Hỏng Micro (Nói không nghe),0,NO_SOURCE,400000,750000,520000,980000,720000,1350000
samsung-galaxy-tab-s8-plus,Galaxy Tab S8+,tablet,samsung,water-damage,Cấp cứu máy vô nước / Rớt nước,0,NO_SOURCE,950000,2400000,1250000,3100000,1700000,4300000
samsung-galaxy-tab-s8-plus,Galaxy Tab S8+,tablet,samsung,data-recovery,Cứu dữ liệu ổ cứng & Bo mạch,0,NO_SOURCE,950000,3000000,1250000,3900000,1700000,5400000
samsung-galaxy-tab-s8-plus,Galaxy Tab S8+,tablet,samsung,diagnostic,Kiểm tra chẩn đoán toàn diện,0,NO_SOURCE,0,0,0,0,0,0
samsung-galaxy-tab-s8-plus,Galaxy Tab S8+,tablet,samsung,pencil-charging,Lỗi sạc nam châm bút cảm ứng (Pencil/S-Pen),0,NO_SOURCE,700000,1300000,910000,1700000,1250000,2350000
samsung-galaxy-tab-a9-plus,Galaxy Tab A9+,tablet,samsung,screen,Thay màn hình hiển thị,0,NO_SOURCE,750000,1500000,980000,1950000,1350000,2700000
samsung-galaxy-tab-a9-plus,Galaxy Tab A9+,tablet,samsung,glass-press,Ép mặt kính / Kính cảm ứng,0,NO_SOURCE,350000,650000,460000,840000,630000,1150000
samsung-galaxy-tab-a9-plus,Galaxy Tab A9+,tablet,samsung,battery,Thay pin dung lượng cao / Pin Zin,0,NO_SOURCE,400000,750000,520000,980000,720000,1350000
samsung-galaxy-tab-a9-plus,Galaxy Tab A9+,tablet,samsung,charging-port,Sửa chân sạc / Cổng kết nối,0,NO_SOURCE,300000,550000,390000,720000,540000,990000
samsung-galaxy-tab-a9-plus,Galaxy Tab A9+,tablet,samsung,mainboard,Sửa mất nguồn / Lỗi Mainboard,0,NO_SOURCE,600000,1400000,780000,1800000,1100000,2500000
samsung-galaxy-tab-a9-plus,Galaxy Tab A9+,tablet,samsung,camera,Thay camera trước / sau,0,NO_SOURCE,350000,650000,460000,840000,630000,1150000
samsung-galaxy-tab-a9-plus,Galaxy Tab A9+,tablet,samsung,speaker,Loa trong / Loa ngoài rè,0,NO_SOURCE,250000,450000,320000,580000,450000,810000
samsung-galaxy-tab-a9-plus,Galaxy Tab A9+,tablet,samsung,mic,Hỏng Micro (Nói không nghe),0,NO_SOURCE,250000,450000,320000,580000,450000,810000
samsung-galaxy-tab-a9-plus,Galaxy Tab A9+,tablet,samsung,water-damage,Cấp cứu máy vô nước / Rớt nước,0,NO_SOURCE,450000,1000000,580000,1300000,810000,1800000
samsung-galaxy-tab-a9-plus,Galaxy Tab A9+,tablet,samsung,data-recovery,Cứu dữ liệu ổ cứng & Bo mạch,0,NO_SOURCE,500000,1400000,650000,1800000,900000,2500000
samsung-galaxy-tab-a9-plus,Galaxy Tab A9+,tablet,samsung,diagnostic,Kiểm tra chẩn đoán toàn diện,0,NO_SOURCE,0,0,0,0,0,0
samsung-galaxy-tab-a8,Galaxy Tab A8 10.5 inch (2022),tablet,samsung,screen,Thay màn hình hiển thị,0,NO_SOURCE,750000,1500000,980000,1950000,1350000,2700000
samsung-galaxy-tab-a8,Galaxy Tab A8 10.5 inch (2022),tablet,samsung,glass-press,Ép mặt kính / Kính cảm ứng,0,NO_SOURCE,350000,650000,460000,840000,630000,1150000
samsung-galaxy-tab-a8,Galaxy Tab A8 10.5 inch (2022),tablet,samsung,battery,Thay pin dung lượng cao / Pin Zin,0,NO_SOURCE,400000,750000,520000,980000,720000,1350000
samsung-galaxy-tab-a8,Galaxy Tab A8 10.5 inch (2022),tablet,samsung,charging-port,Sửa chân sạc / Cổng kết nối,0,NO_SOURCE,300000,550000,390000,720000,540000,990000
samsung-galaxy-tab-a8,Galaxy Tab A8 10.5 inch (2022),tablet,samsung,mainboard,Sửa mất nguồn / Lỗi Mainboard,0,NO_SOURCE,600000,1400000,780000,1800000,1100000,2500000
samsung-galaxy-tab-a8,Galaxy Tab A8 10.5 inch (2022),tablet,samsung,camera,Thay camera trước / sau,0,NO_SOURCE,350000,650000,460000,840000,630000,1150000
samsung-galaxy-tab-a8,Galaxy Tab A8 10.5 inch (2022),tablet,samsung,speaker,Loa trong / Loa ngoài rè,0,NO_SOURCE,250000,450000,320000,580000,450000,810000
samsung-galaxy-tab-a8,Galaxy Tab A8 10.5 inch (2022),tablet,samsung,mic,Hỏng Micro (Nói không nghe),0,NO_SOURCE,250000,450000,320000,580000,450000,810000
samsung-galaxy-tab-a8,Galaxy Tab A8 10.5 inch (2022),tablet,samsung,water-damage,Cấp cứu máy vô nước / Rớt nước,0,NO_SOURCE,450000,1000000,580000,1300000,810000,1800000
samsung-galaxy-tab-a8,Galaxy Tab A8 10.5 inch (2022),tablet,samsung,data-recovery,Cứu dữ liệu ổ cứng & Bo mạch,0,NO_SOURCE,500000,1400000,650000,1800000,900000,2500000
samsung-galaxy-tab-a8,Galaxy Tab A8 10.5 inch (2022),tablet,samsung,diagnostic,Kiểm tra chẩn đoán toàn diện,0,NO_SOURCE,0,0,0,0,0,0
xiaomi-pad-6-pro,Xiaomi Pad 6 Pro,tablet,xiaomi,screen,Thay màn hình hiển thị,0,NO_SOURCE,1350000,2700000,1750000,3550000,2450000,4900000
xiaomi-pad-6-pro,Xiaomi Pad 6 Pro,tablet,xiaomi,glass-press,Ép mặt kính / Kính cảm ứng,0,NO_SOURCE,550000,1000000,720000,1350000,990000,1850000
xiaomi-pad-6-pro,Xiaomi Pad 6 Pro,tablet,xiaomi,battery,Thay pin dung lượng cao / Pin Zin,0,NO_SOURCE,510000,940000,660000,1200000,920000,1700000
xiaomi-pad-6-pro,Xiaomi Pad 6 Pro,tablet,xiaomi,charging-port,Sửa chân sạc / Cổng kết nối,0,NO_SOURCE,380000,680000,500000,880000,690000,1200000
xiaomi-pad-6-pro,Xiaomi Pad 6 Pro,tablet,xiaomi,mainboard,Sửa mất nguồn / Lỗi Mainboard,0,NO_SOURCE,810000,1850000,1050000,2450000,1450000,3350000
xiaomi-pad-6-pro,Xiaomi Pad 6 Pro,tablet,xiaomi,camera,Thay camera trước / sau,0,NO_SOURCE,420000,940000,550000,1200000,760000,1700000
xiaomi-pad-6-pro,Xiaomi Pad 6 Pro,tablet,xiaomi,speaker,Loa trong / Loa ngoài rè,0,NO_SOURCE,300000,550000,390000,720000,540000,990000
xiaomi-pad-6-pro,Xiaomi Pad 6 Pro,tablet,xiaomi,mic,Hỏng Micro (Nói không nghe),0,NO_SOURCE,260000,470000,330000,610000,460000,840000
xiaomi-pad-6-pro,Xiaomi Pad 6 Pro,tablet,xiaomi,water-damage,Cấp cứu máy vô nước / Rớt nước,0,NO_SOURCE,550000,1300000,720000,1650000,990000,2300000
xiaomi-pad-6-pro,Xiaomi Pad 6 Pro,tablet,xiaomi,data-recovery,Cứu dữ liệu ổ cứng & Bo mạch,0,NO_SOURCE,600000,1700000,770000,2200000,1050000,3050000
xiaomi-pad-6-pro,Xiaomi Pad 6 Pro,tablet,xiaomi,diagnostic,Kiểm tra chẩn đoán toàn diện,0,NO_SOURCE,0,0,0,0,0,0
xiaomi-pad-6-pro,Xiaomi Pad 6 Pro,tablet,xiaomi,pencil-charging,Lỗi sạc nam châm bút cảm ứng (Pencil/S-Pen),0,NO_SOURCE,420000,760000,550000,990000,760000,1400000
xiaomi-pad-6,Xiaomi Pad 6,tablet,xiaomi,screen,Thay màn hình hiển thị,0,NO_SOURCE,1350000,2700000,1750000,3550000,2450000,4900000
xiaomi-pad-6,Xiaomi Pad 6,tablet,xiaomi,glass-press,Ép mặt kính / Kính cảm ứng,0,NO_SOURCE,550000,1000000,720000,1350000,990000,1850000
xiaomi-pad-6,Xiaomi Pad 6,tablet,xiaomi,battery,Thay pin dung lượng cao / Pin Zin,0,NO_SOURCE,510000,940000,660000,1200000,920000,1700000
xiaomi-pad-6,Xiaomi Pad 6,tablet,xiaomi,charging-port,Sửa chân sạc / Cổng kết nối,0,NO_SOURCE,380000,680000,500000,880000,690000,1200000
xiaomi-pad-6,Xiaomi Pad 6,tablet,xiaomi,mainboard,Sửa mất nguồn / Lỗi Mainboard,0,NO_SOURCE,810000,1850000,1050000,2450000,1450000,3350000
xiaomi-pad-6,Xiaomi Pad 6,tablet,xiaomi,camera,Thay camera trước / sau,0,NO_SOURCE,420000,940000,550000,1200000,760000,1700000
xiaomi-pad-6,Xiaomi Pad 6,tablet,xiaomi,speaker,Loa trong / Loa ngoài rè,0,NO_SOURCE,300000,550000,390000,720000,540000,990000
xiaomi-pad-6,Xiaomi Pad 6,tablet,xiaomi,mic,Hỏng Micro (Nói không nghe),0,NO_SOURCE,260000,470000,330000,610000,460000,840000
xiaomi-pad-6,Xiaomi Pad 6,tablet,xiaomi,water-damage,Cấp cứu máy vô nước / Rớt nước,0,NO_SOURCE,550000,1300000,720000,1650000,990000,2300000
xiaomi-pad-6,Xiaomi Pad 6,tablet,xiaomi,data-recovery,Cứu dữ liệu ổ cứng & Bo mạch,0,NO_SOURCE,600000,1700000,770000,2200000,1050000,3050000
xiaomi-pad-6,Xiaomi Pad 6,tablet,xiaomi,diagnostic,Kiểm tra chẩn đoán toàn diện,0,NO_SOURCE,0,0,0,0,0,0
xiaomi-pad-6,Xiaomi Pad 6,tablet,xiaomi,pencil-charging,Lỗi sạc nam châm bút cảm ứng (Pencil/S-Pen),0,NO_SOURCE,420000,760000,550000,990000,760000,1400000
xiaomi-pad-5,Xiaomi Pad 5,tablet,xiaomi,screen,Thay màn hình hiển thị,0,NO_SOURCE,1350000,2700000,1750000,3550000,2450000,4900000
xiaomi-pad-5,Xiaomi Pad 5,tablet,xiaomi,glass-press,Ép mặt kính / Kính cảm ứng,0,NO_SOURCE,550000,1000000,720000,1350000,990000,1850000
xiaomi-pad-5,Xiaomi Pad 5,tablet,xiaomi,battery,Thay pin dung lượng cao / Pin Zin,0,NO_SOURCE,510000,940000,660000,1200000,920000,1700000
xiaomi-pad-5,Xiaomi Pad 5,tablet,xiaomi,charging-port,Sửa chân sạc / Cổng kết nối,0,NO_SOURCE,380000,680000,500000,880000,690000,1200000
xiaomi-pad-5,Xiaomi Pad 5,tablet,xiaomi,mainboard,Sửa mất nguồn / Lỗi Mainboard,0,NO_SOURCE,810000,1850000,1050000,2450000,1450000,3350000
xiaomi-pad-5,Xiaomi Pad 5,tablet,xiaomi,camera,Thay camera trước / sau,0,NO_SOURCE,420000,940000,550000,1200000,760000,1700000
xiaomi-pad-5,Xiaomi Pad 5,tablet,xiaomi,speaker,Loa trong / Loa ngoài rè,0,NO_SOURCE,300000,550000,390000,720000,540000,990000
xiaomi-pad-5,Xiaomi Pad 5,tablet,xiaomi,mic,Hỏng Micro (Nói không nghe),0,NO_SOURCE,260000,470000,330000,610000,460000,840000
xiaomi-pad-5,Xiaomi Pad 5,tablet,xiaomi,water-damage,Cấp cứu máy vô nước / Rớt nước,0,NO_SOURCE,550000,1300000,720000,1650000,990000,2300000
xiaomi-pad-5,Xiaomi Pad 5,tablet,xiaomi,data-recovery,Cứu dữ liệu ổ cứng & Bo mạch,0,NO_SOURCE,600000,1700000,770000,2200000,1050000,3050000
xiaomi-pad-5,Xiaomi Pad 5,tablet,xiaomi,diagnostic,Kiểm tra chẩn đoán toàn diện,0,NO_SOURCE,0,0,0,0,0,0
xiaomi-pad-5,Xiaomi Pad 5,tablet,xiaomi,pencil-charging,Lỗi sạc nam châm bút cảm ứng (Pencil/S-Pen),0,NO_SOURCE,420000,760000,550000,990000,760000,1400000
xiaomi-redmi-pad-pro,Redmi Pad Pro,tablet,xiaomi,screen,Thay màn hình hiển thị,0,NO_SOURCE,640000,1300000,830000,1650000,1150000,2300000
xiaomi-redmi-pad-pro,Redmi Pad Pro,tablet,xiaomi,glass-press,Ép mặt kính / Kính cảm ứng,0,NO_SOURCE,300000,550000,390000,720000,540000,990000
xiaomi-redmi-pad-pro,Redmi Pad Pro,tablet,xiaomi,battery,Thay pin dung lượng cao / Pin Zin,0,NO_SOURCE,340000,640000,440000,830000,610000,1150000
xiaomi-redmi-pad-pro,Redmi Pad Pro,tablet,xiaomi,charging-port,Sửa chân sạc / Cổng kết nối,0,NO_SOURCE,260000,470000,330000,610000,460000,840000
xiaomi-redmi-pad-pro,Redmi Pad Pro,tablet,xiaomi,mainboard,Sửa mất nguồn / Lỗi Mainboard,0,NO_SOURCE,510000,1200000,660000,1550000,920000,2150000
xiaomi-redmi-pad-pro,Redmi Pad Pro,tablet,xiaomi,camera,Thay camera trước / sau,0,NO_SOURCE,300000,550000,390000,720000,540000,990000
xiaomi-redmi-pad-pro,Redmi Pad Pro,tablet,xiaomi,speaker,Loa trong / Loa ngoài rè,0,NO_SOURCE,210000,380000,280000,500000,380000,690000
xiaomi-redmi-pad-pro,Redmi Pad Pro,tablet,xiaomi,mic,Hỏng Micro (Nói không nghe),0,NO_SOURCE,210000,380000,280000,500000,380000,690000
xiaomi-redmi-pad-pro,Redmi Pad Pro,tablet,xiaomi,water-damage,Cấp cứu máy vô nước / Rớt nước,0,NO_SOURCE,380000,850000,500000,1100000,690000,1550000
xiaomi-redmi-pad-pro,Redmi Pad Pro,tablet,xiaomi,data-recovery,Cứu dữ liệu ổ cứng & Bo mạch,0,NO_SOURCE,420000,1200000,550000,1550000,760000,2150000
xiaomi-redmi-pad-pro,Redmi Pad Pro,tablet,xiaomi,diagnostic,Kiểm tra chẩn đoán toàn diện,0,NO_SOURCE,0,0,0,0,0,0
xiaomi-redmi-pad-se,Redmi Pad SE,tablet,xiaomi,screen,Thay màn hình hiển thị,0,NO_SOURCE,640000,1300000,830000,1650000,1150000,2300000
xiaomi-redmi-pad-se,Redmi Pad SE,tablet,xiaomi,glass-press,Ép mặt kính / Kính cảm ứng,0,NO_SOURCE,300000,550000,390000,720000,540000,990000
xiaomi-redmi-pad-se,Redmi Pad SE,tablet,xiaomi,battery,Thay pin dung lượng cao / Pin Zin,0,NO_SOURCE,340000,640000,440000,830000,610000,1150000
xiaomi-redmi-pad-se,Redmi Pad SE,tablet,xiaomi,charging-port,Sửa chân sạc / Cổng kết nối,0,NO_SOURCE,260000,470000,330000,610000,460000,840000
xiaomi-redmi-pad-se,Redmi Pad SE,tablet,xiaomi,mainboard,Sửa mất nguồn / Lỗi Mainboard,0,NO_SOURCE,510000,1200000,660000,1550000,920000,2150000
xiaomi-redmi-pad-se,Redmi Pad SE,tablet,xiaomi,camera,Thay camera trước / sau,0,NO_SOURCE,300000,550000,390000,720000,540000,990000
xiaomi-redmi-pad-se,Redmi Pad SE,tablet,xiaomi,speaker,Loa trong / Loa ngoài rè,0,NO_SOURCE,210000,380000,280000,500000,380000,690000
xiaomi-redmi-pad-se,Redmi Pad SE,tablet,xiaomi,mic,Hỏng Micro (Nói không nghe),0,NO_SOURCE,210000,380000,280000,500000,380000,690000
xiaomi-redmi-pad-se,Redmi Pad SE,tablet,xiaomi,water-damage,Cấp cứu máy vô nước / Rớt nước,0,NO_SOURCE,380000,850000,500000,1100000,690000,1550000
xiaomi-redmi-pad-se,Redmi Pad SE,tablet,xiaomi,data-recovery,Cứu dữ liệu ổ cứng & Bo mạch,0,NO_SOURCE,420000,1200000,550000,1550000,760000,2150000
xiaomi-redmi-pad-se,Redmi Pad SE,tablet,xiaomi,diagnostic,Kiểm tra chẩn đoán toàn diện,0,NO_SOURCE,0,0,0,0,0,0
acer-predator-helios-16,Acer Predator Helios 16,win_laptop,acer,screen,Thay màn hình hiển thị,0,NO_SOURCE,2500000,4950000,3300000,6450000,4550000,8900000
acer-predator-helios-16,Acer Predator Helios 16,win_laptop,acer,battery,Thay pin dung lượng cao / Pin Zin,0,NO_SOURCE,1100000,2000000,1400000,2550000,1950000,3550000
acer-predator-helios-16,Acer Predator Helios 16,win_laptop,acer,keyboard,Bàn phím liệt / Kẹt nút bấm,0,NO_SOURCE,860000,1900000,1100000,2450000,1550000,3400000
acer-predator-helios-16,Acer Predator Helios 16,win_laptop,acer,trackpad,Chuột cảm ứng / Trackpad,0,NO_SOURCE,630000,1250000,820000,1650000,1150000,2250000
acer-predator-helios-16,Acer Predator Helios 16,win_laptop,acer,charging-port,Sửa chân sạc / Cổng kết nối,0,NO_SOURCE,540000,990000,700000,1300000,970000,1800000
acer-predator-helios-16,Acer Predator Helios 16,win_laptop,acer,hinge-body,Sửa gãy bản lề / Vỏ khung sườn,0,NO_SOURCE,760000,1600000,990000,2100000,1400000,2900000
acer-predator-helios-16,Acer Predator Helios 16,win_laptop,acer,mainboard,Sửa mất nguồn / Lỗi Mainboard,0,NO_SOURCE,1600000,4050000,2100000,5250000,2900000,7300000
acer-predator-helios-16,Acer Predator Helios 16,win_laptop,acer,speaker,Loa trong / Loa ngoài rè,0,NO_SOURCE,500000,990000,640000,1300000,890000,1800000
acer-predator-helios-16,Acer Predator Helios 16,win_laptop,acer,mic,Hỏng Micro (Nói không nghe),0,NO_SOURCE,360000,680000,470000,880000,650000,1200000
acer-predator-helios-16,Acer Predator Helios 16,win_laptop,acer,camera,Thay camera trước / sau,0,NO_SOURCE,500000,990000,640000,1300000,890000,1800000
acer-predator-helios-16,Acer Predator Helios 16,win_laptop,acer,thermal,Vệ sinh máy & Tra keo tản nhiệt,0,NO_SOURCE,320000,540000,410000,700000,570000,970000
acer-predator-helios-16,Acer Predator Helios 16,win_laptop,acer,ssd-upgrade,Nâng cấp ổ cứng SSD siêu tốc,0,NO_SOURCE,990000,2500000,1300000,3300000,1800000,4550000
acer-predator-helios-16,Acer Predator Helios 16,win_laptop,acer,ram-upgrade,Nâng cấp bộ nhớ RAM,0,NO_SOURCE,760000,2000000,990000,2550000,1400000,3550000
acer-predator-helios-16,Acer Predator Helios 16,win_laptop,acer,software,Cài Hệ điều hành & Phần mềm,0,NO_SOURCE,180000,360000,230000,470000,320000,650000
acer-predator-helios-16,Acer Predator Helios 16,win_laptop,acer,water-damage,Cấp cứu máy vô nước / Rớt nước,0,NO_SOURCE,860000,2150000,1100000,2800000,1550000,3900000
acer-predator-helios-16,Acer Predator Helios 16,win_laptop,acer,data-recovery,Cứu dữ liệu ổ cứng & Bo mạch,0,NO_SOURCE,860000,2700000,1100000,3500000,1550000,4850000
acer-predator-helios-16,Acer Predator Helios 16,win_laptop,acer,diagnostic,Kiểm tra chẩn đoán toàn diện,0,NO_SOURCE,0,0,0,0,0,0
acer-predator-helios-16,Acer Predator Helios 16,win_laptop,acer,vga-gpu,Sửa Card đồ họa rời (VGA / GPU / VRAM),0,NO_SOURCE,2000000,4300000,2550000,5600000,3550000,7800000
acer-predator-helios-neo-16,Acer Predator Helios Neo 16,win_laptop,acer,screen,Thay màn hình hiển thị,0,NO_SOURCE,1600000,2900000,2100000,3750000,2900000,5200000
acer-predator-helios-neo-16,Acer Predator Helios Neo 16,win_laptop,acer,battery,Thay pin dung lượng cao / Pin Zin,0,NO_SOURCE,760000,1350000,990000,1750000,1400000,2450000
acer-predator-helios-neo-16,Acer Predator Helios Neo 16,win_laptop,acer,keyboard,Bàn phím liệt / Kẹt nút bấm,0,NO_SOURCE,580000,1150000,760000,1500000,1050000,2100000
acer-predator-helios-neo-16,Acer Predator Helios Neo 16,win_laptop,acer,trackpad,Chuột cảm ứng / Trackpad,0,NO_SOURCE,450000,810000,580000,1050000,810000,1450000
acer-predator-helios-neo-16,Acer Predator Helios Neo 16,win_laptop,acer,charging-port,Sửa chân sạc / Cổng kết nối,0,NO_SOURCE,400000,720000,530000,940000,730000,1300000
acer-predator-helios-neo-16,Acer Predator Helios Neo 16,win_laptop,acer,hinge-body,Sửa gãy bản lề / Vỏ khung sườn,0,NO_SOURCE,540000,990000,700000,1300000,970000,1800000
acer-predator-helios-neo-16,Acer Predator Helios Neo 16,win_laptop,acer,mainboard,Sửa mất nguồn / Lỗi Mainboard,0,NO_SOURCE,1100000,2500000,1400000,3300000,1950000,4550000
acer-predator-helios-neo-16,Acer Predator Helios Neo 16,win_laptop,acer,speaker,Loa trong / Loa ngoài rè,0,NO_SOURCE,360000,680000,470000,880000,650000,1200000
acer-predator-helios-neo-16,Acer Predator Helios Neo 16,win_laptop,acer,mic,Hỏng Micro (Nói không nghe),0,NO_SOURCE,270000,500000,350000,640000,490000,890000
acer-predator-helios-neo-16,Acer Predator Helios Neo 16,win_laptop,acer,camera,Thay camera trước / sau,0,NO_SOURCE,360000,680000,470000,880000,650000,1200000
acer-predator-helios-neo-16,Acer Predator Helios Neo 16,win_laptop,acer,thermal,Vệ sinh máy & Tra keo tản nhiệt,0,NO_SOURCE,220000,360000,290000,470000,400000,650000
acer-predator-helios-neo-16,Acer Predator Helios Neo 16,win_laptop,acer,ssd-upgrade,Nâng cấp ổ cứng SSD siêu tốc,0,NO_SOURCE,720000,1700000,940000,2200000,1300000,3100000
acer-predator-helios-neo-16,Acer Predator Helios Neo 16,win_laptop,acer,ram-upgrade,Nâng cấp bộ nhớ RAM,0,NO_SOURCE,580000,1300000,760000,1700000,1050000,2350000
acer-predator-helios-neo-16,Acer Predator Helios Neo 16,win_laptop,acer,software,Cài Hệ điều hành & Phần mềm,0,NO_SOURCE,140000,270000,180000,350000,240000,490000
acer-predator-helios-neo-16,Acer Predator Helios Neo 16,win_laptop,acer,water-damage,Cấp cứu máy vô nước / Rớt nước,0,NO_SOURCE,630000,1450000,820000,1850000,1150000,2600000
acer-predator-helios-neo-16,Acer Predator Helios Neo 16,win_laptop,acer,data-recovery,Cứu dữ liệu ổ cứng & Bo mạch,0,NO_SOURCE,680000,2000000,880000,2550000,1200000,3550000
acer-predator-helios-neo-16,Acer Predator Helios Neo 16,win_laptop,acer,diagnostic,Kiểm tra chẩn đoán toàn diện,0,NO_SOURCE,0,0,0,0,0,0
acer-predator-helios-neo-16,Acer Predator Helios Neo 16,win_laptop,acer,vga-gpu,Sửa Card đồ họa rời (VGA / GPU / VRAM),0,NO_SOURCE,1250000,2600000,1650000,3400000,2250000,4700000
acer-nitro-5-tiger,Acer Nitro 5 Tiger,win_laptop,acer,screen,Thay màn hình hiển thị,0,NO_SOURCE,1600000,2900000,2100000,3750000,2900000,5200000
acer-nitro-5-tiger,Acer Nitro 5 Tiger,win_laptop,acer,battery,Thay pin dung lượng cao / Pin Zin,0,NO_SOURCE,760000,1350000,990000,1750000,1400000,2450000
acer-nitro-5-tiger,Acer Nitro 5 Tiger,win_laptop,acer,keyboard,Bàn phím liệt / Kẹt nút bấm,0,NO_SOURCE,580000,1150000,760000,1500000,1050000,2100000
acer-nitro-5-tiger,Acer Nitro 5 Tiger,win_laptop,acer,trackpad,Chuột cảm ứng / Trackpad,0,NO_SOURCE,450000,810000,580000,1050000,810000,1450000
acer-nitro-5-tiger,Acer Nitro 5 Tiger,win_laptop,acer,charging-port,Sửa chân sạc / Cổng kết nối,0,NO_SOURCE,400000,720000,530000,940000,730000,1300000
acer-nitro-5-tiger,Acer Nitro 5 Tiger,win_laptop,acer,hinge-body,Sửa gãy bản lề / Vỏ khung sườn,0,NO_SOURCE,540000,990000,700000,1300000,970000,1800000
acer-nitro-5-tiger,Acer Nitro 5 Tiger,win_laptop,acer,mainboard,Sửa mất nguồn / Lỗi Mainboard,0,NO_SOURCE,1100000,2500000,1400000,3300000,1950000,4550000
acer-nitro-5-tiger,Acer Nitro 5 Tiger,win_laptop,acer,speaker,Loa trong / Loa ngoài rè,0,NO_SOURCE,360000,680000,470000,880000,650000,1200000
acer-nitro-5-tiger,Acer Nitro 5 Tiger,win_laptop,acer,mic,Hỏng Micro (Nói không nghe),0,NO_SOURCE,270000,500000,350000,640000,490000,890000
acer-nitro-5-tiger,Acer Nitro 5 Tiger,win_laptop,acer,camera,Thay camera trước / sau,0,NO_SOURCE,360000,680000,470000,880000,650000,1200000
acer-nitro-5-tiger,Acer Nitro 5 Tiger,win_laptop,acer,thermal,Vệ sinh máy & Tra keo tản nhiệt,0,NO_SOURCE,220000,360000,290000,470000,400000,650000
acer-nitro-5-tiger,Acer Nitro 5 Tiger,win_laptop,acer,ssd-upgrade,Nâng cấp ổ cứng SSD siêu tốc,0,NO_SOURCE,720000,1700000,940000,2200000,1300000,3100000
acer-nitro-5-tiger,Acer Nitro 5 Tiger,win_laptop,acer,ram-upgrade,Nâng cấp bộ nhớ RAM,0,NO_SOURCE,580000,1300000,760000,1700000,1050000,2350000
acer-nitro-5-tiger,Acer Nitro 5 Tiger,win_laptop,acer,software,Cài Hệ điều hành & Phần mềm,0,NO_SOURCE,140000,270000,180000,350000,240000,490000
acer-nitro-5-tiger,Acer Nitro 5 Tiger,win_laptop,acer,water-damage,Cấp cứu máy vô nước / Rớt nước,0,NO_SOURCE,630000,1450000,820000,1850000,1150000,2600000
acer-nitro-5-tiger,Acer Nitro 5 Tiger,win_laptop,acer,data-recovery,Cứu dữ liệu ổ cứng & Bo mạch,0,NO_SOURCE,680000,2000000,880000,2550000,1200000,3550000
acer-nitro-5-tiger,Acer Nitro 5 Tiger,win_laptop,acer,diagnostic,Kiểm tra chẩn đoán toàn diện,0,NO_SOURCE,0,0,0,0,0,0
acer-nitro-5-tiger,Acer Nitro 5 Tiger,win_laptop,acer,vga-gpu,Sửa Card đồ họa rời (VGA / GPU / VRAM),0,NO_SOURCE,1250000,2600000,1650000,3400000,2250000,4700000
acer-nitro-16-phoenix,Acer Nitro 16 Phoenix,win_laptop,acer,screen,Thay màn hình hiển thị,0,NO_SOURCE,1600000,2900000,2100000,3750000,2900000,5200000
acer-nitro-16-phoenix,Acer Nitro 16 Phoenix,win_laptop,acer,battery,Thay pin dung lượng cao / Pin Zin,0,NO_SOURCE,760000,1350000,990000,1750000,1400000,2450000
acer-nitro-16-phoenix,Acer Nitro 16 Phoenix,win_laptop,acer,keyboard,Bàn phím liệt / Kẹt nút bấm,0,NO_SOURCE,580000,1150000,760000,1500000,1050000,2100000
acer-nitro-16-phoenix,Acer Nitro 16 Phoenix,win_laptop,acer,trackpad,Chuột cảm ứng / Trackpad,0,NO_SOURCE,450000,810000,580000,1050000,810000,1450000
acer-nitro-16-phoenix,Acer Nitro 16 Phoenix,win_laptop,acer,charging-port,Sửa chân sạc / Cổng kết nối,0,NO_SOURCE,400000,720000,530000,940000,730000,1300000
acer-nitro-16-phoenix,Acer Nitro 16 Phoenix,win_laptop,acer,hinge-body,Sửa gãy bản lề / Vỏ khung sườn,0,NO_SOURCE,540000,990000,700000,1300000,970000,1800000
acer-nitro-16-phoenix,Acer Nitro 16 Phoenix,win_laptop,acer,mainboard,Sửa mất nguồn / Lỗi Mainboard,0,NO_SOURCE,1100000,2500000,1400000,3300000,1950000,4550000
acer-nitro-16-phoenix,Acer Nitro 16 Phoenix,win_laptop,acer,speaker,Loa trong / Loa ngoài rè,0,NO_SOURCE,360000,680000,470000,880000,650000,1200000
acer-nitro-16-phoenix,Acer Nitro 16 Phoenix,win_laptop,acer,mic,Hỏng Micro (Nói không nghe),0,NO_SOURCE,270000,500000,350000,640000,490000,890000
acer-nitro-16-phoenix,Acer Nitro 16 Phoenix,win_laptop,acer,camera,Thay camera trước / sau,0,NO_SOURCE,360000,680000,470000,880000,650000,1200000
acer-nitro-16-phoenix,Acer Nitro 16 Phoenix,win_laptop,acer,thermal,Vệ sinh máy & Tra keo tản nhiệt,0,NO_SOURCE,220000,360000,290000,470000,400000,650000
acer-nitro-16-phoenix,Acer Nitro 16 Phoenix,win_laptop,acer,ssd-upgrade,Nâng cấp ổ cứng SSD siêu tốc,0,NO_SOURCE,720000,1700000,940000,2200000,1300000,3100000
acer-nitro-16-phoenix,Acer Nitro 16 Phoenix,win_laptop,acer,ram-upgrade,Nâng cấp bộ nhớ RAM,0,NO_SOURCE,580000,1300000,760000,1700000,1050000,2350000
acer-nitro-16-phoenix,Acer Nitro 16 Phoenix,win_laptop,acer,software,Cài Hệ điều hành & Phần mềm,0,NO_SOURCE,140000,270000,180000,350000,240000,490000
acer-nitro-16-phoenix,Acer Nitro 16 Phoenix,win_laptop,acer,water-damage,Cấp cứu máy vô nước / Rớt nước,0,NO_SOURCE,630000,1450000,820000,1850000,1150000,2600000
acer-nitro-16-phoenix,Acer Nitro 16 Phoenix,win_laptop,acer,data-recovery,Cứu dữ liệu ổ cứng & Bo mạch,0,NO_SOURCE,680000,2000000,880000,2550000,1200000,3550000
acer-nitro-16-phoenix,Acer Nitro 16 Phoenix,win_laptop,acer,diagnostic,Kiểm tra chẩn đoán toàn diện,0,NO_SOURCE,0,0,0,0,0,0
acer-nitro-16-phoenix,Acer Nitro 16 Phoenix,win_laptop,acer,vga-gpu,Sửa Card đồ họa rời (VGA / GPU / VRAM),0,NO_SOURCE,1250000,2600000,1650000,3400000,2250000,4700000
acer-nitro-v-15,Acer Nitro V 15,win_laptop,acer,screen,Thay màn hình hiển thị,0,NO_SOURCE,1200000,2050000,1600000,2700000,2200000,3750000
acer-nitro-v-15,Acer Nitro V 15,win_laptop,acer,battery,Thay pin dung lượng cao / Pin Zin,0,NO_SOURCE,580000,1050000,760000,1350000,1050000,1850000
acer-nitro-v-15,Acer Nitro V 15,win_laptop,acer,keyboard,Bàn phím liệt / Kẹt nút bấm,0,NO_SOURCE,450000,860000,580000,1100000,810000,1550000
acer-nitro-v-15,Acer Nitro V 15,win_laptop,acer,trackpad,Chuột cảm ứng / Trackpad,0,NO_SOURCE,360000,680000,470000,880000,650000,1200000
acer-nitro-v-15,Acer Nitro V 15,win_laptop,acer,charging-port,Sửa chân sạc / Cổng kết nối,0,NO_SOURCE,320000,540000,410000,700000,570000,970000
acer-nitro-v-15,Acer Nitro V 15,win_laptop,acer,hinge-body,Sửa gãy bản lề / Vỏ khung sườn,0,NO_SOURCE,400000,760000,530000,990000,730000,1400000
acer-nitro-v-15,Acer Nitro V 15,win_laptop,acer,mainboard,Sửa mất nguồn / Lỗi Mainboard,0,NO_SOURCE,720000,1700000,940000,2200000,1300000,3100000
acer-nitro-v-15,Acer Nitro V 15,win_laptop,acer,speaker,Loa trong / Loa ngoài rè,0,NO_SOURCE,270000,500000,350000,640000,490000,890000
acer-nitro-v-15,Acer Nitro V 15,win_laptop,acer,mic,Hỏng Micro (Nói không nghe),0,NO_SOURCE,220000,400000,290000,530000,400000,730000
acer-nitro-v-15,Acer Nitro V 15,win_laptop,acer,camera,Thay camera trước / sau,0,NO_SOURCE,320000,580000,410000,760000,570000,1050000
acer-nitro-v-15,Acer Nitro V 15,win_laptop,acer,thermal,Vệ sinh máy & Tra keo tản nhiệt,0,NO_SOURCE,160000,270000,210000,350000,290000,490000
acer-nitro-v-15,Acer Nitro V 15,win_laptop,acer,ssd-upgrade,Nâng cấp ổ cứng SSD siêu tốc,0,NO_SOURCE,580000,1300000,760000,1700000,1050000,2350000
acer-nitro-v-15,Acer Nitro V 15,win_laptop,acer,ram-upgrade,Nâng cấp bộ nhớ RAM,0,NO_SOURCE,450000,990000,580000,1300000,810000,1800000
acer-nitro-v-15,Acer Nitro V 15,win_laptop,acer,software,Cài Hệ điều hành & Phần mềm,0,NO_SOURCE,140000,220000,180000,290000,240000,400000
acer-nitro-v-15,Acer Nitro V 15,win_laptop,acer,water-damage,Cấp cứu máy vô nước / Rớt nước,0,NO_SOURCE,450000,1100000,580000,1400000,810000,1950000
acer-nitro-v-15,Acer Nitro V 15,win_laptop,acer,data-recovery,Cứu dữ liệu ổ cứng & Bo mạch,0,NO_SOURCE,540000,1600000,700000,2100000,970000,2900000
acer-nitro-v-15,Acer Nitro V 15,win_laptop,acer,diagnostic,Kiểm tra chẩn đoán toàn diện,0,NO_SOURCE,0,0,0,0,0,0
acer-nitro-v-15,Acer Nitro V 15,win_laptop,acer,vga-gpu,Sửa Card đồ họa rời (VGA / GPU / VRAM),0,NO_SOURCE,720000,1700000,940000,2200000,1300000,3100000
acer-aspire-3-a315,Acer Aspire 3 A315,win_laptop,acer,screen,Thay màn hình hiển thị,0,NO_SOURCE,860000,1500000,1100000,1950000,1550000,2650000
acer-aspire-3-a315,Acer Aspire 3 A315,win_laptop,acer,battery,Thay pin dung lượng cao / Pin Zin,0,NO_SOURCE,450000,760000,580000,990000,810000,1400000
acer-aspire-3-a315,Acer Aspire 3 A315,win_laptop,acer,keyboard,Bàn phím liệt / Kẹt nút bấm,0,NO_SOURCE,320000,580000,410000,760000,570000,1050000
acer-aspire-3-a315,Acer Aspire 3 A315,win_laptop,acer,trackpad,Chuột cảm ứng / Trackpad,0,NO_SOURCE,270000,500000,350000,640000,490000,890000
acer-aspire-3-a315,Acer Aspire 3 A315,win_laptop,acer,charging-port,Sửa chân sạc / Cổng kết nối,0,NO_SOURCE,220000,400000,290000,530000,400000,730000
acer-aspire-3-a315,Acer Aspire 3 A315,win_laptop,acer,hinge-body,Sửa gãy bản lề / Vỏ khung sườn,0,NO_SOURCE,270000,540000,350000,700000,490000,970000
acer-aspire-3-a315,Acer Aspire 3 A315,win_laptop,acer,mainboard,Sửa mất nguồn / Lỗi Mainboard,0,NO_SOURCE,500000,1250000,640000,1650000,890000,2250000
acer-aspire-3-a315,Acer Aspire 3 A315,win_laptop,acer,speaker,Loa trong / Loa ngoài rè,0,NO_SOURCE,220000,400000,290000,530000,400000,730000
acer-aspire-3-a315,Acer Aspire 3 A315,win_laptop,acer,mic,Hỏng Micro (Nói không nghe),0,NO_SOURCE,180000,360000,230000,470000,320000,650000
acer-aspire-3-a315,Acer Aspire 3 A315,win_laptop,acer,camera,Thay camera trước / sau,0,NO_SOURCE,220000,450000,290000,580000,400000,810000
acer-aspire-3-a315,Acer Aspire 3 A315,win_laptop,acer,thermal,Vệ sinh máy & Tra keo tản nhiệt,0,NO_SOURCE,140000,220000,180000,290000,240000,400000
acer-aspire-3-a315,Acer Aspire 3 A315,win_laptop,acer,ssd-upgrade,Nâng cấp ổ cứng SSD siêu tốc,0,NO_SOURCE,500000,1100000,640000,1400000,890000,1950000
acer-aspire-3-a315,Acer Aspire 3 A315,win_laptop,acer,ram-upgrade,Nâng cấp bộ nhớ RAM,0,NO_SOURCE,400000,860000,530000,1100000,730000,1550000
acer-aspire-3-a315,Acer Aspire 3 A315,win_laptop,acer,software,Cài Hệ điều hành & Phần mềm,0,NO_SOURCE,110000,180000,140000,230000,190000,320000
acer-aspire-3-a315,Acer Aspire 3 A315,win_laptop,acer,water-damage,Cấp cứu máy vô nước / Rớt nước,0,NO_SOURCE,360000,810000,470000,1050000,650000,1450000
acer-aspire-3-a315,Acer Aspire 3 A315,win_laptop,acer,data-recovery,Cứu dữ liệu ổ cứng & Bo mạch,0,NO_SOURCE,450000,1350000,580000,1750000,810000,2450000
acer-aspire-3-a315,Acer Aspire 3 A315,win_laptop,acer,diagnostic,Kiểm tra chẩn đoán toàn diện,0,NO_SOURCE,0,0,0,0,0,0
acer-aspire-5-a515,Acer Aspire 5 A515,win_laptop,acer,screen,Thay màn hình hiển thị,0,NO_SOURCE,1200000,2050000,1600000,2700000,2200000,3750000
acer-aspire-5-a515,Acer Aspire 5 A515,win_laptop,acer,battery,Thay pin dung lượng cao / Pin Zin,0,NO_SOURCE,580000,1050000,760000,1350000,1050000,1850000
acer-aspire-5-a515,Acer Aspire 5 A515,win_laptop,acer,keyboard,Bàn phím liệt / Kẹt nút bấm,0,NO_SOURCE,450000,860000,580000,1100000,810000,1550000
acer-aspire-5-a515,Acer Aspire 5 A515,win_laptop,acer,trackpad,Chuột cảm ứng / Trackpad,0,NO_SOURCE,360000,680000,470000,880000,650000,1200000
acer-aspire-5-a515,Acer Aspire 5 A515,win_laptop,acer,charging-port,Sửa chân sạc / Cổng kết nối,0,NO_SOURCE,320000,540000,410000,700000,570000,970000
acer-aspire-5-a515,Acer Aspire 5 A515,win_laptop,acer,hinge-body,Sửa gãy bản lề / Vỏ khung sườn,0,NO_SOURCE,400000,760000,530000,990000,730000,1400000
acer-aspire-5-a515,Acer Aspire 5 A515,win_laptop,acer,mainboard,Sửa mất nguồn / Lỗi Mainboard,0,NO_SOURCE,720000,1700000,940000,2200000,1300000,3100000
acer-aspire-5-a515,Acer Aspire 5 A515,win_laptop,acer,speaker,Loa trong / Loa ngoài rè,0,NO_SOURCE,270000,500000,350000,640000,490000,890000
acer-aspire-5-a515,Acer Aspire 5 A515,win_laptop,acer,mic,Hỏng Micro (Nói không nghe),0,NO_SOURCE,220000,400000,290000,530000,400000,730000
acer-aspire-5-a515,Acer Aspire 5 A515,win_laptop,acer,camera,Thay camera trước / sau,0,NO_SOURCE,320000,580000,410000,760000,570000,1050000
acer-aspire-5-a515,Acer Aspire 5 A515,win_laptop,acer,thermal,Vệ sinh máy & Tra keo tản nhiệt,0,NO_SOURCE,160000,270000,210000,350000,290000,490000
acer-aspire-5-a515,Acer Aspire 5 A515,win_laptop,acer,ssd-upgrade,Nâng cấp ổ cứng SSD siêu tốc,0,NO_SOURCE,580000,1300000,760000,1700000,1050000,2350000
acer-aspire-5-a515,Acer Aspire 5 A515,win_laptop,acer,ram-upgrade,Nâng cấp bộ nhớ RAM,0,NO_SOURCE,450000,990000,580000,1300000,810000,1800000
acer-aspire-5-a515,Acer Aspire 5 A515,win_laptop,acer,software,Cài Hệ điều hành & Phần mềm,0,NO_SOURCE,140000,220000,180000,290000,240000,400000
acer-aspire-5-a515,Acer Aspire 5 A515,win_laptop,acer,water-damage,Cấp cứu máy vô nước / Rớt nước,0,NO_SOURCE,450000,1100000,580000,1400000,810000,1950000
acer-aspire-5-a515,Acer Aspire 5 A515,win_laptop,acer,data-recovery,Cứu dữ liệu ổ cứng & Bo mạch,0,NO_SOURCE,540000,1600000,700000,2100000,970000,2900000
acer-aspire-5-a515,Acer Aspire 5 A515,win_laptop,acer,diagnostic,Kiểm tra chẩn đoán toàn diện,0,NO_SOURCE,0,0,0,0,0,0
acer-aspire-7-gaming,Acer Aspire 7 Gaming,win_laptop,acer,screen,Thay màn hình hiển thị,0,NO_SOURCE,1200000,2050000,1600000,2700000,2200000,3750000
acer-aspire-7-gaming,Acer Aspire 7 Gaming,win_laptop,acer,battery,Thay pin dung lượng cao / Pin Zin,0,NO_SOURCE,580000,1050000,760000,1350000,1050000,1850000
acer-aspire-7-gaming,Acer Aspire 7 Gaming,win_laptop,acer,keyboard,Bàn phím liệt / Kẹt nút bấm,0,NO_SOURCE,450000,860000,580000,1100000,810000,1550000
acer-aspire-7-gaming,Acer Aspire 7 Gaming,win_laptop,acer,trackpad,Chuột cảm ứng / Trackpad,0,NO_SOURCE,360000,680000,470000,880000,650000,1200000
acer-aspire-7-gaming,Acer Aspire 7 Gaming,win_laptop,acer,charging-port,Sửa chân sạc / Cổng kết nối,0,NO_SOURCE,320000,540000,410000,700000,570000,970000
acer-aspire-7-gaming,Acer Aspire 7 Gaming,win_laptop,acer,hinge-body,Sửa gãy bản lề / Vỏ khung sườn,0,NO_SOURCE,400000,760000,530000,990000,730000,1400000
acer-aspire-7-gaming,Acer Aspire 7 Gaming,win_laptop,acer,mainboard,Sửa mất nguồn / Lỗi Mainboard,0,NO_SOURCE,720000,1700000,940000,2200000,1300000,3100000
acer-aspire-7-gaming,Acer Aspire 7 Gaming,win_laptop,acer,speaker,Loa trong / Loa ngoài rè,0,NO_SOURCE,270000,500000,350000,640000,490000,890000
acer-aspire-7-gaming,Acer Aspire 7 Gaming,win_laptop,acer,mic,Hỏng Micro (Nói không nghe),0,NO_SOURCE,220000,400000,290000,530000,400000,730000
acer-aspire-7-gaming,Acer Aspire 7 Gaming,win_laptop,acer,camera,Thay camera trước / sau,0,NO_SOURCE,320000,580000,410000,760000,570000,1050000
acer-aspire-7-gaming,Acer Aspire 7 Gaming,win_laptop,acer,thermal,Vệ sinh máy & Tra keo tản nhiệt,0,NO_SOURCE,160000,270000,210000,350000,290000,490000
acer-aspire-7-gaming,Acer Aspire 7 Gaming,win_laptop,acer,ssd-upgrade,Nâng cấp ổ cứng SSD siêu tốc,0,NO_SOURCE,580000,1300000,760000,1700000,1050000,2350000
acer-aspire-7-gaming,Acer Aspire 7 Gaming,win_laptop,acer,ram-upgrade,Nâng cấp bộ nhớ RAM,0,NO_SOURCE,450000,990000,580000,1300000,810000,1800000
acer-aspire-7-gaming,Acer Aspire 7 Gaming,win_laptop,acer,software,Cài Hệ điều hành & Phần mềm,0,NO_SOURCE,140000,220000,180000,290000,240000,400000
acer-aspire-7-gaming,Acer Aspire 7 Gaming,win_laptop,acer,water-damage,Cấp cứu máy vô nước / Rớt nước,0,NO_SOURCE,450000,1100000,580000,1400000,810000,1950000
acer-aspire-7-gaming,Acer Aspire 7 Gaming,win_laptop,acer,data-recovery,Cứu dữ liệu ổ cứng & Bo mạch,0,NO_SOURCE,540000,1600000,700000,2100000,970000,2900000
acer-aspire-7-gaming,Acer Aspire 7 Gaming,win_laptop,acer,diagnostic,Kiểm tra chẩn đoán toàn diện,0,NO_SOURCE,0,0,0,0,0,0
acer-aspire-7-gaming,Acer Aspire 7 Gaming,win_laptop,acer,vga-gpu,Sửa Card đồ họa rời (VGA / GPU / VRAM),0,NO_SOURCE,720000,1700000,940000,2200000,1300000,3100000
acer-swift-go-14-oled,Acer Swift Go 14 OLED,win_laptop,acer,screen,Thay màn hình hiển thị,0,NO_SOURCE,1600000,2900000,2100000,3750000,2900000,5200000
acer-swift-go-14-oled,Acer Swift Go 14 OLED,win_laptop,acer,battery,Thay pin dung lượng cao / Pin Zin,0,NO_SOURCE,760000,1350000,990000,1750000,1400000,2450000
acer-swift-go-14-oled,Acer Swift Go 14 OLED,win_laptop,acer,keyboard,Bàn phím liệt / Kẹt nút bấm,0,NO_SOURCE,580000,1150000,760000,1500000,1050000,2100000
acer-swift-go-14-oled,Acer Swift Go 14 OLED,win_laptop,acer,trackpad,Chuột cảm ứng / Trackpad,0,NO_SOURCE,450000,810000,580000,1050000,810000,1450000
acer-swift-go-14-oled,Acer Swift Go 14 OLED,win_laptop,acer,charging-port,Sửa chân sạc / Cổng kết nối,0,NO_SOURCE,400000,720000,530000,940000,730000,1300000
acer-swift-go-14-oled,Acer Swift Go 14 OLED,win_laptop,acer,hinge-body,Sửa gãy bản lề / Vỏ khung sườn,0,NO_SOURCE,540000,990000,700000,1300000,970000,1800000
acer-swift-go-14-oled,Acer Swift Go 14 OLED,win_laptop,acer,mainboard,Sửa mất nguồn / Lỗi Mainboard,0,NO_SOURCE,1100000,2500000,1400000,3300000,1950000,4550000
acer-swift-go-14-oled,Acer Swift Go 14 OLED,win_laptop,acer,speaker,Loa trong / Loa ngoài rè,0,NO_SOURCE,360000,680000,470000,880000,650000,1200000
acer-swift-go-14-oled,Acer Swift Go 14 OLED,win_laptop,acer,mic,Hỏng Micro (Nói không nghe),0,NO_SOURCE,270000,500000,350000,640000,490000,890000
acer-swift-go-14-oled,Acer Swift Go 14 OLED,win_laptop,acer,camera,Thay camera trước / sau,0,NO_SOURCE,360000,680000,470000,880000,650000,1200000
acer-swift-go-14-oled,Acer Swift Go 14 OLED,win_laptop,acer,thermal,Vệ sinh máy & Tra keo tản nhiệt,0,NO_SOURCE,220000,360000,290000,470000,400000,650000
acer-swift-go-14-oled,Acer Swift Go 14 OLED,win_laptop,acer,ssd-upgrade,Nâng cấp ổ cứng SSD siêu tốc,0,NO_SOURCE,720000,1700000,940000,2200000,1300000,3100000
acer-swift-go-14-oled,Acer Swift Go 14 OLED,win_laptop,acer,software,Cài Hệ điều hành & Phần mềm,0,NO_SOURCE,140000,270000,180000,350000,240000,490000
acer-swift-go-14-oled,Acer Swift Go 14 OLED,win_laptop,acer,water-damage,Cấp cứu máy vô nước / Rớt nước,0,NO_SOURCE,630000,1450000,820000,1850000,1150000,2600000
acer-swift-go-14-oled,Acer Swift Go 14 OLED,win_laptop,acer,data-recovery,Cứu dữ liệu ổ cứng & Bo mạch,0,NO_SOURCE,680000,2000000,880000,2550000,1200000,3550000
acer-swift-go-14-oled,Acer Swift Go 14 OLED,win_laptop,acer,diagnostic,Kiểm tra chẩn đoán toàn diện,0,NO_SOURCE,0,0,0,0,0,0
asus-tuf-gaming-a15,ASUS TUF Gaming A15,win_laptop,asus,screen,Thay màn hình hiển thị,0,NO_SOURCE,1800000,3200000,2350000,4150000,3250000,5750000
asus-tuf-gaming-a15,ASUS TUF Gaming A15,win_laptop,asus,battery,Thay pin dung lượng cao / Pin Zin,0,NO_SOURCE,850000,1500000,1100000,1950000,1550000,2700000
asus-tuf-gaming-a15,ASUS TUF Gaming A15,win_laptop,asus,keyboard,Bàn phím liệt / Kẹt nút bấm,0,NO_SOURCE,650000,1300000,840000,1700000,1150000,2350000
asus-tuf-gaming-a15,ASUS TUF Gaming A15,win_laptop,asus,trackpad,Chuột cảm ứng / Trackpad,0,NO_SOURCE,500000,900000,650000,1150000,900000,1600000
asus-tuf-gaming-a15,ASUS TUF Gaming A15,win_laptop,asus,charging-port,Sửa chân sạc / Cổng kết nối,0,NO_SOURCE,450000,800000,580000,1050000,810000,1450000
asus-tuf-gaming-a15,ASUS TUF Gaming A15,win_laptop,asus,hinge-body,Sửa gãy bản lề / Vỏ khung sườn,0,NO_SOURCE,600000,1100000,780000,1450000,1100000,2000000
asus-tuf-gaming-a15,ASUS TUF Gaming A15,win_laptop,asus,mainboard,Sửa mất nguồn / Lỗi Mainboard,0,NO_SOURCE,1200000,2800000,1550000,3650000,2150000,5050000
asus-tuf-gaming-a15,ASUS TUF Gaming A15,win_laptop,asus,speaker,Loa trong / Loa ngoài rè,0,NO_SOURCE,400000,750000,520000,980000,720000,1350000
asus-tuf-gaming-a15,ASUS TUF Gaming A15,win_laptop,asus,mic,Hỏng Micro (Nói không nghe),0,NO_SOURCE,300000,550000,390000,720000,540000,990000
asus-tuf-gaming-a15,ASUS TUF Gaming A15,win_laptop,asus,camera,Thay camera trước / sau,0,NO_SOURCE,400000,750000,520000,980000,720000,1350000
asus-tuf-gaming-a15,ASUS TUF Gaming A15,win_laptop,asus,thermal,Vệ sinh máy & Tra keo tản nhiệt,0,NO_SOURCE,250000,400000,320000,520000,450000,720000
asus-tuf-gaming-a15,ASUS TUF Gaming A15,win_laptop,asus,ssd-upgrade,Nâng cấp ổ cứng SSD siêu tốc,0,NO_SOURCE,800000,1900000,1050000,2450000,1450000,3400000
asus-tuf-gaming-a15,ASUS TUF Gaming A15,win_laptop,asus,ram-upgrade,Nâng cấp bộ nhớ RAM,0,NO_SOURCE,650000,1450000,840000,1900000,1150000,2600000
asus-tuf-gaming-a15,ASUS TUF Gaming A15,win_laptop,asus,software,Cài Hệ điều hành & Phần mềm,0,NO_SOURCE,150000,300000,200000,390000,270000,540000
asus-tuf-gaming-a15,ASUS TUF Gaming A15,win_laptop,asus,water-damage,Cấp cứu máy vô nước / Rớt nước,0,NO_SOURCE,700000,1600000,910000,2100000,1250000,2900000
asus-tuf-gaming-a15,ASUS TUF Gaming A15,win_laptop,asus,data-recovery,Cứu dữ liệu ổ cứng & Bo mạch,0,NO_SOURCE,750000,2200000,980000,2850000,1350000,3950000
asus-tuf-gaming-a15,ASUS TUF Gaming A15,win_laptop,asus,diagnostic,Kiểm tra chẩn đoán toàn diện,0,NO_SOURCE,0,0,0,0,0,0
asus-tuf-gaming-a15,ASUS TUF Gaming A15,win_laptop,asus,vga-gpu,Sửa Card đồ họa rời (VGA / GPU / VRAM),0,NO_SOURCE,1400000,2900000,1800000,3750000,2500000,5200000
asus-tuf-gaming-f15,ASUS TUF Gaming F15,win_laptop,asus,screen,Thay màn hình hiển thị,0,NO_SOURCE,1800000,3200000,2350000,4150000,3250000,5750000
asus-tuf-gaming-f15,ASUS TUF Gaming F15,win_laptop,asus,battery,Thay pin dung lượng cao / Pin Zin,0,NO_SOURCE,850000,1500000,1100000,1950000,1550000,2700000
asus-tuf-gaming-f15,ASUS TUF Gaming F15,win_laptop,asus,keyboard,Bàn phím liệt / Kẹt nút bấm,0,NO_SOURCE,650000,1300000,840000,1700000,1150000,2350000
asus-tuf-gaming-f15,ASUS TUF Gaming F15,win_laptop,asus,trackpad,Chuột cảm ứng / Trackpad,0,NO_SOURCE,500000,900000,650000,1150000,900000,1600000
asus-tuf-gaming-f15,ASUS TUF Gaming F15,win_laptop,asus,charging-port,Sửa chân sạc / Cổng kết nối,0,NO_SOURCE,450000,800000,580000,1050000,810000,1450000
asus-tuf-gaming-f15,ASUS TUF Gaming F15,win_laptop,asus,hinge-body,Sửa gãy bản lề / Vỏ khung sườn,0,NO_SOURCE,600000,1100000,780000,1450000,1100000,2000000
asus-tuf-gaming-f15,ASUS TUF Gaming F15,win_laptop,asus,mainboard,Sửa mất nguồn / Lỗi Mainboard,0,NO_SOURCE,1200000,2800000,1550000,3650000,2150000,5050000
asus-tuf-gaming-f15,ASUS TUF Gaming F15,win_laptop,asus,speaker,Loa trong / Loa ngoài rè,0,NO_SOURCE,400000,750000,520000,980000,720000,1350000
asus-tuf-gaming-f15,ASUS TUF Gaming F15,win_laptop,asus,mic,Hỏng Micro (Nói không nghe),0,NO_SOURCE,300000,550000,390000,720000,540000,990000
asus-tuf-gaming-f15,ASUS TUF Gaming F15,win_laptop,asus,camera,Thay camera trước / sau,0,NO_SOURCE,400000,750000,520000,980000,720000,1350000
asus-tuf-gaming-f15,ASUS TUF Gaming F15,win_laptop,asus,thermal,Vệ sinh máy & Tra keo tản nhiệt,0,NO_SOURCE,250000,400000,320000,520000,450000,720000
asus-tuf-gaming-f15,ASUS TUF Gaming F15,win_laptop,asus,ssd-upgrade,Nâng cấp ổ cứng SSD siêu tốc,0,NO_SOURCE,800000,1900000,1050000,2450000,1450000,3400000
asus-tuf-gaming-f15,ASUS TUF Gaming F15,win_laptop,asus,ram-upgrade,Nâng cấp bộ nhớ RAM,0,NO_SOURCE,650000,1450000,840000,1900000,1150000,2600000
asus-tuf-gaming-f15,ASUS TUF Gaming F15,win_laptop,asus,software,Cài Hệ điều hành & Phần mềm,0,NO_SOURCE,150000,300000,200000,390000,270000,540000
asus-tuf-gaming-f15,ASUS TUF Gaming F15,win_laptop,asus,water-damage,Cấp cứu máy vô nước / Rớt nước,0,NO_SOURCE,700000,1600000,910000,2100000,1250000,2900000
asus-tuf-gaming-f15,ASUS TUF Gaming F15,win_laptop,asus,data-recovery,Cứu dữ liệu ổ cứng & Bo mạch,0,NO_SOURCE,750000,2200000,980000,2850000,1350000,3950000
asus-tuf-gaming-f15,ASUS TUF Gaming F15,win_laptop,asus,diagnostic,Kiểm tra chẩn đoán toàn diện,0,NO_SOURCE,0,0,0,0,0,0
asus-tuf-gaming-f15,ASUS TUF Gaming F15,win_laptop,asus,vga-gpu,Sửa Card đồ họa rời (VGA / GPU / VRAM),0,NO_SOURCE,1400000,2900000,1800000,3750000,2500000,5200000
asus-tuf-dash-f15,ASUS TUF Dash F15,win_laptop,asus,screen,Thay màn hình hiển thị,0,NO_SOURCE,1800000,3200000,2350000,4150000,3250000,5750000
asus-tuf-dash-f15,ASUS TUF Dash F15,win_laptop,asus,battery,Thay pin dung lượng cao / Pin Zin,0,NO_SOURCE,850000,1500000,1100000,1950000,1550000,2700000
asus-tuf-dash-f15,ASUS TUF Dash F15,win_laptop,asus,keyboard,Bàn phím liệt / Kẹt nút bấm,0,NO_SOURCE,650000,1300000,840000,1700000,1150000,2350000
asus-tuf-dash-f15,ASUS TUF Dash F15,win_laptop,asus,trackpad,Chuột cảm ứng / Trackpad,0,NO_SOURCE,500000,900000,650000,1150000,900000,1600000
asus-tuf-dash-f15,ASUS TUF Dash F15,win_laptop,asus,charging-port,Sửa chân sạc / Cổng kết nối,0,NO_SOURCE,450000,800000,580000,1050000,810000,1450000
asus-tuf-dash-f15,ASUS TUF Dash F15,win_laptop,asus,hinge-body,Sửa gãy bản lề / Vỏ khung sườn,0,NO_SOURCE,600000,1100000,780000,1450000,1100000,2000000
asus-tuf-dash-f15,ASUS TUF Dash F15,win_laptop,asus,mainboard,Sửa mất nguồn / Lỗi Mainboard,0,NO_SOURCE,1200000,2800000,1550000,3650000,2150000,5050000
asus-tuf-dash-f15,ASUS TUF Dash F15,win_laptop,asus,speaker,Loa trong / Loa ngoài rè,0,NO_SOURCE,400000,750000,520000,980000,720000,1350000
asus-tuf-dash-f15,ASUS TUF Dash F15,win_laptop,asus,mic,Hỏng Micro (Nói không nghe),0,NO_SOURCE,300000,550000,390000,720000,540000,990000
asus-tuf-dash-f15,ASUS TUF Dash F15,win_laptop,asus,camera,Thay camera trước / sau,0,NO_SOURCE,400000,750000,520000,980000,720000,1350000
asus-tuf-dash-f15,ASUS TUF Dash F15,win_laptop,asus,thermal,Vệ sinh máy & Tra keo tản nhiệt,0,NO_SOURCE,250000,400000,320000,520000,450000,720000
asus-tuf-dash-f15,ASUS TUF Dash F15,win_laptop,asus,ssd-upgrade,Nâng cấp ổ cứng SSD siêu tốc,0,NO_SOURCE,800000,1900000,1050000,2450000,1450000,3400000
asus-tuf-dash-f15,ASUS TUF Dash F15,win_laptop,asus,ram-upgrade,Nâng cấp bộ nhớ RAM,0,NO_SOURCE,650000,1450000,840000,1900000,1150000,2600000
asus-tuf-dash-f15,ASUS TUF Dash F15,win_laptop,asus,software,Cài Hệ điều hành & Phần mềm,0,NO_SOURCE,150000,300000,200000,390000,270000,540000
asus-tuf-dash-f15,ASUS TUF Dash F15,win_laptop,asus,water-damage,Cấp cứu máy vô nước / Rớt nước,0,NO_SOURCE,700000,1600000,910000,2100000,1250000,2900000
asus-tuf-dash-f15,ASUS TUF Dash F15,win_laptop,asus,data-recovery,Cứu dữ liệu ổ cứng & Bo mạch,0,NO_SOURCE,750000,2200000,980000,2850000,1350000,3950000
asus-tuf-dash-f15,ASUS TUF Dash F15,win_laptop,asus,diagnostic,Kiểm tra chẩn đoán toàn diện,0,NO_SOURCE,0,0,0,0,0,0
asus-tuf-dash-f15,ASUS TUF Dash F15,win_laptop,asus,vga-gpu,Sửa Card đồ họa rời (VGA / GPU / VRAM),0,NO_SOURCE,1400000,2900000,1800000,3750000,2500000,5200000
asus-rog-strix-g16,ASUS ROG Strix G16,win_laptop,asus,screen,Thay màn hình hiển thị,0,NO_SOURCE,2800000,5500000,3650000,7150000,5050000,9900000
asus-rog-strix-g16,ASUS ROG Strix G16,win_laptop,asus,battery,Thay pin dung lượng cao / Pin Zin,0,NO_SOURCE,1200000,2200000,1550000,2850000,2150000,3950000
asus-rog-strix-g16,ASUS ROG Strix G16,win_laptop,asus,keyboard,Bàn phím liệt / Kẹt nút bấm,0,NO_SOURCE,950000,2100000,1250000,2750000,1700000,3800000
asus-rog-strix-g16,ASUS ROG Strix G16,win_laptop,asus,trackpad,Chuột cảm ứng / Trackpad,0,NO_SOURCE,700000,1400000,910000,1800000,1250000,2500000
asus-rog-strix-g16,ASUS ROG Strix G16,win_laptop,asus,charging-port,Sửa chân sạc / Cổng kết nối,0,NO_SOURCE,600000,1100000,780000,1450000,1100000,2000000
asus-rog-strix-g16,ASUS ROG Strix G16,win_laptop,asus,hinge-body,Sửa gãy bản lề / Vỏ khung sườn,0,NO_SOURCE,850000,1800000,1100000,2350000,1550000,3250000
asus-rog-strix-g16,ASUS ROG Strix G16,win_laptop,asus,mainboard,Sửa mất nguồn / Lỗi Mainboard,0,NO_SOURCE,1800000,4500000,2350000,5850000,3250000,8100000
asus-rog-strix-g16,ASUS ROG Strix G16,win_laptop,asus,speaker,Loa trong / Loa ngoài rè,0,NO_SOURCE,550000,1100000,720000,1450000,990000,2000000
asus-rog-strix-g16,ASUS ROG Strix G16,win_laptop,asus,mic,Hỏng Micro (Nói không nghe),0,NO_SOURCE,400000,750000,520000,980000,720000,1350000
asus-rog-strix-g16,ASUS ROG Strix G16,win_laptop,asus,camera,Thay camera trước / sau,0,NO_SOURCE,550000,1100000,720000,1450000,990000,2000000
asus-rog-strix-g16,ASUS ROG Strix G16,win_laptop,asus,thermal,Vệ sinh máy & Tra keo tản nhiệt,0,NO_SOURCE,350000,600000,460000,780000,630000,1100000
asus-rog-strix-g16,ASUS ROG Strix G16,win_laptop,asus,ssd-upgrade,Nâng cấp ổ cứng SSD siêu tốc,0,NO_SOURCE,1100000,2800000,1450000,3650000,2000000,5050000
asus-rog-strix-g16,ASUS ROG Strix G16,win_laptop,asus,ram-upgrade,Nâng cấp bộ nhớ RAM,0,NO_SOURCE,850000,2200000,1100000,2850000,1550000,3950000
asus-rog-strix-g16,ASUS ROG Strix G16,win_laptop,asus,software,Cài Hệ điều hành & Phần mềm,0,NO_SOURCE,200000,400000,260000,520000,360000,720000
asus-rog-strix-g16,ASUS ROG Strix G16,win_laptop,asus,water-damage,Cấp cứu máy vô nước / Rớt nước,0,NO_SOURCE,950000,2400000,1250000,3100000,1700000,4300000
asus-rog-strix-g16,ASUS ROG Strix G16,win_laptop,asus,data-recovery,Cứu dữ liệu ổ cứng & Bo mạch,0,NO_SOURCE,950000,3000000,1250000,3900000,1700000,5400000
asus-rog-strix-g16,ASUS ROG Strix G16,win_laptop,asus,diagnostic,Kiểm tra chẩn đoán toàn diện,0,NO_SOURCE,0,0,0,0,0,0
asus-rog-strix-g16,ASUS ROG Strix G16,win_laptop,asus,vga-gpu,Sửa Card đồ họa rời (VGA / GPU / VRAM),0,NO_SOURCE,2200000,4800000,2850000,6250000,3950000,8650000
asus-rog-strix-scar-16,ASUS ROG Strix SCAR 16,win_laptop,asus,screen,Thay màn hình hiển thị,0,NO_SOURCE,2800000,5500000,3650000,7150000,5050000,9900000
asus-rog-strix-scar-16,ASUS ROG Strix SCAR 16,win_laptop,asus,battery,Thay pin dung lượng cao / Pin Zin,0,NO_SOURCE,1200000,2200000,1550000,2850000,2150000,3950000
asus-rog-strix-scar-16,ASUS ROG Strix SCAR 16,win_laptop,asus,keyboard,Bàn phím liệt / Kẹt nút bấm,0,NO_SOURCE,950000,2100000,1250000,2750000,1700000,3800000
asus-rog-strix-scar-16,ASUS ROG Strix SCAR 16,win_laptop,asus,trackpad,Chuột cảm ứng / Trackpad,0,NO_SOURCE,700000,1400000,910000,1800000,1250000,2500000
asus-rog-strix-scar-16,ASUS ROG Strix SCAR 16,win_laptop,asus,charging-port,Sửa chân sạc / Cổng kết nối,0,NO_SOURCE,600000,1100000,780000,1450000,1100000,2000000
asus-rog-strix-scar-16,ASUS ROG Strix SCAR 16,win_laptop,asus,hinge-body,Sửa gãy bản lề / Vỏ khung sườn,0,NO_SOURCE,850000,1800000,1100000,2350000,1550000,3250000
asus-rog-strix-scar-16,ASUS ROG Strix SCAR 16,win_laptop,asus,mainboard,Sửa mất nguồn / Lỗi Mainboard,0,NO_SOURCE,1800000,4500000,2350000,5850000,3250000,8100000
asus-rog-strix-scar-16,ASUS ROG Strix SCAR 16,win_laptop,asus,speaker,Loa trong / Loa ngoài rè,0,NO_SOURCE,550000,1100000,720000,1450000,990000,2000000
asus-rog-strix-scar-16,ASUS ROG Strix SCAR 16,win_laptop,asus,mic,Hỏng Micro (Nói không nghe),0,NO_SOURCE,400000,750000,520000,980000,720000,1350000
asus-rog-strix-scar-16,ASUS ROG Strix SCAR 16,win_laptop,asus,camera,Thay camera trước / sau,0,NO_SOURCE,550000,1100000,720000,1450000,990000,2000000
asus-rog-strix-scar-16,ASUS ROG Strix SCAR 16,win_laptop,asus,thermal,Vệ sinh máy & Tra keo tản nhiệt,0,NO_SOURCE,350000,600000,460000,780000,630000,1100000
asus-rog-strix-scar-16,ASUS ROG Strix SCAR 16,win_laptop,asus,ssd-upgrade,Nâng cấp ổ cứng SSD siêu tốc,0,NO_SOURCE,1100000,2800000,1450000,3650000,2000000,5050000
asus-rog-strix-scar-16,ASUS ROG Strix SCAR 16,win_laptop,asus,ram-upgrade,Nâng cấp bộ nhớ RAM,0,NO_SOURCE,850000,2200000,1100000,2850000,1550000,3950000
asus-rog-strix-scar-16,ASUS ROG Strix SCAR 16,win_laptop,asus,software,Cài Hệ điều hành & Phần mềm,0,NO_SOURCE,200000,400000,260000,520000,360000,720000
asus-rog-strix-scar-16,ASUS ROG Strix SCAR 16,win_laptop,asus,water-damage,Cấp cứu máy vô nước / Rớt nước,0,NO_SOURCE,950000,2400000,1250000,3100000,1700000,4300000
asus-rog-strix-scar-16,ASUS ROG Strix SCAR 16,win_laptop,asus,data-recovery,Cứu dữ liệu ổ cứng & Bo mạch,0,NO_SOURCE,950000,3000000,1250000,3900000,1700000,5400000
asus-rog-strix-scar-16,ASUS ROG Strix SCAR 16,win_laptop,asus,diagnostic,Kiểm tra chẩn đoán toàn diện,0,NO_SOURCE,0,0,0,0,0,0
asus-rog-strix-scar-16,ASUS ROG Strix SCAR 16,win_laptop,asus,vga-gpu,Sửa Card đồ họa rời (VGA / GPU / VRAM),0,NO_SOURCE,2200000,4800000,2850000,6250000,3950000,8650000
asus-rog-zephyrus-g14,ASUS ROG Zephyrus G14 (2024),win_laptop,asus,screen,Thay màn hình hiển thị,0,NO_SOURCE,2800000,5500000,3650000,7150000,5050000,9900000
asus-rog-zephyrus-g14,ASUS ROG Zephyrus G14 (2024),win_laptop,asus,battery,Thay pin dung lượng cao / Pin Zin,0,NO_SOURCE,1200000,2200000,1550000,2850000,2150000,3950000
asus-rog-zephyrus-g14,ASUS ROG Zephyrus G14 (2024),win_laptop,asus,keyboard,Bàn phím liệt / Kẹt nút bấm,0,NO_SOURCE,950000,2100000,1250000,2750000,1700000,3800000
asus-rog-zephyrus-g14,ASUS ROG Zephyrus G14 (2024),win_laptop,asus,trackpad,Chuột cảm ứng / Trackpad,0,NO_SOURCE,700000,1400000,910000,1800000,1250000,2500000
asus-rog-zephyrus-g14,ASUS ROG Zephyrus G14 (2024),win_laptop,asus,charging-port,Sửa chân sạc / Cổng kết nối,0,NO_SOURCE,600000,1100000,780000,1450000,1100000,2000000
asus-rog-zephyrus-g14,ASUS ROG Zephyrus G14 (2024),win_laptop,asus,hinge-body,Sửa gãy bản lề / Vỏ khung sườn,0,NO_SOURCE,850000,1800000,1100000,2350000,1550000,3250000
asus-rog-zephyrus-g14,ASUS ROG Zephyrus G14 (2024),win_laptop,asus,mainboard,Sửa mất nguồn / Lỗi Mainboard,0,NO_SOURCE,1800000,4500000,2350000,5850000,3250000,8100000
asus-rog-zephyrus-g14,ASUS ROG Zephyrus G14 (2024),win_laptop,asus,speaker,Loa trong / Loa ngoài rè,0,NO_SOURCE,550000,1100000,720000,1450000,990000,2000000
asus-rog-zephyrus-g14,ASUS ROG Zephyrus G14 (2024),win_laptop,asus,mic,Hỏng Micro (Nói không nghe),0,NO_SOURCE,400000,750000,520000,980000,720000,1350000
asus-rog-zephyrus-g14,ASUS ROG Zephyrus G14 (2024),win_laptop,asus,camera,Thay camera trước / sau,0,NO_SOURCE,550000,1100000,720000,1450000,990000,2000000
asus-rog-zephyrus-g14,ASUS ROG Zephyrus G14 (2024),win_laptop,asus,thermal,Vệ sinh máy & Tra keo tản nhiệt,0,NO_SOURCE,350000,600000,460000,780000,630000,1100000
asus-rog-zephyrus-g14,ASUS ROG Zephyrus G14 (2024),win_laptop,asus,ssd-upgrade,Nâng cấp ổ cứng SSD siêu tốc,0,NO_SOURCE,1100000,2800000,1450000,3650000,2000000,5050000
asus-rog-zephyrus-g14,ASUS ROG Zephyrus G14 (2024),win_laptop,asus,software,Cài Hệ điều hành & Phần mềm,0,NO_SOURCE,200000,400000,260000,520000,360000,720000
asus-rog-zephyrus-g14,ASUS ROG Zephyrus G14 (2024),win_laptop,asus,water-damage,Cấp cứu máy vô nước / Rớt nước,0,NO_SOURCE,950000,2400000,1250000,3100000,1700000,4300000
asus-rog-zephyrus-g14,ASUS ROG Zephyrus G14 (2024),win_laptop,asus,data-recovery,Cứu dữ liệu ổ cứng & Bo mạch,0,NO_SOURCE,950000,3000000,1250000,3900000,1700000,5400000
asus-rog-zephyrus-g14,ASUS ROG Zephyrus G14 (2024),win_laptop,asus,diagnostic,Kiểm tra chẩn đoán toàn diện,0,NO_SOURCE,0,0,0,0,0,0
asus-rog-zephyrus-g14,ASUS ROG Zephyrus G14 (2024),win_laptop,asus,vga-gpu,Sửa Card đồ họa rời (VGA / GPU / VRAM),0,NO_SOURCE,2200000,4800000,2850000,6250000,3950000,8650000
asus-rog-zephyrus-g16,ASUS ROG Zephyrus G16 (2024),win_laptop,asus,screen,Thay màn hình hiển thị,0,NO_SOURCE,2800000,5500000,3650000,7150000,5050000,9900000
asus-rog-zephyrus-g16,ASUS ROG Zephyrus G16 (2024),win_laptop,asus,battery,Thay pin dung lượng cao / Pin Zin,0,NO_SOURCE,1200000,2200000,1550000,2850000,2150000,3950000
asus-rog-zephyrus-g16,ASUS ROG Zephyrus G16 (2024),win_laptop,asus,keyboard,Bàn phím liệt / Kẹt nút bấm,0,NO_SOURCE,950000,2100000,1250000,2750000,1700000,3800000
asus-rog-zephyrus-g16,ASUS ROG Zephyrus G16 (2024),win_laptop,asus,trackpad,Chuột cảm ứng / Trackpad,0,NO_SOURCE,700000,1400000,910000,1800000,1250000,2500000
asus-rog-zephyrus-g16,ASUS ROG Zephyrus G16 (2024),win_laptop,asus,charging-port,Sửa chân sạc / Cổng kết nối,0,NO_SOURCE,600000,1100000,780000,1450000,1100000,2000000
asus-rog-zephyrus-g16,ASUS ROG Zephyrus G16 (2024),win_laptop,asus,hinge-body,Sửa gãy bản lề / Vỏ khung sườn,0,NO_SOURCE,850000,1800000,1100000,2350000,1550000,3250000
asus-rog-zephyrus-g16,ASUS ROG Zephyrus G16 (2024),win_laptop,asus,mainboard,Sửa mất nguồn / Lỗi Mainboard,0,NO_SOURCE,1800000,4500000,2350000,5850000,3250000,8100000
asus-rog-zephyrus-g16,ASUS ROG Zephyrus G16 (2024),win_laptop,asus,speaker,Loa trong / Loa ngoài rè,0,NO_SOURCE,550000,1100000,720000,1450000,990000,2000000
asus-rog-zephyrus-g16,ASUS ROG Zephyrus G16 (2024),win_laptop,asus,mic,Hỏng Micro (Nói không nghe),0,NO_SOURCE,400000,750000,520000,980000,720000,1350000
asus-rog-zephyrus-g16,ASUS ROG Zephyrus G16 (2024),win_laptop,asus,camera,Thay camera trước / sau,0,NO_SOURCE,550000,1100000,720000,1450000,990000,2000000
asus-rog-zephyrus-g16,ASUS ROG Zephyrus G16 (2024),win_laptop,asus,thermal,Vệ sinh máy & Tra keo tản nhiệt,0,NO_SOURCE,350000,600000,460000,780000,630000,1100000
asus-rog-zephyrus-g16,ASUS ROG Zephyrus G16 (2024),win_laptop,asus,ssd-upgrade,Nâng cấp ổ cứng SSD siêu tốc,0,NO_SOURCE,1100000,2800000,1450000,3650000,2000000,5050000
asus-rog-zephyrus-g16,ASUS ROG Zephyrus G16 (2024),win_laptop,asus,software,Cài Hệ điều hành & Phần mềm,0,NO_SOURCE,200000,400000,260000,520000,360000,720000
asus-rog-zephyrus-g16,ASUS ROG Zephyrus G16 (2024),win_laptop,asus,water-damage,Cấp cứu máy vô nước / Rớt nước,0,NO_SOURCE,950000,2400000,1250000,3100000,1700000,4300000
asus-rog-zephyrus-g16,ASUS ROG Zephyrus G16 (2024),win_laptop,asus,data-recovery,Cứu dữ liệu ổ cứng & Bo mạch,0,NO_SOURCE,950000,3000000,1250000,3900000,1700000,5400000
asus-rog-zephyrus-g16,ASUS ROG Zephyrus G16 (2024),win_laptop,asus,diagnostic,Kiểm tra chẩn đoán toàn diện,0,NO_SOURCE,0,0,0,0,0,0
asus-rog-zephyrus-g16,ASUS ROG Zephyrus G16 (2024),win_laptop,asus,vga-gpu,Sửa Card đồ họa rời (VGA / GPU / VRAM),0,NO_SOURCE,2200000,4800000,2850000,6250000,3950000,8650000
asus-rog-flow-z13,ASUS ROG Flow Z13,win_laptop,asus,screen,Thay màn hình hiển thị,0,NO_SOURCE,2800000,5500000,3650000,7150000,5050000,9900000
asus-rog-flow-z13,ASUS ROG Flow Z13,win_laptop,asus,battery,Thay pin dung lượng cao / Pin Zin,0,NO_SOURCE,1200000,2200000,1550000,2850000,2150000,3950000
asus-rog-flow-z13,ASUS ROG Flow Z13,win_laptop,asus,keyboard,Bàn phím liệt / Kẹt nút bấm,0,NO_SOURCE,950000,2100000,1250000,2750000,1700000,3800000
asus-rog-flow-z13,ASUS ROG Flow Z13,win_laptop,asus,trackpad,Chuột cảm ứng / Trackpad,0,NO_SOURCE,700000,1400000,910000,1800000,1250000,2500000
asus-rog-flow-z13,ASUS ROG Flow Z13,win_laptop,asus,charging-port,Sửa chân sạc / Cổng kết nối,0,NO_SOURCE,600000,1100000,780000,1450000,1100000,2000000
asus-rog-flow-z13,ASUS ROG Flow Z13,win_laptop,asus,hinge-body,Sửa gãy bản lề / Vỏ khung sườn,0,NO_SOURCE,850000,1800000,1100000,2350000,1550000,3250000
asus-rog-flow-z13,ASUS ROG Flow Z13,win_laptop,asus,mainboard,Sửa mất nguồn / Lỗi Mainboard,0,NO_SOURCE,1800000,4500000,2350000,5850000,3250000,8100000
asus-rog-flow-z13,ASUS ROG Flow Z13,win_laptop,asus,speaker,Loa trong / Loa ngoài rè,0,NO_SOURCE,550000,1100000,720000,1450000,990000,2000000
asus-rog-flow-z13,ASUS ROG Flow Z13,win_laptop,asus,mic,Hỏng Micro (Nói không nghe),0,NO_SOURCE,400000,750000,520000,980000,720000,1350000
asus-rog-flow-z13,ASUS ROG Flow Z13,win_laptop,asus,camera,Thay camera trước / sau,0,NO_SOURCE,550000,1100000,720000,1450000,990000,2000000
asus-rog-flow-z13,ASUS ROG Flow Z13,win_laptop,asus,thermal,Vệ sinh máy & Tra keo tản nhiệt,0,NO_SOURCE,350000,600000,460000,780000,630000,1100000
asus-rog-flow-z13,ASUS ROG Flow Z13,win_laptop,asus,ssd-upgrade,Nâng cấp ổ cứng SSD siêu tốc,0,NO_SOURCE,1100000,2800000,1450000,3650000,2000000,5050000
asus-rog-flow-z13,ASUS ROG Flow Z13,win_laptop,asus,software,Cài Hệ điều hành & Phần mềm,0,NO_SOURCE,200000,400000,260000,520000,360000,720000
asus-rog-flow-z13,ASUS ROG Flow Z13,win_laptop,asus,water-damage,Cấp cứu máy vô nước / Rớt nước,0,NO_SOURCE,950000,2400000,1250000,3100000,1700000,4300000
asus-rog-flow-z13,ASUS ROG Flow Z13,win_laptop,asus,data-recovery,Cứu dữ liệu ổ cứng & Bo mạch,0,NO_SOURCE,950000,3000000,1250000,3900000,1700000,5400000
asus-rog-flow-z13,ASUS ROG Flow Z13,win_laptop,asus,diagnostic,Kiểm tra chẩn đoán toàn diện,0,NO_SOURCE,0,0,0,0,0,0
asus-rog-flow-z13,ASUS ROG Flow Z13,win_laptop,asus,vga-gpu,Sửa Card đồ họa rời (VGA / GPU / VRAM),0,NO_SOURCE,2200000,4800000,2850000,6250000,3950000,8650000
asus-zenbook-14-oled-ux3405,ASUS Zenbook 14 OLED UX3405,win_laptop,asus,screen,Thay màn hình hiển thị,0,NO_SOURCE,1800000,3200000,2350000,4150000,3250000,5750000
asus-zenbook-14-oled-ux3405,ASUS Zenbook 14 OLED UX3405,win_laptop,asus,battery,Thay pin dung lượng cao / Pin Zin,0,NO_SOURCE,850000,1500000,1100000,1950000,1550000,2700000
asus-zenbook-14-oled-ux3405,ASUS Zenbook 14 OLED UX3405,win_laptop,asus,keyboard,Bàn phím liệt / Kẹt nút bấm,0,NO_SOURCE,650000,1300000,840000,1700000,1150000,2350000
asus-zenbook-14-oled-ux3405,ASUS Zenbook 14 OLED UX3405,win_laptop,asus,trackpad,Chuột cảm ứng / Trackpad,0,NO_SOURCE,500000,900000,650000,1150000,900000,1600000
asus-zenbook-14-oled-ux3405,ASUS Zenbook 14 OLED UX3405,win_laptop,asus,charging-port,Sửa chân sạc / Cổng kết nối,0,NO_SOURCE,450000,800000,580000,1050000,810000,1450000
asus-zenbook-14-oled-ux3405,ASUS Zenbook 14 OLED UX3405,win_laptop,asus,hinge-body,Sửa gãy bản lề / Vỏ khung sườn,0,NO_SOURCE,600000,1100000,780000,1450000,1100000,2000000
asus-zenbook-14-oled-ux3405,ASUS Zenbook 14 OLED UX3405,win_laptop,asus,mainboard,Sửa mất nguồn / Lỗi Mainboard,0,NO_SOURCE,1200000,2800000,1550000,3650000,2150000,5050000
asus-zenbook-14-oled-ux3405,ASUS Zenbook 14 OLED UX3405,win_laptop,asus,speaker,Loa trong / Loa ngoài rè,0,NO_SOURCE,400000,750000,520000,980000,720000,1350000
asus-zenbook-14-oled-ux3405,ASUS Zenbook 14 OLED UX3405,win_laptop,asus,mic,Hỏng Micro (Nói không nghe),0,NO_SOURCE,300000,550000,390000,720000,540000,990000
asus-zenbook-14-oled-ux3405,ASUS Zenbook 14 OLED UX3405,win_laptop,asus,camera,Thay camera trước / sau,0,NO_SOURCE,400000,750000,520000,980000,720000,1350000
asus-zenbook-14-oled-ux3405,ASUS Zenbook 14 OLED UX3405,win_laptop,asus,thermal,Vệ sinh máy & Tra keo tản nhiệt,0,NO_SOURCE,250000,400000,320000,520000,450000,720000
asus-zenbook-14-oled-ux3405,ASUS Zenbook 14 OLED UX3405,win_laptop,asus,ssd-upgrade,Nâng cấp ổ cứng SSD siêu tốc,0,NO_SOURCE,800000,1900000,1050000,2450000,1450000,3400000
asus-zenbook-14-oled-ux3405,ASUS Zenbook 14 OLED UX3405,win_laptop,asus,software,Cài Hệ điều hành & Phần mềm,0,NO_SOURCE,150000,300000,200000,390000,270000,540000
asus-zenbook-14-oled-ux3405,ASUS Zenbook 14 OLED UX3405,win_laptop,asus,water-damage,Cấp cứu máy vô nước / Rớt nước,0,NO_SOURCE,700000,1600000,910000,2100000,1250000,2900000
asus-zenbook-14-oled-ux3405,ASUS Zenbook 14 OLED UX3405,win_laptop,asus,data-recovery,Cứu dữ liệu ổ cứng & Bo mạch,0,NO_SOURCE,750000,2200000,980000,2850000,1350000,3950000
asus-zenbook-14-oled-ux3405,ASUS Zenbook 14 OLED UX3405,win_laptop,asus,diagnostic,Kiểm tra chẩn đoán toàn diện,0,NO_SOURCE,0,0,0,0,0,0
asus-zenbook-14-flip-oled,ASUS Zenbook 14 Flip OLED,win_laptop,asus,screen,Thay màn hình hiển thị,0,NO_SOURCE,1800000,3200000,2350000,4150000,3250000,5750000
asus-zenbook-14-flip-oled,ASUS Zenbook 14 Flip OLED,win_laptop,asus,battery,Thay pin dung lượng cao / Pin Zin,0,NO_SOURCE,850000,1500000,1100000,1950000,1550000,2700000
asus-zenbook-14-flip-oled,ASUS Zenbook 14 Flip OLED,win_laptop,asus,keyboard,Bàn phím liệt / Kẹt nút bấm,0,NO_SOURCE,650000,1300000,840000,1700000,1150000,2350000
asus-zenbook-14-flip-oled,ASUS Zenbook 14 Flip OLED,win_laptop,asus,trackpad,Chuột cảm ứng / Trackpad,0,NO_SOURCE,500000,900000,650000,1150000,900000,1600000
asus-zenbook-14-flip-oled,ASUS Zenbook 14 Flip OLED,win_laptop,asus,charging-port,Sửa chân sạc / Cổng kết nối,0,NO_SOURCE,450000,800000,580000,1050000,810000,1450000
asus-zenbook-14-flip-oled,ASUS Zenbook 14 Flip OLED,win_laptop,asus,hinge-body,Sửa gãy bản lề / Vỏ khung sườn,0,NO_SOURCE,600000,1100000,780000,1450000,1100000,2000000
asus-zenbook-14-flip-oled,ASUS Zenbook 14 Flip OLED,win_laptop,asus,mainboard,Sửa mất nguồn / Lỗi Mainboard,0,NO_SOURCE,1200000,2800000,1550000,3650000,2150000,5050000
asus-zenbook-14-flip-oled,ASUS Zenbook 14 Flip OLED,win_laptop,asus,speaker,Loa trong / Loa ngoài rè,0,NO_SOURCE,400000,750000,520000,980000,720000,1350000
asus-zenbook-14-flip-oled,ASUS Zenbook 14 Flip OLED,win_laptop,asus,mic,Hỏng Micro (Nói không nghe),0,NO_SOURCE,300000,550000,390000,720000,540000,990000
asus-zenbook-14-flip-oled,ASUS Zenbook 14 Flip OLED,win_laptop,asus,camera,Thay camera trước / sau,0,NO_SOURCE,400000,750000,520000,980000,720000,1350000
asus-zenbook-14-flip-oled,ASUS Zenbook 14 Flip OLED,win_laptop,asus,thermal,Vệ sinh máy & Tra keo tản nhiệt,0,NO_SOURCE,250000,400000,320000,520000,450000,720000
asus-zenbook-14-flip-oled,ASUS Zenbook 14 Flip OLED,win_laptop,asus,ssd-upgrade,Nâng cấp ổ cứng SSD siêu tốc,0,NO_SOURCE,800000,1900000,1050000,2450000,1450000,3400000
asus-zenbook-14-flip-oled,ASUS Zenbook 14 Flip OLED,win_laptop,asus,software,Cài Hệ điều hành & Phần mềm,0,NO_SOURCE,150000,300000,200000,390000,270000,540000
asus-zenbook-14-flip-oled,ASUS Zenbook 14 Flip OLED,win_laptop,asus,water-damage,Cấp cứu máy vô nước / Rớt nước,0,NO_SOURCE,700000,1600000,910000,2100000,1250000,2900000
asus-zenbook-14-flip-oled,ASUS Zenbook 14 Flip OLED,win_laptop,asus,data-recovery,Cứu dữ liệu ổ cứng & Bo mạch,0,NO_SOURCE,750000,2200000,980000,2850000,1350000,3950000
asus-zenbook-14-flip-oled,ASUS Zenbook 14 Flip OLED,win_laptop,asus,diagnostic,Kiểm tra chẩn đoán toàn diện,0,NO_SOURCE,0,0,0,0,0,0
asus-zenbook-duo-2024,ASUS Zenbook Duo (2024),win_laptop,asus,screen,Thay màn hình hiển thị,0,NO_SOURCE,2800000,5500000,3650000,7150000,5050000,9900000
asus-zenbook-duo-2024,ASUS Zenbook Duo (2024),win_laptop,asus,battery,Thay pin dung lượng cao / Pin Zin,0,NO_SOURCE,1200000,2200000,1550000,2850000,2150000,3950000
asus-zenbook-duo-2024,ASUS Zenbook Duo (2024),win_laptop,asus,keyboard,Bàn phím liệt / Kẹt nút bấm,0,NO_SOURCE,950000,2100000,1250000,2750000,1700000,3800000
asus-zenbook-duo-2024,ASUS Zenbook Duo (2024),win_laptop,asus,trackpad,Chuột cảm ứng / Trackpad,0,NO_SOURCE,700000,1400000,910000,1800000,1250000,2500000
asus-zenbook-duo-2024,ASUS Zenbook Duo (2024),win_laptop,asus,charging-port,Sửa chân sạc / Cổng kết nối,0,NO_SOURCE,600000,1100000,780000,1450000,1100000,2000000
asus-zenbook-duo-2024,ASUS Zenbook Duo (2024),win_laptop,asus,hinge-body,Sửa gãy bản lề / Vỏ khung sườn,0,NO_SOURCE,850000,1800000,1100000,2350000,1550000,3250000
asus-zenbook-duo-2024,ASUS Zenbook Duo (2024),win_laptop,asus,mainboard,Sửa mất nguồn / Lỗi Mainboard,0,NO_SOURCE,1800000,4500000,2350000,5850000,3250000,8100000
asus-zenbook-duo-2024,ASUS Zenbook Duo (2024),win_laptop,asus,speaker,Loa trong / Loa ngoài rè,0,NO_SOURCE,550000,1100000,720000,1450000,990000,2000000
asus-zenbook-duo-2024,ASUS Zenbook Duo (2024),win_laptop,asus,mic,Hỏng Micro (Nói không nghe),0,NO_SOURCE,400000,750000,520000,980000,720000,1350000
asus-zenbook-duo-2024,ASUS Zenbook Duo (2024),win_laptop,asus,camera,Thay camera trước / sau,0,NO_SOURCE,550000,1100000,720000,1450000,990000,2000000
asus-zenbook-duo-2024,ASUS Zenbook Duo (2024),win_laptop,asus,thermal,Vệ sinh máy & Tra keo tản nhiệt,0,NO_SOURCE,350000,600000,460000,780000,630000,1100000
asus-zenbook-duo-2024,ASUS Zenbook Duo (2024),win_laptop,asus,ssd-upgrade,Nâng cấp ổ cứng SSD siêu tốc,0,NO_SOURCE,1100000,2800000,1450000,3650000,2000000,5050000
asus-zenbook-duo-2024,ASUS Zenbook Duo (2024),win_laptop,asus,software,Cài Hệ điều hành & Phần mềm,0,NO_SOURCE,200000,400000,260000,520000,360000,720000
asus-zenbook-duo-2024,ASUS Zenbook Duo (2024),win_laptop,asus,water-damage,Cấp cứu máy vô nước / Rớt nước,0,NO_SOURCE,950000,2400000,1250000,3100000,1700000,4300000
asus-zenbook-duo-2024,ASUS Zenbook Duo (2024),win_laptop,asus,data-recovery,Cứu dữ liệu ổ cứng & Bo mạch,0,NO_SOURCE,950000,3000000,1250000,3900000,1700000,5400000
asus-zenbook-duo-2024,ASUS Zenbook Duo (2024),win_laptop,asus,diagnostic,Kiểm tra chẩn đoán toàn diện,0,NO_SOURCE,0,0,0,0,0,0
asus-vivobook-15-oled,ASUS Vivobook 15 OLED,win_laptop,asus,screen,Thay màn hình hiển thị,0,NO_SOURCE,1350000,2300000,1750000,3000000,2450000,4150000
asus-vivobook-15-oled,ASUS Vivobook 15 OLED,win_laptop,asus,battery,Thay pin dung lượng cao / Pin Zin,0,NO_SOURCE,650000,1150000,840000,1500000,1150000,2050000
asus-vivobook-15-oled,ASUS Vivobook 15 OLED,win_laptop,asus,keyboard,Bàn phím liệt / Kẹt nút bấm,0,NO_SOURCE,500000,950000,650000,1250000,900000,1700000
asus-vivobook-15-oled,ASUS Vivobook 15 OLED,win_laptop,asus,trackpad,Chuột cảm ứng / Trackpad,0,NO_SOURCE,400000,750000,520000,980000,720000,1350000
asus-vivobook-15-oled,ASUS Vivobook 15 OLED,win_laptop,asus,charging-port,Sửa chân sạc / Cổng kết nối,0,NO_SOURCE,350000,600000,460000,780000,630000,1100000
asus-vivobook-15-oled,ASUS Vivobook 15 OLED,win_laptop,asus,hinge-body,Sửa gãy bản lề / Vỏ khung sườn,0,NO_SOURCE,450000,850000,580000,1100000,810000,1550000
asus-vivobook-15-oled,ASUS Vivobook 15 OLED,win_laptop,asus,mainboard,Sửa mất nguồn / Lỗi Mainboard,0,NO_SOURCE,800000,1900000,1050000,2450000,1450000,3400000
asus-vivobook-15-oled,ASUS Vivobook 15 OLED,win_laptop,asus,speaker,Loa trong / Loa ngoài rè,0,NO_SOURCE,300000,550000,390000,720000,540000,990000
asus-vivobook-15-oled,ASUS Vivobook 15 OLED,win_laptop,asus,mic,Hỏng Micro (Nói không nghe),0,NO_SOURCE,250000,450000,320000,580000,450000,810000
asus-vivobook-15-oled,ASUS Vivobook 15 OLED,win_laptop,asus,camera,Thay camera trước / sau,0,NO_SOURCE,350000,650000,460000,840000,630000,1150000
asus-vivobook-15-oled,ASUS Vivobook 15 OLED,win_laptop,asus,thermal,Vệ sinh máy & Tra keo tản nhiệt,0,NO_SOURCE,180000,300000,230000,390000,320000,540000
asus-vivobook-15-oled,ASUS Vivobook 15 OLED,win_laptop,asus,ssd-upgrade,Nâng cấp ổ cứng SSD siêu tốc,0,NO_SOURCE,650000,1450000,840000,1900000,1150000,2600000
asus-vivobook-15-oled,ASUS Vivobook 15 OLED,win_laptop,asus,ram-upgrade,Nâng cấp bộ nhớ RAM,0,NO_SOURCE,500000,1100000,650000,1450000,900000,2000000
asus-vivobook-15-oled,ASUS Vivobook 15 OLED,win_laptop,asus,software,Cài Hệ điều hành & Phần mềm,0,NO_SOURCE,150000,250000,200000,320000,270000,450000
asus-vivobook-15-oled,ASUS Vivobook 15 OLED,win_laptop,asus,water-damage,Cấp cứu máy vô nước / Rớt nước,0,NO_SOURCE,500000,1200000,650000,1550000,900000,2150000
asus-vivobook-15-oled,ASUS Vivobook 15 OLED,win_laptop,asus,data-recovery,Cứu dữ liệu ổ cứng & Bo mạch,0,NO_SOURCE,600000,1800000,780000,2350000,1100000,3250000
asus-vivobook-15-oled,ASUS Vivobook 15 OLED,win_laptop,asus,diagnostic,Kiểm tra chẩn đoán toàn diện,0,NO_SOURCE,0,0,0,0,0,0
asus-vivobook-14,ASUS Vivobook 14,win_laptop,asus,screen,Thay màn hình hiển thị,0,NO_SOURCE,950000,1650000,1250000,2150000,1700000,2950000
asus-vivobook-14,ASUS Vivobook 14,win_laptop,asus,battery,Thay pin dung lượng cao / Pin Zin,0,NO_SOURCE,500000,850000,650000,1100000,900000,1550000
asus-vivobook-14,ASUS Vivobook 14,win_laptop,asus,keyboard,Bàn phím liệt / Kẹt nút bấm,0,NO_SOURCE,350000,650000,460000,840000,630000,1150000
asus-vivobook-14,ASUS Vivobook 14,win_laptop,asus,trackpad,Chuột cảm ứng / Trackpad,0,NO_SOURCE,300000,550000,390000,720000,540000,990000
asus-vivobook-14,ASUS Vivobook 14,win_laptop,asus,charging-port,Sửa chân sạc / Cổng kết nối,0,NO_SOURCE,250000,450000,320000,580000,450000,810000
asus-vivobook-14,ASUS Vivobook 14,win_laptop,asus,hinge-body,Sửa gãy bản lề / Vỏ khung sườn,0,NO_SOURCE,300000,600000,390000,780000,540000,1100000
asus-vivobook-14,ASUS Vivobook 14,win_laptop,asus,mainboard,Sửa mất nguồn / Lỗi Mainboard,0,NO_SOURCE,550000,1400000,720000,1800000,990000,2500000
asus-vivobook-14,ASUS Vivobook 14,win_laptop,asus,speaker,Loa trong / Loa ngoài rè,0,NO_SOURCE,250000,450000,320000,580000,450000,810000
asus-vivobook-14,ASUS Vivobook 14,win_laptop,asus,mic,Hỏng Micro (Nói không nghe),0,NO_SOURCE,200000,400000,260000,520000,360000,720000
asus-vivobook-14,ASUS Vivobook 14,win_laptop,asus,camera,Thay camera trước / sau,0,NO_SOURCE,250000,500000,320000,650000,450000,900000
asus-vivobook-14,ASUS Vivobook 14,win_laptop,asus,thermal,Vệ sinh máy & Tra keo tản nhiệt,0,NO_SOURCE,150000,250000,200000,320000,270000,450000
asus-vivobook-14,ASUS Vivobook 14,win_laptop,asus,ssd-upgrade,Nâng cấp ổ cứng SSD siêu tốc,0,NO_SOURCE,550000,1200000,720000,1550000,990000,2150000
asus-vivobook-14,ASUS Vivobook 14,win_laptop,asus,ram-upgrade,Nâng cấp bộ nhớ RAM,0,NO_SOURCE,450000,950000,580000,1250000,810000,1700000
asus-vivobook-14,ASUS Vivobook 14,win_laptop,asus,software,Cài Hệ điều hành & Phần mềm,0,NO_SOURCE,120000,200000,160000,260000,220000,360000
asus-vivobook-14,ASUS Vivobook 14,win_laptop,asus,water-damage,Cấp cứu máy vô nước / Rớt nước,0,NO_SOURCE,400000,900000,520000,1150000,720000,1600000
asus-vivobook-14,ASUS Vivobook 14,win_laptop,asus,data-recovery,Cứu dữ liệu ổ cứng & Bo mạch,0,NO_SOURCE,500000,1500000,650000,1950000,900000,2700000
asus-vivobook-14,ASUS Vivobook 14,win_laptop,asus,diagnostic,Kiểm tra chẩn đoán toàn diện,0,NO_SOURCE,0,0,0,0,0,0
asus-vivobook-pro-15-oled,ASUS Vivobook Pro 15 OLED,win_laptop,asus,screen,Thay màn hình hiển thị,0,NO_SOURCE,1800000,3200000,2350000,4150000,3250000,5750000
asus-vivobook-pro-15-oled,ASUS Vivobook Pro 15 OLED,win_laptop,asus,battery,Thay pin dung lượng cao / Pin Zin,0,NO_SOURCE,850000,1500000,1100000,1950000,1550000,2700000
asus-vivobook-pro-15-oled,ASUS Vivobook Pro 15 OLED,win_laptop,asus,keyboard,Bàn phím liệt / Kẹt nút bấm,0,NO_SOURCE,650000,1300000,840000,1700000,1150000,2350000
asus-vivobook-pro-15-oled,ASUS Vivobook Pro 15 OLED,win_laptop,asus,trackpad,Chuột cảm ứng / Trackpad,0,NO_SOURCE,500000,900000,650000,1150000,900000,1600000
asus-vivobook-pro-15-oled,ASUS Vivobook Pro 15 OLED,win_laptop,asus,charging-port,Sửa chân sạc / Cổng kết nối,0,NO_SOURCE,450000,800000,580000,1050000,810000,1450000
asus-vivobook-pro-15-oled,ASUS Vivobook Pro 15 OLED,win_laptop,asus,hinge-body,Sửa gãy bản lề / Vỏ khung sườn,0,NO_SOURCE,600000,1100000,780000,1450000,1100000,2000000
asus-vivobook-pro-15-oled,ASUS Vivobook Pro 15 OLED,win_laptop,asus,mainboard,Sửa mất nguồn / Lỗi Mainboard,0,NO_SOURCE,1200000,2800000,1550000,3650000,2150000,5050000
asus-vivobook-pro-15-oled,ASUS Vivobook Pro 15 OLED,win_laptop,asus,speaker,Loa trong / Loa ngoài rè,0,NO_SOURCE,400000,750000,520000,980000,720000,1350000
asus-vivobook-pro-15-oled,ASUS Vivobook Pro 15 OLED,win_laptop,asus,mic,Hỏng Micro (Nói không nghe),0,NO_SOURCE,300000,550000,390000,720000,540000,990000
asus-vivobook-pro-15-oled,ASUS Vivobook Pro 15 OLED,win_laptop,asus,camera,Thay camera trước / sau,0,NO_SOURCE,400000,750000,520000,980000,720000,1350000
asus-vivobook-pro-15-oled,ASUS Vivobook Pro 15 OLED,win_laptop,asus,thermal,Vệ sinh máy & Tra keo tản nhiệt,0,NO_SOURCE,250000,400000,320000,520000,450000,720000
asus-vivobook-pro-15-oled,ASUS Vivobook Pro 15 OLED,win_laptop,asus,ssd-upgrade,Nâng cấp ổ cứng SSD siêu tốc,0,NO_SOURCE,800000,1900000,1050000,2450000,1450000,3400000
asus-vivobook-pro-15-oled,ASUS Vivobook Pro 15 OLED,win_laptop,asus,ram-upgrade,Nâng cấp bộ nhớ RAM,0,NO_SOURCE,650000,1450000,840000,1900000,1150000,2600000
asus-vivobook-pro-15-oled,ASUS Vivobook Pro 15 OLED,win_laptop,asus,software,Cài Hệ điều hành & Phần mềm,0,NO_SOURCE,150000,300000,200000,390000,270000,540000
asus-vivobook-pro-15-oled,ASUS Vivobook Pro 15 OLED,win_laptop,asus,water-damage,Cấp cứu máy vô nước / Rớt nước,0,NO_SOURCE,700000,1600000,910000,2100000,1250000,2900000
asus-vivobook-pro-15-oled,ASUS Vivobook Pro 15 OLED,win_laptop,asus,data-recovery,Cứu dữ liệu ổ cứng & Bo mạch,0,NO_SOURCE,750000,2200000,980000,2850000,1350000,3950000
asus-vivobook-pro-15-oled,ASUS Vivobook Pro 15 OLED,win_laptop,asus,diagnostic,Kiểm tra chẩn đoán toàn diện,0,NO_SOURCE,0,0,0,0,0,0
asus-vivobook-pro-15-oled,ASUS Vivobook Pro 15 OLED,win_laptop,asus,vga-gpu,Sửa Card đồ họa rời (VGA / GPU / VRAM),0,NO_SOURCE,1400000,2900000,1800000,3750000,2500000,5200000
asus-vivobook-go-15,ASUS Vivobook Go 15,win_laptop,asus,screen,Thay màn hình hiển thị,0,NO_SOURCE,950000,1650000,1250000,2150000,1700000,2950000
asus-vivobook-go-15,ASUS Vivobook Go 15,win_laptop,asus,battery,Thay pin dung lượng cao / Pin Zin,0,NO_SOURCE,500000,850000,650000,1100000,900000,1550000
asus-vivobook-go-15,ASUS Vivobook Go 15,win_laptop,asus,keyboard,Bàn phím liệt / Kẹt nút bấm,0,NO_SOURCE,350000,650000,460000,840000,630000,1150000
asus-vivobook-go-15,ASUS Vivobook Go 15,win_laptop,asus,trackpad,Chuột cảm ứng / Trackpad,0,NO_SOURCE,300000,550000,390000,720000,540000,990000
asus-vivobook-go-15,ASUS Vivobook Go 15,win_laptop,asus,charging-port,Sửa chân sạc / Cổng kết nối,0,NO_SOURCE,250000,450000,320000,580000,450000,810000
asus-vivobook-go-15,ASUS Vivobook Go 15,win_laptop,asus,hinge-body,Sửa gãy bản lề / Vỏ khung sườn,0,NO_SOURCE,300000,600000,390000,780000,540000,1100000
asus-vivobook-go-15,ASUS Vivobook Go 15,win_laptop,asus,mainboard,Sửa mất nguồn / Lỗi Mainboard,0,NO_SOURCE,550000,1400000,720000,1800000,990000,2500000
asus-vivobook-go-15,ASUS Vivobook Go 15,win_laptop,asus,speaker,Loa trong / Loa ngoài rè,0,NO_SOURCE,250000,450000,320000,580000,450000,810000
asus-vivobook-go-15,ASUS Vivobook Go 15,win_laptop,asus,mic,Hỏng Micro (Nói không nghe),0,NO_SOURCE,200000,400000,260000,520000,360000,720000
asus-vivobook-go-15,ASUS Vivobook Go 15,win_laptop,asus,camera,Thay camera trước / sau,0,NO_SOURCE,250000,500000,320000,650000,450000,900000
asus-vivobook-go-15,ASUS Vivobook Go 15,win_laptop,asus,thermal,Vệ sinh máy & Tra keo tản nhiệt,0,NO_SOURCE,150000,250000,200000,320000,270000,450000
asus-vivobook-go-15,ASUS Vivobook Go 15,win_laptop,asus,ssd-upgrade,Nâng cấp ổ cứng SSD siêu tốc,0,NO_SOURCE,550000,1200000,720000,1550000,990000,2150000
asus-vivobook-go-15,ASUS Vivobook Go 15,win_laptop,asus,software,Cài Hệ điều hành & Phần mềm,0,NO_SOURCE,120000,200000,160000,260000,220000,360000
asus-vivobook-go-15,ASUS Vivobook Go 15,win_laptop,asus,water-damage,Cấp cứu máy vô nước / Rớt nước,0,NO_SOURCE,400000,900000,520000,1150000,720000,1600000
asus-vivobook-go-15,ASUS Vivobook Go 15,win_laptop,asus,data-recovery,Cứu dữ liệu ổ cứng & Bo mạch,0,NO_SOURCE,500000,1500000,650000,1950000,900000,2700000
asus-vivobook-go-15,ASUS Vivobook Go 15,win_laptop,asus,diagnostic,Kiểm tra chẩn đoán toàn diện,0,NO_SOURCE,0,0,0,0,0,0
asus-expertbook-b9-oled,ASUS ExpertBook B9 OLED,win_laptop,asus,screen,Thay màn hình hiển thị,0,NO_SOURCE,2800000,5500000,3650000,7150000,5050000,9900000
asus-expertbook-b9-oled,ASUS ExpertBook B9 OLED,win_laptop,asus,battery,Thay pin dung lượng cao / Pin Zin,0,NO_SOURCE,1200000,2200000,1550000,2850000,2150000,3950000
asus-expertbook-b9-oled,ASUS ExpertBook B9 OLED,win_laptop,asus,keyboard,Bàn phím liệt / Kẹt nút bấm,0,NO_SOURCE,950000,2100000,1250000,2750000,1700000,3800000
asus-expertbook-b9-oled,ASUS ExpertBook B9 OLED,win_laptop,asus,trackpad,Chuột cảm ứng / Trackpad,0,NO_SOURCE,700000,1400000,910000,1800000,1250000,2500000
asus-expertbook-b9-oled,ASUS ExpertBook B9 OLED,win_laptop,asus,charging-port,Sửa chân sạc / Cổng kết nối,0,NO_SOURCE,600000,1100000,780000,1450000,1100000,2000000
asus-expertbook-b9-oled,ASUS ExpertBook B9 OLED,win_laptop,asus,hinge-body,Sửa gãy bản lề / Vỏ khung sườn,0,NO_SOURCE,850000,1800000,1100000,2350000,1550000,3250000
asus-expertbook-b9-oled,ASUS ExpertBook B9 OLED,win_laptop,asus,mainboard,Sửa mất nguồn / Lỗi Mainboard,0,NO_SOURCE,1800000,4500000,2350000,5850000,3250000,8100000
asus-expertbook-b9-oled,ASUS ExpertBook B9 OLED,win_laptop,asus,speaker,Loa trong / Loa ngoài rè,0,NO_SOURCE,550000,1100000,720000,1450000,990000,2000000
asus-expertbook-b9-oled,ASUS ExpertBook B9 OLED,win_laptop,asus,mic,Hỏng Micro (Nói không nghe),0,NO_SOURCE,400000,750000,520000,980000,720000,1350000
asus-expertbook-b9-oled,ASUS ExpertBook B9 OLED,win_laptop,asus,camera,Thay camera trước / sau,0,NO_SOURCE,550000,1100000,720000,1450000,990000,2000000
asus-expertbook-b9-oled,ASUS ExpertBook B9 OLED,win_laptop,asus,thermal,Vệ sinh máy & Tra keo tản nhiệt,0,NO_SOURCE,350000,600000,460000,780000,630000,1100000
asus-expertbook-b9-oled,ASUS ExpertBook B9 OLED,win_laptop,asus,ssd-upgrade,Nâng cấp ổ cứng SSD siêu tốc,0,NO_SOURCE,1100000,2800000,1450000,3650000,2000000,5050000
asus-expertbook-b9-oled,ASUS ExpertBook B9 OLED,win_laptop,asus,software,Cài Hệ điều hành & Phần mềm,0,NO_SOURCE,200000,400000,260000,520000,360000,720000
asus-expertbook-b9-oled,ASUS ExpertBook B9 OLED,win_laptop,asus,water-damage,Cấp cứu máy vô nước / Rớt nước,0,NO_SOURCE,950000,2400000,1250000,3100000,1700000,4300000
asus-expertbook-b9-oled,ASUS ExpertBook B9 OLED,win_laptop,asus,data-recovery,Cứu dữ liệu ổ cứng & Bo mạch,0,NO_SOURCE,950000,3000000,1250000,3900000,1700000,5400000
asus-expertbook-b9-oled,ASUS ExpertBook B9 OLED,win_laptop,asus,diagnostic,Kiểm tra chẩn đoán toàn diện,0,NO_SOURCE,0,0,0,0,0,0
dell-xps-13-plus-9320,Dell XPS 13 Plus 9320,win_laptop,dell,screen,Thay màn hình hiển thị,0,NO_SOURCE,2800000,5500000,3650000,7150000,5050000,9900000
dell-xps-13-plus-9320,Dell XPS 13 Plus 9320,win_laptop,dell,battery,Thay pin dung lượng cao / Pin Zin,0,NO_SOURCE,1200000,2200000,1550000,2850000,2150000,3950000
dell-xps-13-plus-9320,Dell XPS 13 Plus 9320,win_laptop,dell,keyboard,Bàn phím liệt / Kẹt nút bấm,0,NO_SOURCE,950000,2100000,1250000,2750000,1700000,3800000
dell-xps-13-plus-9320,Dell XPS 13 Plus 9320,win_laptop,dell,trackpad,Chuột cảm ứng / Trackpad,0,NO_SOURCE,700000,1400000,910000,1800000,1250000,2500000
dell-xps-13-plus-9320,Dell XPS 13 Plus 9320,win_laptop,dell,charging-port,Sửa chân sạc / Cổng kết nối,0,NO_SOURCE,600000,1100000,780000,1450000,1100000,2000000
dell-xps-13-plus-9320,Dell XPS 13 Plus 9320,win_laptop,dell,hinge-body,Sửa gãy bản lề / Vỏ khung sườn,0,NO_SOURCE,850000,1800000,1100000,2350000,1550000,3250000
dell-xps-13-plus-9320,Dell XPS 13 Plus 9320,win_laptop,dell,mainboard,Sửa mất nguồn / Lỗi Mainboard,0,NO_SOURCE,1800000,4500000,2350000,5850000,3250000,8100000
dell-xps-13-plus-9320,Dell XPS 13 Plus 9320,win_laptop,dell,speaker,Loa trong / Loa ngoài rè,0,NO_SOURCE,550000,1100000,720000,1450000,990000,2000000
dell-xps-13-plus-9320,Dell XPS 13 Plus 9320,win_laptop,dell,mic,Hỏng Micro (Nói không nghe),0,NO_SOURCE,400000,750000,520000,980000,720000,1350000
dell-xps-13-plus-9320,Dell XPS 13 Plus 9320,win_laptop,dell,camera,Thay camera trước / sau,0,NO_SOURCE,550000,1100000,720000,1450000,990000,2000000
dell-xps-13-plus-9320,Dell XPS 13 Plus 9320,win_laptop,dell,thermal,Vệ sinh máy & Tra keo tản nhiệt,0,NO_SOURCE,350000,600000,460000,780000,630000,1100000
dell-xps-13-plus-9320,Dell XPS 13 Plus 9320,win_laptop,dell,ssd-upgrade,Nâng cấp ổ cứng SSD siêu tốc,0,NO_SOURCE,1100000,2800000,1450000,3650000,2000000,5050000
dell-xps-13-plus-9320,Dell XPS 13 Plus 9320,win_laptop,dell,software,Cài Hệ điều hành & Phần mềm,0,NO_SOURCE,200000,400000,260000,520000,360000,720000
dell-xps-13-plus-9320,Dell XPS 13 Plus 9320,win_laptop,dell,water-damage,Cấp cứu máy vô nước / Rớt nước,0,NO_SOURCE,950000,2400000,1250000,3100000,1700000,4300000
dell-xps-13-plus-9320,Dell XPS 13 Plus 9320,win_laptop,dell,data-recovery,Cứu dữ liệu ổ cứng & Bo mạch,0,NO_SOURCE,950000,3000000,1250000,3900000,1700000,5400000
dell-xps-13-plus-9320,Dell XPS 13 Plus 9320,win_laptop,dell,diagnostic,Kiểm tra chẩn đoán toàn diện,0,NO_SOURCE,0,0,0,0,0,0
dell-xps-13-9315,Dell XPS 13 9315,win_laptop,dell,screen,Thay màn hình hiển thị,0,NO_SOURCE,2800000,5500000,3650000,7150000,5050000,9900000
dell-xps-13-9315,Dell XPS 13 9315,win_laptop,dell,battery,Thay pin dung lượng cao / Pin Zin,0,NO_SOURCE,1200000,2200000,1550000,2850000,2150000,3950000
dell-xps-13-9315,Dell XPS 13 9315,win_laptop,dell,keyboard,Bàn phím liệt / Kẹt nút bấm,0,NO_SOURCE,950000,2100000,1250000,2750000,1700000,3800000
dell-xps-13-9315,Dell XPS 13 9315,win_laptop,dell,trackpad,Chuột cảm ứng / Trackpad,0,NO_SOURCE,700000,1400000,910000,1800000,1250000,2500000
dell-xps-13-9315,Dell XPS 13 9315,win_laptop,dell,charging-port,Sửa chân sạc / Cổng kết nối,0,NO_SOURCE,600000,1100000,780000,1450000,1100000,2000000
dell-xps-13-9315,Dell XPS 13 9315,win_laptop,dell,hinge-body,Sửa gãy bản lề / Vỏ khung sườn,0,NO_SOURCE,850000,1800000,1100000,2350000,1550000,3250000
dell-xps-13-9315,Dell XPS 13 9315,win_laptop,dell,mainboard,Sửa mất nguồn / Lỗi Mainboard,0,NO_SOURCE,1800000,4500000,2350000,5850000,3250000,8100000
dell-xps-13-9315,Dell XPS 13 9315,win_laptop,dell,speaker,Loa trong / Loa ngoài rè,0,NO_SOURCE,550000,1100000,720000,1450000,990000,2000000
dell-xps-13-9315,Dell XPS 13 9315,win_laptop,dell,mic,Hỏng Micro (Nói không nghe),0,NO_SOURCE,400000,750000,520000,980000,720000,1350000
dell-xps-13-9315,Dell XPS 13 9315,win_laptop,dell,camera,Thay camera trước / sau,0,NO_SOURCE,550000,1100000,720000,1450000,990000,2000000
dell-xps-13-9315,Dell XPS 13 9315,win_laptop,dell,thermal,Vệ sinh máy & Tra keo tản nhiệt,0,NO_SOURCE,350000,600000,460000,780000,630000,1100000
dell-xps-13-9315,Dell XPS 13 9315,win_laptop,dell,ssd-upgrade,Nâng cấp ổ cứng SSD siêu tốc,0,NO_SOURCE,1100000,2800000,1450000,3650000,2000000,5050000
dell-xps-13-9315,Dell XPS 13 9315,win_laptop,dell,software,Cài Hệ điều hành & Phần mềm,0,NO_SOURCE,200000,400000,260000,520000,360000,720000
dell-xps-13-9315,Dell XPS 13 9315,win_laptop,dell,water-damage,Cấp cứu máy vô nước / Rớt nước,0,NO_SOURCE,950000,2400000,1250000,3100000,1700000,4300000
dell-xps-13-9315,Dell XPS 13 9315,win_laptop,dell,data-recovery,Cứu dữ liệu ổ cứng & Bo mạch,0,NO_SOURCE,950000,3000000,1250000,3900000,1700000,5400000
dell-xps-13-9315,Dell XPS 13 9315,win_laptop,dell,diagnostic,Kiểm tra chẩn đoán toàn diện,0,NO_SOURCE,0,0,0,0,0,0
dell-xps-15-9530,Dell XPS 15 9530,win_laptop,dell,screen,Thay màn hình hiển thị,0,NO_SOURCE,2800000,5500000,3650000,7150000,5050000,9900000
dell-xps-15-9530,Dell XPS 15 9530,win_laptop,dell,battery,Thay pin dung lượng cao / Pin Zin,0,NO_SOURCE,1200000,2200000,1550000,2850000,2150000,3950000
dell-xps-15-9530,Dell XPS 15 9530,win_laptop,dell,keyboard,Bàn phím liệt / Kẹt nút bấm,0,NO_SOURCE,950000,2100000,1250000,2750000,1700000,3800000
dell-xps-15-9530,Dell XPS 15 9530,win_laptop,dell,trackpad,Chuột cảm ứng / Trackpad,0,NO_SOURCE,700000,1400000,910000,1800000,1250000,2500000
dell-xps-15-9530,Dell XPS 15 9530,win_laptop,dell,charging-port,Sửa chân sạc / Cổng kết nối,0,NO_SOURCE,600000,1100000,780000,1450000,1100000,2000000
dell-xps-15-9530,Dell XPS 15 9530,win_laptop,dell,hinge-body,Sửa gãy bản lề / Vỏ khung sườn,0,NO_SOURCE,850000,1800000,1100000,2350000,1550000,3250000
dell-xps-15-9530,Dell XPS 15 9530,win_laptop,dell,mainboard,Sửa mất nguồn / Lỗi Mainboard,0,NO_SOURCE,1800000,4500000,2350000,5850000,3250000,8100000
dell-xps-15-9530,Dell XPS 15 9530,win_laptop,dell,speaker,Loa trong / Loa ngoài rè,0,NO_SOURCE,550000,1100000,720000,1450000,990000,2000000
dell-xps-15-9530,Dell XPS 15 9530,win_laptop,dell,mic,Hỏng Micro (Nói không nghe),0,NO_SOURCE,400000,750000,520000,980000,720000,1350000
dell-xps-15-9530,Dell XPS 15 9530,win_laptop,dell,camera,Thay camera trước / sau,0,NO_SOURCE,550000,1100000,720000,1450000,990000,2000000
dell-xps-15-9530,Dell XPS 15 9530,win_laptop,dell,thermal,Vệ sinh máy & Tra keo tản nhiệt,0,NO_SOURCE,350000,600000,460000,780000,630000,1100000
dell-xps-15-9530,Dell XPS 15 9530,win_laptop,dell,ssd-upgrade,Nâng cấp ổ cứng SSD siêu tốc,0,NO_SOURCE,1100000,2800000,1450000,3650000,2000000,5050000
dell-xps-15-9530,Dell XPS 15 9530,win_laptop,dell,ram-upgrade,Nâng cấp bộ nhớ RAM,0,NO_SOURCE,850000,2200000,1100000,2850000,1550000,3950000
dell-xps-15-9530,Dell XPS 15 9530,win_laptop,dell,software,Cài Hệ điều hành & Phần mềm,0,NO_SOURCE,200000,400000,260000,520000,360000,720000
dell-xps-15-9530,Dell XPS 15 9530,win_laptop,dell,water-damage,Cấp cứu máy vô nước / Rớt nước,0,NO_SOURCE,950000,2400000,1250000,3100000,1700000,4300000
dell-xps-15-9530,Dell XPS 15 9530,win_laptop,dell,data-recovery,Cứu dữ liệu ổ cứng & Bo mạch,0,NO_SOURCE,950000,3000000,1250000,3900000,1700000,5400000
dell-xps-15-9530,Dell XPS 15 9530,win_laptop,dell,diagnostic,Kiểm tra chẩn đoán toàn diện,0,NO_SOURCE,0,0,0,0,0,0
dell-xps-15-9530,Dell XPS 15 9530,win_laptop,dell,vga-gpu,Sửa Card đồ họa rời (VGA / GPU / VRAM),0,NO_SOURCE,2200000,4800000,2850000,6250000,3950000,8650000
dell-xps-17-9730,Dell XPS 17 9730,win_laptop,dell,screen,Thay màn hình hiển thị,0,NO_SOURCE,2800000,5500000,3650000,7150000,5050000,9900000
dell-xps-17-9730,Dell XPS 17 9730,win_laptop,dell,battery,Thay pin dung lượng cao / Pin Zin,0,NO_SOURCE,1200000,2200000,1550000,2850000,2150000,3950000
dell-xps-17-9730,Dell XPS 17 9730,win_laptop,dell,keyboard,Bàn phím liệt / Kẹt nút bấm,0,NO_SOURCE,950000,2100000,1250000,2750000,1700000,3800000
dell-xps-17-9730,Dell XPS 17 9730,win_laptop,dell,trackpad,Chuột cảm ứng / Trackpad,0,NO_SOURCE,700000,1400000,910000,1800000,1250000,2500000
dell-xps-17-9730,Dell XPS 17 9730,win_laptop,dell,charging-port,Sửa chân sạc / Cổng kết nối,0,NO_SOURCE,600000,1100000,780000,1450000,1100000,2000000
dell-xps-17-9730,Dell XPS 17 9730,win_laptop,dell,hinge-body,Sửa gãy bản lề / Vỏ khung sườn,0,NO_SOURCE,850000,1800000,1100000,2350000,1550000,3250000
dell-xps-17-9730,Dell XPS 17 9730,win_laptop,dell,mainboard,Sửa mất nguồn / Lỗi Mainboard,0,NO_SOURCE,1800000,4500000,2350000,5850000,3250000,8100000
dell-xps-17-9730,Dell XPS 17 9730,win_laptop,dell,speaker,Loa trong / Loa ngoài rè,0,NO_SOURCE,550000,1100000,720000,1450000,990000,2000000
dell-xps-17-9730,Dell XPS 17 9730,win_laptop,dell,mic,Hỏng Micro (Nói không nghe),0,NO_SOURCE,400000,750000,520000,980000,720000,1350000
dell-xps-17-9730,Dell XPS 17 9730,win_laptop,dell,camera,Thay camera trước / sau,0,NO_SOURCE,550000,1100000,720000,1450000,990000,2000000
dell-xps-17-9730,Dell XPS 17 9730,win_laptop,dell,thermal,Vệ sinh máy & Tra keo tản nhiệt,0,NO_SOURCE,350000,600000,460000,780000,630000,1100000
dell-xps-17-9730,Dell XPS 17 9730,win_laptop,dell,ssd-upgrade,Nâng cấp ổ cứng SSD siêu tốc,0,NO_SOURCE,1100000,2800000,1450000,3650000,2000000,5050000
dell-xps-17-9730,Dell XPS 17 9730,win_laptop,dell,ram-upgrade,Nâng cấp bộ nhớ RAM,0,NO_SOURCE,850000,2200000,1100000,2850000,1550000,3950000
dell-xps-17-9730,Dell XPS 17 9730,win_laptop,dell,software,Cài Hệ điều hành & Phần mềm,0,NO_SOURCE,200000,400000,260000,520000,360000,720000
dell-xps-17-9730,Dell XPS 17 9730,win_laptop,dell,water-damage,Cấp cứu máy vô nước / Rớt nước,0,NO_SOURCE,950000,2400000,1250000,3100000,1700000,4300000
dell-xps-17-9730,Dell XPS 17 9730,win_laptop,dell,data-recovery,Cứu dữ liệu ổ cứng & Bo mạch,0,NO_SOURCE,950000,3000000,1250000,3900000,1700000,5400000
dell-xps-17-9730,Dell XPS 17 9730,win_laptop,dell,diagnostic,Kiểm tra chẩn đoán toàn diện,0,NO_SOURCE,0,0,0,0,0,0
dell-xps-17-9730,Dell XPS 17 9730,win_laptop,dell,vga-gpu,Sửa Card đồ họa rời (VGA / GPU / VRAM),0,NO_SOURCE,2200000,4800000,2850000,6250000,3950000,8650000
dell-xps-16-9640,Dell XPS 16 9640,win_laptop,dell,screen,Thay màn hình hiển thị,0,NO_SOURCE,2800000,5500000,3650000,7150000,5050000,9900000
dell-xps-16-9640,Dell XPS 16 9640,win_laptop,dell,battery,Thay pin dung lượng cao / Pin Zin,0,NO_SOURCE,1200000,2200000,1550000,2850000,2150000,3950000
dell-xps-16-9640,Dell XPS 16 9640,win_laptop,dell,keyboard,Bàn phím liệt / Kẹt nút bấm,0,NO_SOURCE,950000,2100000,1250000,2750000,1700000,3800000
dell-xps-16-9640,Dell XPS 16 9640,win_laptop,dell,trackpad,Chuột cảm ứng / Trackpad,0,NO_SOURCE,700000,1400000,910000,1800000,1250000,2500000
dell-xps-16-9640,Dell XPS 16 9640,win_laptop,dell,charging-port,Sửa chân sạc / Cổng kết nối,0,NO_SOURCE,600000,1100000,780000,1450000,1100000,2000000
dell-xps-16-9640,Dell XPS 16 9640,win_laptop,dell,hinge-body,Sửa gãy bản lề / Vỏ khung sườn,0,NO_SOURCE,850000,1800000,1100000,2350000,1550000,3250000
dell-xps-16-9640,Dell XPS 16 9640,win_laptop,dell,mainboard,Sửa mất nguồn / Lỗi Mainboard,0,NO_SOURCE,1800000,4500000,2350000,5850000,3250000,8100000
dell-xps-16-9640,Dell XPS 16 9640,win_laptop,dell,speaker,Loa trong / Loa ngoài rè,0,NO_SOURCE,550000,1100000,720000,1450000,990000,2000000
dell-xps-16-9640,Dell XPS 16 9640,win_laptop,dell,mic,Hỏng Micro (Nói không nghe),0,NO_SOURCE,400000,750000,520000,980000,720000,1350000
dell-xps-16-9640,Dell XPS 16 9640,win_laptop,dell,camera,Thay camera trước / sau,0,NO_SOURCE,550000,1100000,720000,1450000,990000,2000000
dell-xps-16-9640,Dell XPS 16 9640,win_laptop,dell,thermal,Vệ sinh máy & Tra keo tản nhiệt,0,NO_SOURCE,350000,600000,460000,780000,630000,1100000
dell-xps-16-9640,Dell XPS 16 9640,win_laptop,dell,ssd-upgrade,Nâng cấp ổ cứng SSD siêu tốc,0,NO_SOURCE,1100000,2800000,1450000,3650000,2000000,5050000
dell-xps-16-9640,Dell XPS 16 9640,win_laptop,dell,software,Cài Hệ điều hành & Phần mềm,0,NO_SOURCE,200000,400000,260000,520000,360000,720000
dell-xps-16-9640,Dell XPS 16 9640,win_laptop,dell,water-damage,Cấp cứu máy vô nước / Rớt nước,0,NO_SOURCE,950000,2400000,1250000,3100000,1700000,4300000
dell-xps-16-9640,Dell XPS 16 9640,win_laptop,dell,data-recovery,Cứu dữ liệu ổ cứng & Bo mạch,0,NO_SOURCE,950000,3000000,1250000,3900000,1700000,5400000
dell-xps-16-9640,Dell XPS 16 9640,win_laptop,dell,diagnostic,Kiểm tra chẩn đoán toàn diện,0,NO_SOURCE,0,0,0,0,0,0
dell-xps-16-9640,Dell XPS 16 9640,win_laptop,dell,vga-gpu,Sửa Card đồ họa rời (VGA / GPU / VRAM),0,NO_SOURCE,2200000,4800000,2850000,6250000,3950000,8650000
dell-inspiron-15-3520,Dell Inspiron 15 3520,win_laptop,dell,screen,Thay màn hình hiển thị,0,NO_SOURCE,950000,1650000,1250000,2150000,1700000,2950000
dell-inspiron-15-3520,Dell Inspiron 15 3520,win_laptop,dell,battery,Thay pin dung lượng cao / Pin Zin,0,NO_SOURCE,500000,850000,650000,1100000,900000,1550000
dell-inspiron-15-3520,Dell Inspiron 15 3520,win_laptop,dell,keyboard,Bàn phím liệt / Kẹt nút bấm,0,NO_SOURCE,350000,650000,460000,840000,630000,1150000
dell-inspiron-15-3520,Dell Inspiron 15 3520,win_laptop,dell,trackpad,Chuột cảm ứng / Trackpad,0,NO_SOURCE,300000,550000,390000,720000,540000,990000
dell-inspiron-15-3520,Dell Inspiron 15 3520,win_laptop,dell,charging-port,Sửa chân sạc / Cổng kết nối,0,NO_SOURCE,250000,450000,320000,580000,450000,810000
dell-inspiron-15-3520,Dell Inspiron 15 3520,win_laptop,dell,hinge-body,Sửa gãy bản lề / Vỏ khung sườn,0,NO_SOURCE,300000,600000,390000,780000,540000,1100000
dell-inspiron-15-3520,Dell Inspiron 15 3520,win_laptop,dell,mainboard,Sửa mất nguồn / Lỗi Mainboard,0,NO_SOURCE,550000,1400000,720000,1800000,990000,2500000
dell-inspiron-15-3520,Dell Inspiron 15 3520,win_laptop,dell,speaker,Loa trong / Loa ngoài rè,0,NO_SOURCE,250000,450000,320000,580000,450000,810000
dell-inspiron-15-3520,Dell Inspiron 15 3520,win_laptop,dell,mic,Hỏng Micro (Nói không nghe),0,NO_SOURCE,200000,400000,260000,520000,360000,720000
dell-inspiron-15-3520,Dell Inspiron 15 3520,win_laptop,dell,camera,Thay camera trước / sau,0,NO_SOURCE,250000,500000,320000,650000,450000,900000
dell-inspiron-15-3520,Dell Inspiron 15 3520,win_laptop,dell,thermal,Vệ sinh máy & Tra keo tản nhiệt,0,NO_SOURCE,150000,250000,200000,320000,270000,450000
dell-inspiron-15-3520,Dell Inspiron 15 3520,win_laptop,dell,ssd-upgrade,Nâng cấp ổ cứng SSD siêu tốc,0,NO_SOURCE,550000,1200000,720000,1550000,990000,2150000
dell-inspiron-15-3520,Dell Inspiron 15 3520,win_laptop,dell,ram-upgrade,Nâng cấp bộ nhớ RAM,0,NO_SOURCE,450000,950000,580000,1250000,810000,1700000
dell-inspiron-15-3520,Dell Inspiron 15 3520,win_laptop,dell,software,Cài Hệ điều hành & Phần mềm,0,NO_SOURCE,120000,200000,160000,260000,220000,360000
dell-inspiron-15-3520,Dell Inspiron 15 3520,win_laptop,dell,water-damage,Cấp cứu máy vô nước / Rớt nước,0,NO_SOURCE,400000,900000,520000,1150000,720000,1600000
dell-inspiron-15-3520,Dell Inspiron 15 3520,win_laptop,dell,data-recovery,Cứu dữ liệu ổ cứng & Bo mạch,0,NO_SOURCE,500000,1500000,650000,1950000,900000,2700000
dell-inspiron-15-3520,Dell Inspiron 15 3520,win_laptop,dell,diagnostic,Kiểm tra chẩn đoán toàn diện,0,NO_SOURCE,0,0,0,0,0,0
dell-inspiron-14-5430,Dell Inspiron 14 5430,win_laptop,dell,screen,Thay màn hình hiển thị,0,NO_SOURCE,1350000,2300000,1750000,3000000,2450000,4150000
dell-inspiron-14-5430,Dell Inspiron 14 5430,win_laptop,dell,battery,Thay pin dung lượng cao / Pin Zin,0,NO_SOURCE,650000,1150000,840000,1500000,1150000,2050000
dell-inspiron-14-5430,Dell Inspiron 14 5430,win_laptop,dell,keyboard,Bàn phím liệt / Kẹt nút bấm,0,NO_SOURCE,500000,950000,650000,1250000,900000,1700000
dell-inspiron-14-5430,Dell Inspiron 14 5430,win_laptop,dell,trackpad,Chuột cảm ứng / Trackpad,0,NO_SOURCE,400000,750000,520000,980000,720000,1350000
dell-inspiron-14-5430,Dell Inspiron 14 5430,win_laptop,dell,charging-port,Sửa chân sạc / Cổng kết nối,0,NO_SOURCE,350000,600000,460000,780000,630000,1100000
dell-inspiron-14-5430,Dell Inspiron 14 5430,win_laptop,dell,hinge-body,Sửa gãy bản lề / Vỏ khung sườn,0,NO_SOURCE,450000,850000,580000,1100000,810000,1550000
dell-inspiron-14-5430,Dell Inspiron 14 5430,win_laptop,dell,mainboard,Sửa mất nguồn / Lỗi Mainboard,0,NO_SOURCE,800000,1900000,1050000,2450000,1450000,3400000
dell-inspiron-14-5430,Dell Inspiron 14 5430,win_laptop,dell,speaker,Loa trong / Loa ngoài rè,0,NO_SOURCE,300000,550000,390000,720000,540000,990000
dell-inspiron-14-5430,Dell Inspiron 14 5430,win_laptop,dell,mic,Hỏng Micro (Nói không nghe),0,NO_SOURCE,250000,450000,320000,580000,450000,810000
dell-inspiron-14-5430,Dell Inspiron 14 5430,win_laptop,dell,camera,Thay camera trước / sau,0,NO_SOURCE,350000,650000,460000,840000,630000,1150000
dell-inspiron-14-5430,Dell Inspiron 14 5430,win_laptop,dell,thermal,Vệ sinh máy & Tra keo tản nhiệt,0,NO_SOURCE,180000,300000,230000,390000,320000,540000
dell-inspiron-14-5430,Dell Inspiron 14 5430,win_laptop,dell,ssd-upgrade,Nâng cấp ổ cứng SSD siêu tốc,0,NO_SOURCE,650000,1450000,840000,1900000,1150000,2600000
dell-inspiron-14-5430,Dell Inspiron 14 5430,win_laptop,dell,software,Cài Hệ điều hành & Phần mềm,0,NO_SOURCE,150000,250000,200000,320000,270000,450000
dell-inspiron-14-5430,Dell Inspiron 14 5430,win_laptop,dell,water-damage,Cấp cứu máy vô nước / Rớt nước,0,NO_SOURCE,500000,1200000,650000,1550000,900000,2150000
dell-inspiron-14-5430,Dell Inspiron 14 5430,win_laptop,dell,data-recovery,Cứu dữ liệu ổ cứng & Bo mạch,0,NO_SOURCE,600000,1800000,780000,2350000,1100000,3250000
dell-inspiron-14-5430,Dell Inspiron 14 5430,win_laptop,dell,diagnostic,Kiểm tra chẩn đoán toàn diện,0,NO_SOURCE,0,0,0,0,0,0
dell-inspiron-16-5630,Dell Inspiron 16 5630,win_laptop,dell,screen,Thay màn hình hiển thị,0,NO_SOURCE,1350000,2300000,1750000,3000000,2450000,4150000
dell-inspiron-16-5630,Dell Inspiron 16 5630,win_laptop,dell,battery,Thay pin dung lượng cao / Pin Zin,0,NO_SOURCE,650000,1150000,840000,1500000,1150000,2050000
dell-inspiron-16-5630,Dell Inspiron 16 5630,win_laptop,dell,keyboard,Bàn phím liệt / Kẹt nút bấm,0,NO_SOURCE,500000,950000,650000,1250000,900000,1700000
dell-inspiron-16-5630,Dell Inspiron 16 5630,win_laptop,dell,trackpad,Chuột cảm ứng / Trackpad,0,NO_SOURCE,400000,750000,520000,980000,720000,1350000
dell-inspiron-16-5630,Dell Inspiron 16 5630,win_laptop,dell,charging-port,Sửa chân sạc / Cổng kết nối,0,NO_SOURCE,350000,600000,460000,780000,630000,1100000
dell-inspiron-16-5630,Dell Inspiron 16 5630,win_laptop,dell,hinge-body,Sửa gãy bản lề / Vỏ khung sườn,0,NO_SOURCE,450000,850000,580000,1100000,810000,1550000
dell-inspiron-16-5630,Dell Inspiron 16 5630,win_laptop,dell,mainboard,Sửa mất nguồn / Lỗi Mainboard,0,NO_SOURCE,800000,1900000,1050000,2450000,1450000,3400000
dell-inspiron-16-5630,Dell Inspiron 16 5630,win_laptop,dell,speaker,Loa trong / Loa ngoài rè,0,NO_SOURCE,300000,550000,390000,720000,540000,990000
dell-inspiron-16-5630,Dell Inspiron 16 5630,win_laptop,dell,mic,Hỏng Micro (Nói không nghe),0,NO_SOURCE,250000,450000,320000,580000,450000,810000
dell-inspiron-16-5630,Dell Inspiron 16 5630,win_laptop,dell,camera,Thay camera trước / sau,0,NO_SOURCE,350000,650000,460000,840000,630000,1150000
dell-inspiron-16-5630,Dell Inspiron 16 5630,win_laptop,dell,thermal,Vệ sinh máy & Tra keo tản nhiệt,0,NO_SOURCE,180000,300000,230000,390000,320000,540000
dell-inspiron-16-5630,Dell Inspiron 16 5630,win_laptop,dell,ssd-upgrade,Nâng cấp ổ cứng SSD siêu tốc,0,NO_SOURCE,650000,1450000,840000,1900000,1150000,2600000
dell-inspiron-16-5630,Dell Inspiron 16 5630,win_laptop,dell,software,Cài Hệ điều hành & Phần mềm,0,NO_SOURCE,150000,250000,200000,320000,270000,450000
dell-inspiron-16-5630,Dell Inspiron 16 5630,win_laptop,dell,water-damage,Cấp cứu máy vô nước / Rớt nước,0,NO_SOURCE,500000,1200000,650000,1550000,900000,2150000
dell-inspiron-16-5630,Dell Inspiron 16 5630,win_laptop,dell,data-recovery,Cứu dữ liệu ổ cứng & Bo mạch,0,NO_SOURCE,600000,1800000,780000,2350000,1100000,3250000
dell-inspiron-16-5630,Dell Inspiron 16 5630,win_laptop,dell,diagnostic,Kiểm tra chẩn đoán toàn diện,0,NO_SOURCE,0,0,0,0,0,0
dell-inspiron-14-7430-2in1,Dell Inspiron 14 7430 2-in-1,win_laptop,dell,screen,Thay màn hình hiển thị,0,NO_SOURCE,1350000,2300000,1750000,3000000,2450000,4150000
dell-inspiron-14-7430-2in1,Dell Inspiron 14 7430 2-in-1,win_laptop,dell,battery,Thay pin dung lượng cao / Pin Zin,0,NO_SOURCE,650000,1150000,840000,1500000,1150000,2050000
dell-inspiron-14-7430-2in1,Dell Inspiron 14 7430 2-in-1,win_laptop,dell,keyboard,Bàn phím liệt / Kẹt nút bấm,0,NO_SOURCE,500000,950000,650000,1250000,900000,1700000
dell-inspiron-14-7430-2in1,Dell Inspiron 14 7430 2-in-1,win_laptop,dell,trackpad,Chuột cảm ứng / Trackpad,0,NO_SOURCE,400000,750000,520000,980000,720000,1350000
dell-inspiron-14-7430-2in1,Dell Inspiron 14 7430 2-in-1,win_laptop,dell,charging-port,Sửa chân sạc / Cổng kết nối,0,NO_SOURCE,350000,600000,460000,780000,630000,1100000
dell-inspiron-14-7430-2in1,Dell Inspiron 14 7430 2-in-1,win_laptop,dell,hinge-body,Sửa gãy bản lề / Vỏ khung sườn,0,NO_SOURCE,450000,850000,580000,1100000,810000,1550000
dell-inspiron-14-7430-2in1,Dell Inspiron 14 7430 2-in-1,win_laptop,dell,mainboard,Sửa mất nguồn / Lỗi Mainboard,0,NO_SOURCE,800000,1900000,1050000,2450000,1450000,3400000
dell-inspiron-14-7430-2in1,Dell Inspiron 14 7430 2-in-1,win_laptop,dell,speaker,Loa trong / Loa ngoài rè,0,NO_SOURCE,300000,550000,390000,720000,540000,990000
dell-inspiron-14-7430-2in1,Dell Inspiron 14 7430 2-in-1,win_laptop,dell,mic,Hỏng Micro (Nói không nghe),0,NO_SOURCE,250000,450000,320000,580000,450000,810000
dell-inspiron-14-7430-2in1,Dell Inspiron 14 7430 2-in-1,win_laptop,dell,camera,Thay camera trước / sau,0,NO_SOURCE,350000,650000,460000,840000,630000,1150000
dell-inspiron-14-7430-2in1,Dell Inspiron 14 7430 2-in-1,win_laptop,dell,thermal,Vệ sinh máy & Tra keo tản nhiệt,0,NO_SOURCE,180000,300000,230000,390000,320000,540000
dell-inspiron-14-7430-2in1,Dell Inspiron 14 7430 2-in-1,win_laptop,dell,ssd-upgrade,Nâng cấp ổ cứng SSD siêu tốc,0,NO_SOURCE,650000,1450000,840000,1900000,1150000,2600000
dell-inspiron-14-7430-2in1,Dell Inspiron 14 7430 2-in-1,win_laptop,dell,software,Cài Hệ điều hành & Phần mềm,0,NO_SOURCE,150000,250000,200000,320000,270000,450000
dell-inspiron-14-7430-2in1,Dell Inspiron 14 7430 2-in-1,win_laptop,dell,water-damage,Cấp cứu máy vô nước / Rớt nước,0,NO_SOURCE,500000,1200000,650000,1550000,900000,2150000
dell-inspiron-14-7430-2in1,Dell Inspiron 14 7430 2-in-1,win_laptop,dell,data-recovery,Cứu dữ liệu ổ cứng & Bo mạch,0,NO_SOURCE,600000,1800000,780000,2350000,1100000,3250000
dell-inspiron-14-7430-2in1,Dell Inspiron 14 7430 2-in-1,win_laptop,dell,diagnostic,Kiểm tra chẩn đoán toàn diện,0,NO_SOURCE,0,0,0,0,0,0
dell-latitude-7440,Dell Latitude 7440,win_laptop,dell,screen,Thay màn hình hiển thị,0,NO_SOURCE,1800000,3200000,2350000,4150000,3250000,5750000
dell-latitude-7440,Dell Latitude 7440,win_laptop,dell,battery,Thay pin dung lượng cao / Pin Zin,0,NO_SOURCE,850000,1500000,1100000,1950000,1550000,2700000
dell-latitude-7440,Dell Latitude 7440,win_laptop,dell,keyboard,Bàn phím liệt / Kẹt nút bấm,0,NO_SOURCE,650000,1300000,840000,1700000,1150000,2350000
dell-latitude-7440,Dell Latitude 7440,win_laptop,dell,trackpad,Chuột cảm ứng / Trackpad,0,NO_SOURCE,500000,900000,650000,1150000,900000,1600000
dell-latitude-7440,Dell Latitude 7440,win_laptop,dell,charging-port,Sửa chân sạc / Cổng kết nối,0,NO_SOURCE,450000,800000,580000,1050000,810000,1450000
dell-latitude-7440,Dell Latitude 7440,win_laptop,dell,hinge-body,Sửa gãy bản lề / Vỏ khung sườn,0,NO_SOURCE,600000,1100000,780000,1450000,1100000,2000000
dell-latitude-7440,Dell Latitude 7440,win_laptop,dell,mainboard,Sửa mất nguồn / Lỗi Mainboard,0,NO_SOURCE,1200000,2800000,1550000,3650000,2150000,5050000
dell-latitude-7440,Dell Latitude 7440,win_laptop,dell,speaker,Loa trong / Loa ngoài rè,0,NO_SOURCE,400000,750000,520000,980000,720000,1350000
dell-latitude-7440,Dell Latitude 7440,win_laptop,dell,mic,Hỏng Micro (Nói không nghe),0,NO_SOURCE,300000,550000,390000,720000,540000,990000
dell-latitude-7440,Dell Latitude 7440,win_laptop,dell,camera,Thay camera trước / sau,0,NO_SOURCE,400000,750000,520000,980000,720000,1350000
dell-latitude-7440,Dell Latitude 7440,win_laptop,dell,thermal,Vệ sinh máy & Tra keo tản nhiệt,0,NO_SOURCE,250000,400000,320000,520000,450000,720000
dell-latitude-7440,Dell Latitude 7440,win_laptop,dell,ssd-upgrade,Nâng cấp ổ cứng SSD siêu tốc,0,NO_SOURCE,800000,1900000,1050000,2450000,1450000,3400000
dell-latitude-7440,Dell Latitude 7440,win_laptop,dell,software,Cài Hệ điều hành & Phần mềm,0,NO_SOURCE,150000,300000,200000,390000,270000,540000
dell-latitude-7440,Dell Latitude 7440,win_laptop,dell,water-damage,Cấp cứu máy vô nước / Rớt nước,0,NO_SOURCE,700000,1600000,910000,2100000,1250000,2900000
dell-latitude-7440,Dell Latitude 7440,win_laptop,dell,data-recovery,Cứu dữ liệu ổ cứng & Bo mạch,0,NO_SOURCE,750000,2200000,980000,2850000,1350000,3950000
dell-latitude-7440,Dell Latitude 7440,win_laptop,dell,diagnostic,Kiểm tra chẩn đoán toàn diện,0,NO_SOURCE,0,0,0,0,0,0
dell-latitude-5440,Dell Latitude 5440,win_laptop,dell,screen,Thay màn hình hiển thị,0,NO_SOURCE,1800000,3200000,2350000,4150000,3250000,5750000
dell-latitude-5440,Dell Latitude 5440,win_laptop,dell,battery,Thay pin dung lượng cao / Pin Zin,0,NO_SOURCE,850000,1500000,1100000,1950000,1550000,2700000
dell-latitude-5440,Dell Latitude 5440,win_laptop,dell,keyboard,Bàn phím liệt / Kẹt nút bấm,0,NO_SOURCE,650000,1300000,840000,1700000,1150000,2350000
dell-latitude-5440,Dell Latitude 5440,win_laptop,dell,trackpad,Chuột cảm ứng / Trackpad,0,NO_SOURCE,500000,900000,650000,1150000,900000,1600000
dell-latitude-5440,Dell Latitude 5440,win_laptop,dell,charging-port,Sửa chân sạc / Cổng kết nối,0,NO_SOURCE,450000,800000,580000,1050000,810000,1450000
dell-latitude-5440,Dell Latitude 5440,win_laptop,dell,hinge-body,Sửa gãy bản lề / Vỏ khung sườn,0,NO_SOURCE,600000,1100000,780000,1450000,1100000,2000000
dell-latitude-5440,Dell Latitude 5440,win_laptop,dell,mainboard,Sửa mất nguồn / Lỗi Mainboard,0,NO_SOURCE,1200000,2800000,1550000,3650000,2150000,5050000
dell-latitude-5440,Dell Latitude 5440,win_laptop,dell,speaker,Loa trong / Loa ngoài rè,0,NO_SOURCE,400000,750000,520000,980000,720000,1350000
dell-latitude-5440,Dell Latitude 5440,win_laptop,dell,mic,Hỏng Micro (Nói không nghe),0,NO_SOURCE,300000,550000,390000,720000,540000,990000
dell-latitude-5440,Dell Latitude 5440,win_laptop,dell,camera,Thay camera trước / sau,0,NO_SOURCE,400000,750000,520000,980000,720000,1350000
dell-latitude-5440,Dell Latitude 5440,win_laptop,dell,thermal,Vệ sinh máy & Tra keo tản nhiệt,0,NO_SOURCE,250000,400000,320000,520000,450000,720000
dell-latitude-5440,Dell Latitude 5440,win_laptop,dell,ssd-upgrade,Nâng cấp ổ cứng SSD siêu tốc,0,NO_SOURCE,800000,1900000,1050000,2450000,1450000,3400000
dell-latitude-5440,Dell Latitude 5440,win_laptop,dell,ram-upgrade,Nâng cấp bộ nhớ RAM,0,NO_SOURCE,650000,1450000,840000,1900000,1150000,2600000
dell-latitude-5440,Dell Latitude 5440,win_laptop,dell,software,Cài Hệ điều hành & Phần mềm,0,NO_SOURCE,150000,300000,200000,390000,270000,540000
dell-latitude-5440,Dell Latitude 5440,win_laptop,dell,water-damage,Cấp cứu máy vô nước / Rớt nước,0,NO_SOURCE,700000,1600000,910000,2100000,1250000,2900000
dell-latitude-5440,Dell Latitude 5440,win_laptop,dell,data-recovery,Cứu dữ liệu ổ cứng & Bo mạch,0,NO_SOURCE,750000,2200000,980000,2850000,1350000,3950000
dell-latitude-5440,Dell Latitude 5440,win_laptop,dell,diagnostic,Kiểm tra chẩn đoán toàn diện,0,NO_SOURCE,0,0,0,0,0,0
dell-latitude-3440,Dell Latitude 3440,win_laptop,dell,screen,Thay màn hình hiển thị,0,NO_SOURCE,1350000,2300000,1750000,3000000,2450000,4150000
dell-latitude-3440,Dell Latitude 3440,win_laptop,dell,battery,Thay pin dung lượng cao / Pin Zin,0,NO_SOURCE,650000,1150000,840000,1500000,1150000,2050000
dell-latitude-3440,Dell Latitude 3440,win_laptop,dell,keyboard,Bàn phím liệt / Kẹt nút bấm,0,NO_SOURCE,500000,950000,650000,1250000,900000,1700000
dell-latitude-3440,Dell Latitude 3440,win_laptop,dell,trackpad,Chuột cảm ứng / Trackpad,0,NO_SOURCE,400000,750000,520000,980000,720000,1350000
dell-latitude-3440,Dell Latitude 3440,win_laptop,dell,charging-port,Sửa chân sạc / Cổng kết nối,0,NO_SOURCE,350000,600000,460000,780000,630000,1100000
dell-latitude-3440,Dell Latitude 3440,win_laptop,dell,hinge-body,Sửa gãy bản lề / Vỏ khung sườn,0,NO_SOURCE,450000,850000,580000,1100000,810000,1550000
dell-latitude-3440,Dell Latitude 3440,win_laptop,dell,mainboard,Sửa mất nguồn / Lỗi Mainboard,0,NO_SOURCE,800000,1900000,1050000,2450000,1450000,3400000
dell-latitude-3440,Dell Latitude 3440,win_laptop,dell,speaker,Loa trong / Loa ngoài rè,0,NO_SOURCE,300000,550000,390000,720000,540000,990000
dell-latitude-3440,Dell Latitude 3440,win_laptop,dell,mic,Hỏng Micro (Nói không nghe),0,NO_SOURCE,250000,450000,320000,580000,450000,810000
dell-latitude-3440,Dell Latitude 3440,win_laptop,dell,camera,Thay camera trước / sau,0,NO_SOURCE,350000,650000,460000,840000,630000,1150000
dell-latitude-3440,Dell Latitude 3440,win_laptop,dell,thermal,Vệ sinh máy & Tra keo tản nhiệt,0,NO_SOURCE,180000,300000,230000,390000,320000,540000
dell-latitude-3440,Dell Latitude 3440,win_laptop,dell,ssd-upgrade,Nâng cấp ổ cứng SSD siêu tốc,0,NO_SOURCE,650000,1450000,840000,1900000,1150000,2600000
dell-latitude-3440,Dell Latitude 3440,win_laptop,dell,ram-upgrade,Nâng cấp bộ nhớ RAM,0,NO_SOURCE,500000,1100000,650000,1450000,900000,2000000
dell-latitude-3440,Dell Latitude 3440,win_laptop,dell,software,Cài Hệ điều hành & Phần mềm,0,NO_SOURCE,150000,250000,200000,320000,270000,450000
dell-latitude-3440,Dell Latitude 3440,win_laptop,dell,water-damage,Cấp cứu máy vô nước / Rớt nước,0,NO_SOURCE,500000,1200000,650000,1550000,900000,2150000
dell-latitude-3440,Dell Latitude 3440,win_laptop,dell,data-recovery,Cứu dữ liệu ổ cứng & Bo mạch,0,NO_SOURCE,600000,1800000,780000,2350000,1100000,3250000
dell-latitude-3440,Dell Latitude 3440,win_laptop,dell,diagnostic,Kiểm tra chẩn đoán toàn diện,0,NO_SOURCE,0,0,0,0,0,0
dell-latitude-7330-ultralight,Dell Latitude 7330 Ultralight,win_laptop,dell,screen,Thay màn hình hiển thị,0,NO_SOURCE,1800000,3200000,2350000,4150000,3250000,5750000
dell-latitude-7330-ultralight,Dell Latitude 7330 Ultralight,win_laptop,dell,battery,Thay pin dung lượng cao / Pin Zin,0,NO_SOURCE,850000,1500000,1100000,1950000,1550000,2700000
dell-latitude-7330-ultralight,Dell Latitude 7330 Ultralight,win_laptop,dell,keyboard,Bàn phím liệt / Kẹt nút bấm,0,NO_SOURCE,650000,1300000,840000,1700000,1150000,2350000
dell-latitude-7330-ultralight,Dell Latitude 7330 Ultralight,win_laptop,dell,trackpad,Chuột cảm ứng / Trackpad,0,NO_SOURCE,500000,900000,650000,1150000,900000,1600000
dell-latitude-7330-ultralight,Dell Latitude 7330 Ultralight,win_laptop,dell,charging-port,Sửa chân sạc / Cổng kết nối,0,NO_SOURCE,450000,800000,580000,1050000,810000,1450000
dell-latitude-7330-ultralight,Dell Latitude 7330 Ultralight,win_laptop,dell,hinge-body,Sửa gãy bản lề / Vỏ khung sườn,0,NO_SOURCE,600000,1100000,780000,1450000,1100000,2000000
dell-latitude-7330-ultralight,Dell Latitude 7330 Ultralight,win_laptop,dell,mainboard,Sửa mất nguồn / Lỗi Mainboard,0,NO_SOURCE,1200000,2800000,1550000,3650000,2150000,5050000
dell-latitude-7330-ultralight,Dell Latitude 7330 Ultralight,win_laptop,dell,speaker,Loa trong / Loa ngoài rè,0,NO_SOURCE,400000,750000,520000,980000,720000,1350000
dell-latitude-7330-ultralight,Dell Latitude 7330 Ultralight,win_laptop,dell,mic,Hỏng Micro (Nói không nghe),0,NO_SOURCE,300000,550000,390000,720000,540000,990000
dell-latitude-7330-ultralight,Dell Latitude 7330 Ultralight,win_laptop,dell,camera,Thay camera trước / sau,0,NO_SOURCE,400000,750000,520000,980000,720000,1350000
dell-latitude-7330-ultralight,Dell Latitude 7330 Ultralight,win_laptop,dell,thermal,Vệ sinh máy & Tra keo tản nhiệt,0,NO_SOURCE,250000,400000,320000,520000,450000,720000
dell-latitude-7330-ultralight,Dell Latitude 7330 Ultralight,win_laptop,dell,ssd-upgrade,Nâng cấp ổ cứng SSD siêu tốc,0,NO_SOURCE,800000,1900000,1050000,2450000,1450000,3400000
dell-latitude-7330-ultralight,Dell Latitude 7330 Ultralight,win_laptop,dell,software,Cài Hệ điều hành & Phần mềm,0,NO_SOURCE,150000,300000,200000,390000,270000,540000
dell-latitude-7330-ultralight,Dell Latitude 7330 Ultralight,win_laptop,dell,water-damage,Cấp cứu máy vô nước / Rớt nước,0,NO_SOURCE,700000,1600000,910000,2100000,1250000,2900000
dell-latitude-7330-ultralight,Dell Latitude 7330 Ultralight,win_laptop,dell,data-recovery,Cứu dữ liệu ổ cứng & Bo mạch,0,NO_SOURCE,750000,2200000,980000,2850000,1350000,3950000
dell-latitude-7330-ultralight,Dell Latitude 7330 Ultralight,win_laptop,dell,diagnostic,Kiểm tra chẩn đoán toàn diện,0,NO_SOURCE,0,0,0,0,0,0
dell-vostro-3520,Dell Vostro 3520,win_laptop,dell,screen,Thay màn hình hiển thị,0,NO_SOURCE,950000,1650000,1250000,2150000,1700000,2950000
dell-vostro-3520,Dell Vostro 3520,win_laptop,dell,battery,Thay pin dung lượng cao / Pin Zin,0,NO_SOURCE,500000,850000,650000,1100000,900000,1550000
dell-vostro-3520,Dell Vostro 3520,win_laptop,dell,keyboard,Bàn phím liệt / Kẹt nút bấm,0,NO_SOURCE,350000,650000,460000,840000,630000,1150000
dell-vostro-3520,Dell Vostro 3520,win_laptop,dell,trackpad,Chuột cảm ứng / Trackpad,0,NO_SOURCE,300000,550000,390000,720000,540000,990000
dell-vostro-3520,Dell Vostro 3520,win_laptop,dell,charging-port,Sửa chân sạc / Cổng kết nối,0,NO_SOURCE,250000,450000,320000,580000,450000,810000
dell-vostro-3520,Dell Vostro 3520,win_laptop,dell,hinge-body,Sửa gãy bản lề / Vỏ khung sườn,0,NO_SOURCE,300000,600000,390000,780000,540000,1100000
dell-vostro-3520,Dell Vostro 3520,win_laptop,dell,mainboard,Sửa mất nguồn / Lỗi Mainboard,0,NO_SOURCE,550000,1400000,720000,1800000,990000,2500000
dell-vostro-3520,Dell Vostro 3520,win_laptop,dell,speaker,Loa trong / Loa ngoài rè,0,NO_SOURCE,250000,450000,320000,580000,450000,810000
dell-vostro-3520,Dell Vostro 3520,win_laptop,dell,mic,Hỏng Micro (Nói không nghe),0,NO_SOURCE,200000,400000,260000,520000,360000,720000
dell-vostro-3520,Dell Vostro 3520,win_laptop,dell,camera,Thay camera trước / sau,0,NO_SOURCE,250000,500000,320000,650000,450000,900000
dell-vostro-3520,Dell Vostro 3520,win_laptop,dell,thermal,Vệ sinh máy & Tra keo tản nhiệt,0,NO_SOURCE,150000,250000,200000,320000,270000,450000
dell-vostro-3520,Dell Vostro 3520,win_laptop,dell,ssd-upgrade,Nâng cấp ổ cứng SSD siêu tốc,0,NO_SOURCE,550000,1200000,720000,1550000,990000,2150000
dell-vostro-3520,Dell Vostro 3520,win_laptop,dell,ram-upgrade,Nâng cấp bộ nhớ RAM,0,NO_SOURCE,450000,950000,580000,1250000,810000,1700000
dell-vostro-3520,Dell Vostro 3520,win_laptop,dell,software,Cài Hệ điều hành & Phần mềm,0,NO_SOURCE,120000,200000,160000,260000,220000,360000
dell-vostro-3520,Dell Vostro 3520,win_laptop,dell,water-damage,Cấp cứu máy vô nước / Rớt nước,0,NO_SOURCE,400000,900000,520000,1150000,720000,1600000
dell-vostro-3520,Dell Vostro 3520,win_laptop,dell,data-recovery,Cứu dữ liệu ổ cứng & Bo mạch,0,NO_SOURCE,500000,1500000,650000,1950000,900000,2700000
dell-vostro-3520,Dell Vostro 3520,win_laptop,dell,diagnostic,Kiểm tra chẩn đoán toàn diện,0,NO_SOURCE,0,0,0,0,0,0
dell-vostro-5630,Dell Vostro 5630,win_laptop,dell,screen,Thay màn hình hiển thị,0,NO_SOURCE,1350000,2300000,1750000,3000000,2450000,4150000
dell-vostro-5630,Dell Vostro 5630,win_laptop,dell,battery,Thay pin dung lượng cao / Pin Zin,0,NO_SOURCE,650000,1150000,840000,1500000,1150000,2050000
dell-vostro-5630,Dell Vostro 5630,win_laptop,dell,keyboard,Bàn phím liệt / Kẹt nút bấm,0,NO_SOURCE,500000,950000,650000,1250000,900000,1700000
dell-vostro-5630,Dell Vostro 5630,win_laptop,dell,trackpad,Chuột cảm ứng / Trackpad,0,NO_SOURCE,400000,750000,520000,980000,720000,1350000
dell-vostro-5630,Dell Vostro 5630,win_laptop,dell,charging-port,Sửa chân sạc / Cổng kết nối,0,NO_SOURCE,350000,600000,460000,780000,630000,1100000
dell-vostro-5630,Dell Vostro 5630,win_laptop,dell,hinge-body,Sửa gãy bản lề / Vỏ khung sườn,0,NO_SOURCE,450000,850000,580000,1100000,810000,1550000
dell-vostro-5630,Dell Vostro 5630,win_laptop,dell,mainboard,Sửa mất nguồn / Lỗi Mainboard,0,NO_SOURCE,800000,1900000,1050000,2450000,1450000,3400000
dell-vostro-5630,Dell Vostro 5630,win_laptop,dell,speaker,Loa trong / Loa ngoài rè,0,NO_SOURCE,300000,550000,390000,720000,540000,990000
dell-vostro-5630,Dell Vostro 5630,win_laptop,dell,mic,Hỏng Micro (Nói không nghe),0,NO_SOURCE,250000,450000,320000,580000,450000,810000
dell-vostro-5630,Dell Vostro 5630,win_laptop,dell,camera,Thay camera trước / sau,0,NO_SOURCE,350000,650000,460000,840000,630000,1150000
dell-vostro-5630,Dell Vostro 5630,win_laptop,dell,thermal,Vệ sinh máy & Tra keo tản nhiệt,0,NO_SOURCE,180000,300000,230000,390000,320000,540000
dell-vostro-5630,Dell Vostro 5630,win_laptop,dell,ssd-upgrade,Nâng cấp ổ cứng SSD siêu tốc,0,NO_SOURCE,650000,1450000,840000,1900000,1150000,2600000
dell-vostro-5630,Dell Vostro 5630,win_laptop,dell,software,Cài Hệ điều hành & Phần mềm,0,NO_SOURCE,150000,250000,200000,320000,270000,450000
dell-vostro-5630,Dell Vostro 5630,win_laptop,dell,water-damage,Cấp cứu máy vô nước / Rớt nước,0,NO_SOURCE,500000,1200000,650000,1550000,900000,2150000
dell-vostro-5630,Dell Vostro 5630,win_laptop,dell,data-recovery,Cứu dữ liệu ổ cứng & Bo mạch,0,NO_SOURCE,600000,1800000,780000,2350000,1100000,3250000
dell-vostro-5630,Dell Vostro 5630,win_laptop,dell,diagnostic,Kiểm tra chẩn đoán toàn diện,0,NO_SOURCE,0,0,0,0,0,0
dell-g15-5530,Dell Gaming G15 5530,win_laptop,dell,screen,Thay màn hình hiển thị,0,NO_SOURCE,1800000,3200000,2350000,4150000,3250000,5750000
dell-g15-5530,Dell Gaming G15 5530,win_laptop,dell,battery,Thay pin dung lượng cao / Pin Zin,0,NO_SOURCE,850000,1500000,1100000,1950000,1550000,2700000
dell-g15-5530,Dell Gaming G15 5530,win_laptop,dell,keyboard,Bàn phím liệt / Kẹt nút bấm,0,NO_SOURCE,650000,1300000,840000,1700000,1150000,2350000
dell-g15-5530,Dell Gaming G15 5530,win_laptop,dell,trackpad,Chuột cảm ứng / Trackpad,0,NO_SOURCE,500000,900000,650000,1150000,900000,1600000
dell-g15-5530,Dell Gaming G15 5530,win_laptop,dell,charging-port,Sửa chân sạc / Cổng kết nối,0,NO_SOURCE,450000,800000,580000,1050000,810000,1450000
dell-g15-5530,Dell Gaming G15 5530,win_laptop,dell,hinge-body,Sửa gãy bản lề / Vỏ khung sườn,0,NO_SOURCE,600000,1100000,780000,1450000,1100000,2000000
dell-g15-5530,Dell Gaming G15 5530,win_laptop,dell,mainboard,Sửa mất nguồn / Lỗi Mainboard,0,NO_SOURCE,1200000,2800000,1550000,3650000,2150000,5050000
dell-g15-5530,Dell Gaming G15 5530,win_laptop,dell,speaker,Loa trong / Loa ngoài rè,0,NO_SOURCE,400000,750000,520000,980000,720000,1350000
dell-g15-5530,Dell Gaming G15 5530,win_laptop,dell,mic,Hỏng Micro (Nói không nghe),0,NO_SOURCE,300000,550000,390000,720000,540000,990000
dell-g15-5530,Dell Gaming G15 5530,win_laptop,dell,camera,Thay camera trước / sau,0,NO_SOURCE,400000,750000,520000,980000,720000,1350000
dell-g15-5530,Dell Gaming G15 5530,win_laptop,dell,thermal,Vệ sinh máy & Tra keo tản nhiệt,0,NO_SOURCE,250000,400000,320000,520000,450000,720000
dell-g15-5530,Dell Gaming G15 5530,win_laptop,dell,ssd-upgrade,Nâng cấp ổ cứng SSD siêu tốc,0,NO_SOURCE,800000,1900000,1050000,2450000,1450000,3400000
dell-g15-5530,Dell Gaming G15 5530,win_laptop,dell,ram-upgrade,Nâng cấp bộ nhớ RAM,0,NO_SOURCE,650000,1450000,840000,1900000,1150000,2600000
dell-g15-5530,Dell Gaming G15 5530,win_laptop,dell,software,Cài Hệ điều hành & Phần mềm,0,NO_SOURCE,150000,300000,200000,390000,270000,540000
dell-g15-5530,Dell Gaming G15 5530,win_laptop,dell,water-damage,Cấp cứu máy vô nước / Rớt nước,0,NO_SOURCE,700000,1600000,910000,2100000,1250000,2900000
dell-g15-5530,Dell Gaming G15 5530,win_laptop,dell,data-recovery,Cứu dữ liệu ổ cứng & Bo mạch,0,NO_SOURCE,750000,2200000,980000,2850000,1350000,3950000
dell-g15-5530,Dell Gaming G15 5530,win_laptop,dell,diagnostic,Kiểm tra chẩn đoán toàn diện,0,NO_SOURCE,0,0,0,0,0,0
dell-g15-5530,Dell Gaming G15 5530,win_laptop,dell,vga-gpu,Sửa Card đồ họa rời (VGA / GPU / VRAM),0,NO_SOURCE,1400000,2900000,1800000,3750000,2500000,5200000
dell-g16-7630,Dell Gaming G16 7630,win_laptop,dell,screen,Thay màn hình hiển thị,0,NO_SOURCE,1800000,3200000,2350000,4150000,3250000,5750000
dell-g16-7630,Dell Gaming G16 7630,win_laptop,dell,battery,Thay pin dung lượng cao / Pin Zin,0,NO_SOURCE,850000,1500000,1100000,1950000,1550000,2700000
dell-g16-7630,Dell Gaming G16 7630,win_laptop,dell,keyboard,Bàn phím liệt / Kẹt nút bấm,0,NO_SOURCE,650000,1300000,840000,1700000,1150000,2350000
dell-g16-7630,Dell Gaming G16 7630,win_laptop,dell,trackpad,Chuột cảm ứng / Trackpad,0,NO_SOURCE,500000,900000,650000,1150000,900000,1600000
dell-g16-7630,Dell Gaming G16 7630,win_laptop,dell,charging-port,Sửa chân sạc / Cổng kết nối,0,NO_SOURCE,450000,800000,580000,1050000,810000,1450000
dell-g16-7630,Dell Gaming G16 7630,win_laptop,dell,hinge-body,Sửa gãy bản lề / Vỏ khung sườn,0,NO_SOURCE,600000,1100000,780000,1450000,1100000,2000000
dell-g16-7630,Dell Gaming G16 7630,win_laptop,dell,mainboard,Sửa mất nguồn / Lỗi Mainboard,0,NO_SOURCE,1200000,2800000,1550000,3650000,2150000,5050000
dell-g16-7630,Dell Gaming G16 7630,win_laptop,dell,speaker,Loa trong / Loa ngoài rè,0,NO_SOURCE,400000,750000,520000,980000,720000,1350000
dell-g16-7630,Dell Gaming G16 7630,win_laptop,dell,mic,Hỏng Micro (Nói không nghe),0,NO_SOURCE,300000,550000,390000,720000,540000,990000
dell-g16-7630,Dell Gaming G16 7630,win_laptop,dell,camera,Thay camera trước / sau,0,NO_SOURCE,400000,750000,520000,980000,720000,1350000
dell-g16-7630,Dell Gaming G16 7630,win_laptop,dell,thermal,Vệ sinh máy & Tra keo tản nhiệt,0,NO_SOURCE,250000,400000,320000,520000,450000,720000
dell-g16-7630,Dell Gaming G16 7630,win_laptop,dell,ssd-upgrade,Nâng cấp ổ cứng SSD siêu tốc,0,NO_SOURCE,800000,1900000,1050000,2450000,1450000,3400000
dell-g16-7630,Dell Gaming G16 7630,win_laptop,dell,ram-upgrade,Nâng cấp bộ nhớ RAM,0,NO_SOURCE,650000,1450000,840000,1900000,1150000,2600000
dell-g16-7630,Dell Gaming G16 7630,win_laptop,dell,software,Cài Hệ điều hành & Phần mềm,0,NO_SOURCE,150000,300000,200000,390000,270000,540000
dell-g16-7630,Dell Gaming G16 7630,win_laptop,dell,water-damage,Cấp cứu máy vô nước / Rớt nước,0,NO_SOURCE,700000,1600000,910000,2100000,1250000,2900000
dell-g16-7630,Dell Gaming G16 7630,win_laptop,dell,data-recovery,Cứu dữ liệu ổ cứng & Bo mạch,0,NO_SOURCE,750000,2200000,980000,2850000,1350000,3950000
dell-g16-7630,Dell Gaming G16 7630,win_laptop,dell,diagnostic,Kiểm tra chẩn đoán toàn diện,0,NO_SOURCE,0,0,0,0,0,0
dell-g16-7630,Dell Gaming G16 7630,win_laptop,dell,vga-gpu,Sửa Card đồ họa rời (VGA / GPU / VRAM),0,NO_SOURCE,1400000,2900000,1800000,3750000,2500000,5200000
dell-alienware-m16-r2,Dell Alienware m16 R2,win_laptop,dell,screen,Thay màn hình hiển thị,0,NO_SOURCE,2800000,5500000,3650000,7150000,5050000,9900000
dell-alienware-m16-r2,Dell Alienware m16 R2,win_laptop,dell,battery,Thay pin dung lượng cao / Pin Zin,0,NO_SOURCE,1200000,2200000,1550000,2850000,2150000,3950000
dell-alienware-m16-r2,Dell Alienware m16 R2,win_laptop,dell,keyboard,Bàn phím liệt / Kẹt nút bấm,0,NO_SOURCE,950000,2100000,1250000,2750000,1700000,3800000
dell-alienware-m16-r2,Dell Alienware m16 R2,win_laptop,dell,trackpad,Chuột cảm ứng / Trackpad,0,NO_SOURCE,700000,1400000,910000,1800000,1250000,2500000
dell-alienware-m16-r2,Dell Alienware m16 R2,win_laptop,dell,charging-port,Sửa chân sạc / Cổng kết nối,0,NO_SOURCE,600000,1100000,780000,1450000,1100000,2000000
dell-alienware-m16-r2,Dell Alienware m16 R2,win_laptop,dell,hinge-body,Sửa gãy bản lề / Vỏ khung sườn,0,NO_SOURCE,850000,1800000,1100000,2350000,1550000,3250000
dell-alienware-m16-r2,Dell Alienware m16 R2,win_laptop,dell,mainboard,Sửa mất nguồn / Lỗi Mainboard,0,NO_SOURCE,1800000,4500000,2350000,5850000,3250000,8100000
dell-alienware-m16-r2,Dell Alienware m16 R2,win_laptop,dell,speaker,Loa trong / Loa ngoài rè,0,NO_SOURCE,550000,1100000,720000,1450000,990000,2000000
dell-alienware-m16-r2,Dell Alienware m16 R2,win_laptop,dell,mic,Hỏng Micro (Nói không nghe),0,NO_SOURCE,400000,750000,520000,980000,720000,1350000
dell-alienware-m16-r2,Dell Alienware m16 R2,win_laptop,dell,camera,Thay camera trước / sau,0,NO_SOURCE,550000,1100000,720000,1450000,990000,2000000
dell-alienware-m16-r2,Dell Alienware m16 R2,win_laptop,dell,thermal,Vệ sinh máy & Tra keo tản nhiệt,0,NO_SOURCE,350000,600000,460000,780000,630000,1100000
dell-alienware-m16-r2,Dell Alienware m16 R2,win_laptop,dell,ssd-upgrade,Nâng cấp ổ cứng SSD siêu tốc,0,NO_SOURCE,1100000,2800000,1450000,3650000,2000000,5050000
dell-alienware-m16-r2,Dell Alienware m16 R2,win_laptop,dell,ram-upgrade,Nâng cấp bộ nhớ RAM,0,NO_SOURCE,850000,2200000,1100000,2850000,1550000,3950000
dell-alienware-m16-r2,Dell Alienware m16 R2,win_laptop,dell,software,Cài Hệ điều hành & Phần mềm,0,NO_SOURCE,200000,400000,260000,520000,360000,720000
dell-alienware-m16-r2,Dell Alienware m16 R2,win_laptop,dell,water-damage,Cấp cứu máy vô nước / Rớt nước,0,NO_SOURCE,950000,2400000,1250000,3100000,1700000,4300000
dell-alienware-m16-r2,Dell Alienware m16 R2,win_laptop,dell,data-recovery,Cứu dữ liệu ổ cứng & Bo mạch,0,NO_SOURCE,950000,3000000,1250000,3900000,1700000,5400000
dell-alienware-m16-r2,Dell Alienware m16 R2,win_laptop,dell,diagnostic,Kiểm tra chẩn đoán toàn diện,0,NO_SOURCE,0,0,0,0,0,0
dell-alienware-m16-r2,Dell Alienware m16 R2,win_laptop,dell,vga-gpu,Sửa Card đồ họa rời (VGA / GPU / VRAM),0,NO_SOURCE,2200000,4800000,2850000,6250000,3950000,8650000
dell-alienware-x16-r2,Dell Alienware x16 R2,win_laptop,dell,screen,Thay màn hình hiển thị,0,NO_SOURCE,2800000,5500000,3650000,7150000,5050000,9900000
dell-alienware-x16-r2,Dell Alienware x16 R2,win_laptop,dell,battery,Thay pin dung lượng cao / Pin Zin,0,NO_SOURCE,1200000,2200000,1550000,2850000,2150000,3950000
dell-alienware-x16-r2,Dell Alienware x16 R2,win_laptop,dell,keyboard,Bàn phím liệt / Kẹt nút bấm,0,NO_SOURCE,950000,2100000,1250000,2750000,1700000,3800000
dell-alienware-x16-r2,Dell Alienware x16 R2,win_laptop,dell,trackpad,Chuột cảm ứng / Trackpad,0,NO_SOURCE,700000,1400000,910000,1800000,1250000,2500000
dell-alienware-x16-r2,Dell Alienware x16 R2,win_laptop,dell,charging-port,Sửa chân sạc / Cổng kết nối,0,NO_SOURCE,600000,1100000,780000,1450000,1100000,2000000
dell-alienware-x16-r2,Dell Alienware x16 R2,win_laptop,dell,hinge-body,Sửa gãy bản lề / Vỏ khung sườn,0,NO_SOURCE,850000,1800000,1100000,2350000,1550000,3250000
dell-alienware-x16-r2,Dell Alienware x16 R2,win_laptop,dell,mainboard,Sửa mất nguồn / Lỗi Mainboard,0,NO_SOURCE,1800000,4500000,2350000,5850000,3250000,8100000
dell-alienware-x16-r2,Dell Alienware x16 R2,win_laptop,dell,speaker,Loa trong / Loa ngoài rè,0,NO_SOURCE,550000,1100000,720000,1450000,990000,2000000
dell-alienware-x16-r2,Dell Alienware x16 R2,win_laptop,dell,mic,Hỏng Micro (Nói không nghe),0,NO_SOURCE,400000,750000,520000,980000,720000,1350000
dell-alienware-x16-r2,Dell Alienware x16 R2,win_laptop,dell,camera,Thay camera trước / sau,0,NO_SOURCE,550000,1100000,720000,1450000,990000,2000000
dell-alienware-x16-r2,Dell Alienware x16 R2,win_laptop,dell,thermal,Vệ sinh máy & Tra keo tản nhiệt,0,NO_SOURCE,350000,600000,460000,780000,630000,1100000
dell-alienware-x16-r2,Dell Alienware x16 R2,win_laptop,dell,ssd-upgrade,Nâng cấp ổ cứng SSD siêu tốc,0,NO_SOURCE,1100000,2800000,1450000,3650000,2000000,5050000
dell-alienware-x16-r2,Dell Alienware x16 R2,win_laptop,dell,software,Cài Hệ điều hành & Phần mềm,0,NO_SOURCE,200000,400000,260000,520000,360000,720000
dell-alienware-x16-r2,Dell Alienware x16 R2,win_laptop,dell,water-damage,Cấp cứu máy vô nước / Rớt nước,0,NO_SOURCE,950000,2400000,1250000,3100000,1700000,4300000
dell-alienware-x16-r2,Dell Alienware x16 R2,win_laptop,dell,data-recovery,Cứu dữ liệu ổ cứng & Bo mạch,0,NO_SOURCE,950000,3000000,1250000,3900000,1700000,5400000
dell-alienware-x16-r2,Dell Alienware x16 R2,win_laptop,dell,diagnostic,Kiểm tra chẩn đoán toàn diện,0,NO_SOURCE,0,0,0,0,0,0
dell-alienware-x16-r2,Dell Alienware x16 R2,win_laptop,dell,vga-gpu,Sửa Card đồ họa rời (VGA / GPU / VRAM),0,NO_SOURCE,2200000,4800000,2850000,6250000,3950000,8650000
hp-victus-16,HP Victus 16,win_laptop,hp,screen,Thay màn hình hiển thị,0,NO_SOURCE,1800000,3200000,2350000,4150000,3250000,5750000
hp-victus-16,HP Victus 16,win_laptop,hp,battery,Thay pin dung lượng cao / Pin Zin,0,NO_SOURCE,850000,1500000,1100000,1950000,1550000,2700000
hp-victus-16,HP Victus 16,win_laptop,hp,keyboard,Bàn phím liệt / Kẹt nút bấm,0,NO_SOURCE,650000,1300000,840000,1700000,1150000,2350000
hp-victus-16,HP Victus 16,win_laptop,hp,trackpad,Chuột cảm ứng / Trackpad,0,NO_SOURCE,500000,900000,650000,1150000,900000,1600000
hp-victus-16,HP Victus 16,win_laptop,hp,charging-port,Sửa chân sạc / Cổng kết nối,0,NO_SOURCE,450000,800000,580000,1050000,810000,1450000
hp-victus-16,HP Victus 16,win_laptop,hp,hinge-body,Sửa gãy bản lề / Vỏ khung sườn,0,NO_SOURCE,600000,1100000,780000,1450000,1100000,2000000
hp-victus-16,HP Victus 16,win_laptop,hp,mainboard,Sửa mất nguồn / Lỗi Mainboard,0,NO_SOURCE,1200000,2800000,1550000,3650000,2150000,5050000
hp-victus-16,HP Victus 16,win_laptop,hp,speaker,Loa trong / Loa ngoài rè,0,NO_SOURCE,400000,750000,520000,980000,720000,1350000
hp-victus-16,HP Victus 16,win_laptop,hp,mic,Hỏng Micro (Nói không nghe),0,NO_SOURCE,300000,550000,390000,720000,540000,990000
hp-victus-16,HP Victus 16,win_laptop,hp,camera,Thay camera trước / sau,0,NO_SOURCE,400000,750000,520000,980000,720000,1350000
hp-victus-16,HP Victus 16,win_laptop,hp,thermal,Vệ sinh máy & Tra keo tản nhiệt,0,NO_SOURCE,250000,400000,320000,520000,450000,720000
hp-victus-16,HP Victus 16,win_laptop,hp,ssd-upgrade,Nâng cấp ổ cứng SSD siêu tốc,0,NO_SOURCE,800000,1900000,1050000,2450000,1450000,3400000
hp-victus-16,HP Victus 16,win_laptop,hp,ram-upgrade,Nâng cấp bộ nhớ RAM,0,NO_SOURCE,650000,1450000,840000,1900000,1150000,2600000
hp-victus-16,HP Victus 16,win_laptop,hp,software,Cài Hệ điều hành & Phần mềm,0,NO_SOURCE,150000,300000,200000,390000,270000,540000
hp-victus-16,HP Victus 16,win_laptop,hp,water-damage,Cấp cứu máy vô nước / Rớt nước,0,NO_SOURCE,700000,1600000,910000,2100000,1250000,2900000
hp-victus-16,HP Victus 16,win_laptop,hp,data-recovery,Cứu dữ liệu ổ cứng & Bo mạch,0,NO_SOURCE,750000,2200000,980000,2850000,1350000,3950000
hp-victus-16,HP Victus 16,win_laptop,hp,diagnostic,Kiểm tra chẩn đoán toàn diện,0,NO_SOURCE,0,0,0,0,0,0
hp-victus-16,HP Victus 16,win_laptop,hp,vga-gpu,Sửa Card đồ họa rời (VGA / GPU / VRAM),0,NO_SOURCE,1400000,2900000,1800000,3750000,2500000,5200000
hp-victus-15,HP Victus 15,win_laptop,hp,screen,Thay màn hình hiển thị,0,NO_SOURCE,1800000,3200000,2350000,4150000,3250000,5750000
hp-victus-15,HP Victus 15,win_laptop,hp,battery,Thay pin dung lượng cao / Pin Zin,0,NO_SOURCE,850000,1500000,1100000,1950000,1550000,2700000
hp-victus-15,HP Victus 15,win_laptop,hp,keyboard,Bàn phím liệt / Kẹt nút bấm,0,NO_SOURCE,650000,1300000,840000,1700000,1150000,2350000
hp-victus-15,HP Victus 15,win_laptop,hp,trackpad,Chuột cảm ứng / Trackpad,0,NO_SOURCE,500000,900000,650000,1150000,900000,1600000
hp-victus-15,HP Victus 15,win_laptop,hp,charging-port,Sửa chân sạc / Cổng kết nối,0,NO_SOURCE,450000,800000,580000,1050000,810000,1450000
hp-victus-15,HP Victus 15,win_laptop,hp,hinge-body,Sửa gãy bản lề / Vỏ khung sườn,0,NO_SOURCE,600000,1100000,780000,1450000,1100000,2000000
hp-victus-15,HP Victus 15,win_laptop,hp,mainboard,Sửa mất nguồn / Lỗi Mainboard,0,NO_SOURCE,1200000,2800000,1550000,3650000,2150000,5050000
hp-victus-15,HP Victus 15,win_laptop,hp,speaker,Loa trong / Loa ngoài rè,0,NO_SOURCE,400000,750000,520000,980000,720000,1350000
hp-victus-15,HP Victus 15,win_laptop,hp,mic,Hỏng Micro (Nói không nghe),0,NO_SOURCE,300000,550000,390000,720000,540000,990000
hp-victus-15,HP Victus 15,win_laptop,hp,camera,Thay camera trước / sau,0,NO_SOURCE,400000,750000,520000,980000,720000,1350000
hp-victus-15,HP Victus 15,win_laptop,hp,thermal,Vệ sinh máy & Tra keo tản nhiệt,0,NO_SOURCE,250000,400000,320000,520000,450000,720000
hp-victus-15,HP Victus 15,win_laptop,hp,ssd-upgrade,Nâng cấp ổ cứng SSD siêu tốc,0,NO_SOURCE,800000,1900000,1050000,2450000,1450000,3400000
hp-victus-15,HP Victus 15,win_laptop,hp,ram-upgrade,Nâng cấp bộ nhớ RAM,0,NO_SOURCE,650000,1450000,840000,1900000,1150000,2600000
hp-victus-15,HP Victus 15,win_laptop,hp,software,Cài Hệ điều hành & Phần mềm,0,NO_SOURCE,150000,300000,200000,390000,270000,540000
hp-victus-15,HP Victus 15,win_laptop,hp,water-damage,Cấp cứu máy vô nước / Rớt nước,0,NO_SOURCE,700000,1600000,910000,2100000,1250000,2900000
hp-victus-15,HP Victus 15,win_laptop,hp,data-recovery,Cứu dữ liệu ổ cứng & Bo mạch,0,NO_SOURCE,750000,2200000,980000,2850000,1350000,3950000
hp-victus-15,HP Victus 15,win_laptop,hp,diagnostic,Kiểm tra chẩn đoán toàn diện,0,NO_SOURCE,0,0,0,0,0,0
hp-victus-15,HP Victus 15,win_laptop,hp,vga-gpu,Sửa Card đồ họa rời (VGA / GPU / VRAM),0,NO_SOURCE,1400000,2900000,1800000,3750000,2500000,5200000
hp-omen-16,HP Omen 16,win_laptop,hp,screen,Thay màn hình hiển thị,0,NO_SOURCE,2800000,5500000,3650000,7150000,5050000,9900000
hp-omen-16,HP Omen 16,win_laptop,hp,battery,Thay pin dung lượng cao / Pin Zin,0,NO_SOURCE,1200000,2200000,1550000,2850000,2150000,3950000
hp-omen-16,HP Omen 16,win_laptop,hp,keyboard,Bàn phím liệt / Kẹt nút bấm,0,NO_SOURCE,950000,2100000,1250000,2750000,1700000,3800000
hp-omen-16,HP Omen 16,win_laptop,hp,trackpad,Chuột cảm ứng / Trackpad,0,NO_SOURCE,700000,1400000,910000,1800000,1250000,2500000
hp-omen-16,HP Omen 16,win_laptop,hp,charging-port,Sửa chân sạc / Cổng kết nối,0,NO_SOURCE,600000,1100000,780000,1450000,1100000,2000000
hp-omen-16,HP Omen 16,win_laptop,hp,hinge-body,Sửa gãy bản lề / Vỏ khung sườn,0,NO_SOURCE,850000,1800000,1100000,2350000,1550000,3250000
hp-omen-16,HP Omen 16,win_laptop,hp,mainboard,Sửa mất nguồn / Lỗi Mainboard,0,NO_SOURCE,1800000,4500000,2350000,5850000,3250000,8100000
hp-omen-16,HP Omen 16,win_laptop,hp,speaker,Loa trong / Loa ngoài rè,0,NO_SOURCE,550000,1100000,720000,1450000,990000,2000000
hp-omen-16,HP Omen 16,win_laptop,hp,mic,Hỏng Micro (Nói không nghe),0,NO_SOURCE,400000,750000,520000,980000,720000,1350000
hp-omen-16,HP Omen 16,win_laptop,hp,camera,Thay camera trước / sau,0,NO_SOURCE,550000,1100000,720000,1450000,990000,2000000
hp-omen-16,HP Omen 16,win_laptop,hp,thermal,Vệ sinh máy & Tra keo tản nhiệt,0,NO_SOURCE,350000,600000,460000,780000,630000,1100000
hp-omen-16,HP Omen 16,win_laptop,hp,ssd-upgrade,Nâng cấp ổ cứng SSD siêu tốc,0,NO_SOURCE,1100000,2800000,1450000,3650000,2000000,5050000
hp-omen-16,HP Omen 16,win_laptop,hp,ram-upgrade,Nâng cấp bộ nhớ RAM,0,NO_SOURCE,850000,2200000,1100000,2850000,1550000,3950000
hp-omen-16,HP Omen 16,win_laptop,hp,software,Cài Hệ điều hành & Phần mềm,0,NO_SOURCE,200000,400000,260000,520000,360000,720000
hp-omen-16,HP Omen 16,win_laptop,hp,water-damage,Cấp cứu máy vô nước / Rớt nước,0,NO_SOURCE,950000,2400000,1250000,3100000,1700000,4300000
hp-omen-16,HP Omen 16,win_laptop,hp,data-recovery,Cứu dữ liệu ổ cứng & Bo mạch,0,NO_SOURCE,950000,3000000,1250000,3900000,1700000,5400000
hp-omen-16,HP Omen 16,win_laptop,hp,diagnostic,Kiểm tra chẩn đoán toàn diện,0,NO_SOURCE,0,0,0,0,0,0
hp-omen-16,HP Omen 16,win_laptop,hp,vga-gpu,Sửa Card đồ họa rời (VGA / GPU / VRAM),0,NO_SOURCE,2200000,4800000,2850000,6250000,3950000,8650000
hp-omen-transcend-14,HP Omen Transcend 14,win_laptop,hp,screen,Thay màn hình hiển thị,0,NO_SOURCE,2800000,5500000,3650000,7150000,5050000,9900000
hp-omen-transcend-14,HP Omen Transcend 14,win_laptop,hp,battery,Thay pin dung lượng cao / Pin Zin,0,NO_SOURCE,1200000,2200000,1550000,2850000,2150000,3950000
hp-omen-transcend-14,HP Omen Transcend 14,win_laptop,hp,keyboard,Bàn phím liệt / Kẹt nút bấm,0,NO_SOURCE,950000,2100000,1250000,2750000,1700000,3800000
hp-omen-transcend-14,HP Omen Transcend 14,win_laptop,hp,trackpad,Chuột cảm ứng / Trackpad,0,NO_SOURCE,700000,1400000,910000,1800000,1250000,2500000
hp-omen-transcend-14,HP Omen Transcend 14,win_laptop,hp,charging-port,Sửa chân sạc / Cổng kết nối,0,NO_SOURCE,600000,1100000,780000,1450000,1100000,2000000
hp-omen-transcend-14,HP Omen Transcend 14,win_laptop,hp,hinge-body,Sửa gãy bản lề / Vỏ khung sườn,0,NO_SOURCE,850000,1800000,1100000,2350000,1550000,3250000
hp-omen-transcend-14,HP Omen Transcend 14,win_laptop,hp,mainboard,Sửa mất nguồn / Lỗi Mainboard,0,NO_SOURCE,1800000,4500000,2350000,5850000,3250000,8100000
hp-omen-transcend-14,HP Omen Transcend 14,win_laptop,hp,speaker,Loa trong / Loa ngoài rè,0,NO_SOURCE,550000,1100000,720000,1450000,990000,2000000
hp-omen-transcend-14,HP Omen Transcend 14,win_laptop,hp,mic,Hỏng Micro (Nói không nghe),0,NO_SOURCE,400000,750000,520000,980000,720000,1350000
hp-omen-transcend-14,HP Omen Transcend 14,win_laptop,hp,camera,Thay camera trước / sau,0,NO_SOURCE,550000,1100000,720000,1450000,990000,2000000
hp-omen-transcend-14,HP Omen Transcend 14,win_laptop,hp,thermal,Vệ sinh máy & Tra keo tản nhiệt,0,NO_SOURCE,350000,600000,460000,780000,630000,1100000
hp-omen-transcend-14,HP Omen Transcend 14,win_laptop,hp,ssd-upgrade,Nâng cấp ổ cứng SSD siêu tốc,0,NO_SOURCE,1100000,2800000,1450000,3650000,2000000,5050000
hp-omen-transcend-14,HP Omen Transcend 14,win_laptop,hp,software,Cài Hệ điều hành & Phần mềm,0,NO_SOURCE,200000,400000,260000,520000,360000,720000
hp-omen-transcend-14,HP Omen Transcend 14,win_laptop,hp,water-damage,Cấp cứu máy vô nước / Rớt nước,0,NO_SOURCE,950000,2400000,1250000,3100000,1700000,4300000
hp-omen-transcend-14,HP Omen Transcend 14,win_laptop,hp,data-recovery,Cứu dữ liệu ổ cứng & Bo mạch,0,NO_SOURCE,950000,3000000,1250000,3900000,1700000,5400000
hp-omen-transcend-14,HP Omen Transcend 14,win_laptop,hp,diagnostic,Kiểm tra chẩn đoán toàn diện,0,NO_SOURCE,0,0,0,0,0,0
hp-omen-transcend-14,HP Omen Transcend 14,win_laptop,hp,vga-gpu,Sửa Card đồ họa rời (VGA / GPU / VRAM),0,NO_SOURCE,2200000,4800000,2850000,6250000,3950000,8650000
hp-pavilion-15,HP Pavilion 15,win_laptop,hp,screen,Thay màn hình hiển thị,0,NO_SOURCE,1350000,2300000,1750000,3000000,2450000,4150000
hp-pavilion-15,HP Pavilion 15,win_laptop,hp,battery,Thay pin dung lượng cao / Pin Zin,0,NO_SOURCE,650000,1150000,840000,1500000,1150000,2050000
hp-pavilion-15,HP Pavilion 15,win_laptop,hp,keyboard,Bàn phím liệt / Kẹt nút bấm,0,NO_SOURCE,500000,950000,650000,1250000,900000,1700000
hp-pavilion-15,HP Pavilion 15,win_laptop,hp,trackpad,Chuột cảm ứng / Trackpad,0,NO_SOURCE,400000,750000,520000,980000,720000,1350000
hp-pavilion-15,HP Pavilion 15,win_laptop,hp,charging-port,Sửa chân sạc / Cổng kết nối,0,NO_SOURCE,350000,600000,460000,780000,630000,1100000
hp-pavilion-15,HP Pavilion 15,win_laptop,hp,hinge-body,Sửa gãy bản lề / Vỏ khung sườn,0,NO_SOURCE,450000,850000,580000,1100000,810000,1550000
hp-pavilion-15,HP Pavilion 15,win_laptop,hp,mainboard,Sửa mất nguồn / Lỗi Mainboard,0,NO_SOURCE,800000,1900000,1050000,2450000,1450000,3400000
hp-pavilion-15,HP Pavilion 15,win_laptop,hp,speaker,Loa trong / Loa ngoài rè,0,NO_SOURCE,300000,550000,390000,720000,540000,990000
hp-pavilion-15,HP Pavilion 15,win_laptop,hp,mic,Hỏng Micro (Nói không nghe),0,NO_SOURCE,250000,450000,320000,580000,450000,810000
hp-pavilion-15,HP Pavilion 15,win_laptop,hp,camera,Thay camera trước / sau,0,NO_SOURCE,350000,650000,460000,840000,630000,1150000
hp-pavilion-15,HP Pavilion 15,win_laptop,hp,thermal,Vệ sinh máy & Tra keo tản nhiệt,0,NO_SOURCE,180000,300000,230000,390000,320000,540000
hp-pavilion-15,HP Pavilion 15,win_laptop,hp,ssd-upgrade,Nâng cấp ổ cứng SSD siêu tốc,0,NO_SOURCE,650000,1450000,840000,1900000,1150000,2600000
hp-pavilion-15,HP Pavilion 15,win_laptop,hp,ram-upgrade,Nâng cấp bộ nhớ RAM,0,NO_SOURCE,500000,1100000,650000,1450000,900000,2000000
hp-pavilion-15,HP Pavilion 15,win_laptop,hp,software,Cài Hệ điều hành & Phần mềm,0,NO_SOURCE,150000,250000,200000,320000,270000,450000
hp-pavilion-15,HP Pavilion 15,win_laptop,hp,water-damage,Cấp cứu máy vô nước / Rớt nước,0,NO_SOURCE,500000,1200000,650000,1550000,900000,2150000
hp-pavilion-15,HP Pavilion 15,win_laptop,hp,data-recovery,Cứu dữ liệu ổ cứng & Bo mạch,0,NO_SOURCE,600000,1800000,780000,2350000,1100000,3250000
hp-pavilion-15,HP Pavilion 15,win_laptop,hp,diagnostic,Kiểm tra chẩn đoán toàn diện,0,NO_SOURCE,0,0,0,0,0,0
hp-pavilion-14,HP Pavilion 14,win_laptop,hp,screen,Thay màn hình hiển thị,0,NO_SOURCE,1350000,2300000,1750000,3000000,2450000,4150000
hp-pavilion-14,HP Pavilion 14,win_laptop,hp,battery,Thay pin dung lượng cao / Pin Zin,0,NO_SOURCE,650000,1150000,840000,1500000,1150000,2050000
hp-pavilion-14,HP Pavilion 14,win_laptop,hp,keyboard,Bàn phím liệt / Kẹt nút bấm,0,NO_SOURCE,500000,950000,650000,1250000,900000,1700000
hp-pavilion-14,HP Pavilion 14,win_laptop,hp,trackpad,Chuột cảm ứng / Trackpad,0,NO_SOURCE,400000,750000,520000,980000,720000,1350000
hp-pavilion-14,HP Pavilion 14,win_laptop,hp,charging-port,Sửa chân sạc / Cổng kết nối,0,NO_SOURCE,350000,600000,460000,780000,630000,1100000
hp-pavilion-14,HP Pavilion 14,win_laptop,hp,hinge-body,Sửa gãy bản lề / Vỏ khung sườn,0,NO_SOURCE,450000,850000,580000,1100000,810000,1550000
hp-pavilion-14,HP Pavilion 14,win_laptop,hp,mainboard,Sửa mất nguồn / Lỗi Mainboard,0,NO_SOURCE,800000,1900000,1050000,2450000,1450000,3400000
hp-pavilion-14,HP Pavilion 14,win_laptop,hp,speaker,Loa trong / Loa ngoài rè,0,NO_SOURCE,300000,550000,390000,720000,540000,990000
hp-pavilion-14,HP Pavilion 14,win_laptop,hp,mic,Hỏng Micro (Nói không nghe),0,NO_SOURCE,250000,450000,320000,580000,450000,810000
hp-pavilion-14,HP Pavilion 14,win_laptop,hp,camera,Thay camera trước / sau,0,NO_SOURCE,350000,650000,460000,840000,630000,1150000
hp-pavilion-14,HP Pavilion 14,win_laptop,hp,thermal,Vệ sinh máy & Tra keo tản nhiệt,0,NO_SOURCE,180000,300000,230000,390000,320000,540000
hp-pavilion-14,HP Pavilion 14,win_laptop,hp,ssd-upgrade,Nâng cấp ổ cứng SSD siêu tốc,0,NO_SOURCE,650000,1450000,840000,1900000,1150000,2600000
hp-pavilion-14,HP Pavilion 14,win_laptop,hp,ram-upgrade,Nâng cấp bộ nhớ RAM,0,NO_SOURCE,500000,1100000,650000,1450000,900000,2000000
hp-pavilion-14,HP Pavilion 14,win_laptop,hp,software,Cài Hệ điều hành & Phần mềm,0,NO_SOURCE,150000,250000,200000,320000,270000,450000
hp-pavilion-14,HP Pavilion 14,win_laptop,hp,water-damage,Cấp cứu máy vô nước / Rớt nước,0,NO_SOURCE,500000,1200000,650000,1550000,900000,2150000
hp-pavilion-14,HP Pavilion 14,win_laptop,hp,data-recovery,Cứu dữ liệu ổ cứng & Bo mạch,0,NO_SOURCE,600000,1800000,780000,2350000,1100000,3250000
hp-pavilion-14,HP Pavilion 14,win_laptop,hp,diagnostic,Kiểm tra chẩn đoán toàn diện,0,NO_SOURCE,0,0,0,0,0,0
hp-pavilion-plus-14,HP Pavilion Plus 14,win_laptop,hp,screen,Thay màn hình hiển thị,0,NO_SOURCE,1350000,2300000,1750000,3000000,2450000,4150000
hp-pavilion-plus-14,HP Pavilion Plus 14,win_laptop,hp,battery,Thay pin dung lượng cao / Pin Zin,0,NO_SOURCE,650000,1150000,840000,1500000,1150000,2050000
hp-pavilion-plus-14,HP Pavilion Plus 14,win_laptop,hp,keyboard,Bàn phím liệt / Kẹt nút bấm,0,NO_SOURCE,500000,950000,650000,1250000,900000,1700000
hp-pavilion-plus-14,HP Pavilion Plus 14,win_laptop,hp,trackpad,Chuột cảm ứng / Trackpad,0,NO_SOURCE,400000,750000,520000,980000,720000,1350000
hp-pavilion-plus-14,HP Pavilion Plus 14,win_laptop,hp,charging-port,Sửa chân sạc / Cổng kết nối,0,NO_SOURCE,350000,600000,460000,780000,630000,1100000
hp-pavilion-plus-14,HP Pavilion Plus 14,win_laptop,hp,hinge-body,Sửa gãy bản lề / Vỏ khung sườn,0,NO_SOURCE,450000,850000,580000,1100000,810000,1550000
hp-pavilion-plus-14,HP Pavilion Plus 14,win_laptop,hp,mainboard,Sửa mất nguồn / Lỗi Mainboard,0,NO_SOURCE,800000,1900000,1050000,2450000,1450000,3400000
hp-pavilion-plus-14,HP Pavilion Plus 14,win_laptop,hp,speaker,Loa trong / Loa ngoài rè,0,NO_SOURCE,300000,550000,390000,720000,540000,990000
hp-pavilion-plus-14,HP Pavilion Plus 14,win_laptop,hp,mic,Hỏng Micro (Nói không nghe),0,NO_SOURCE,250000,450000,320000,580000,450000,810000
hp-pavilion-plus-14,HP Pavilion Plus 14,win_laptop,hp,camera,Thay camera trước / sau,0,NO_SOURCE,350000,650000,460000,840000,630000,1150000
hp-pavilion-plus-14,HP Pavilion Plus 14,win_laptop,hp,thermal,Vệ sinh máy & Tra keo tản nhiệt,0,NO_SOURCE,180000,300000,230000,390000,320000,540000
hp-pavilion-plus-14,HP Pavilion Plus 14,win_laptop,hp,ssd-upgrade,Nâng cấp ổ cứng SSD siêu tốc,0,NO_SOURCE,650000,1450000,840000,1900000,1150000,2600000
hp-pavilion-plus-14,HP Pavilion Plus 14,win_laptop,hp,software,Cài Hệ điều hành & Phần mềm,0,NO_SOURCE,150000,250000,200000,320000,270000,450000
hp-pavilion-plus-14,HP Pavilion Plus 14,win_laptop,hp,water-damage,Cấp cứu máy vô nước / Rớt nước,0,NO_SOURCE,500000,1200000,650000,1550000,900000,2150000
hp-pavilion-plus-14,HP Pavilion Plus 14,win_laptop,hp,data-recovery,Cứu dữ liệu ổ cứng & Bo mạch,0,NO_SOURCE,600000,1800000,780000,2350000,1100000,3250000
hp-pavilion-plus-14,HP Pavilion Plus 14,win_laptop,hp,diagnostic,Kiểm tra chẩn đoán toàn diện,0,NO_SOURCE,0,0,0,0,0,0
hp-pavilion-x360-14,HP Pavilion x360 14,win_laptop,hp,screen,Thay màn hình hiển thị,0,NO_SOURCE,1350000,2300000,1750000,3000000,2450000,4150000
hp-pavilion-x360-14,HP Pavilion x360 14,win_laptop,hp,battery,Thay pin dung lượng cao / Pin Zin,0,NO_SOURCE,650000,1150000,840000,1500000,1150000,2050000
hp-pavilion-x360-14,HP Pavilion x360 14,win_laptop,hp,keyboard,Bàn phím liệt / Kẹt nút bấm,0,NO_SOURCE,500000,950000,650000,1250000,900000,1700000
hp-pavilion-x360-14,HP Pavilion x360 14,win_laptop,hp,trackpad,Chuột cảm ứng / Trackpad,0,NO_SOURCE,400000,750000,520000,980000,720000,1350000
hp-pavilion-x360-14,HP Pavilion x360 14,win_laptop,hp,charging-port,Sửa chân sạc / Cổng kết nối,0,NO_SOURCE,350000,600000,460000,780000,630000,1100000
hp-pavilion-x360-14,HP Pavilion x360 14,win_laptop,hp,hinge-body,Sửa gãy bản lề / Vỏ khung sườn,0,NO_SOURCE,450000,850000,580000,1100000,810000,1550000
hp-pavilion-x360-14,HP Pavilion x360 14,win_laptop,hp,mainboard,Sửa mất nguồn / Lỗi Mainboard,0,NO_SOURCE,800000,1900000,1050000,2450000,1450000,3400000
hp-pavilion-x360-14,HP Pavilion x360 14,win_laptop,hp,speaker,Loa trong / Loa ngoài rè,0,NO_SOURCE,300000,550000,390000,720000,540000,990000
hp-pavilion-x360-14,HP Pavilion x360 14,win_laptop,hp,mic,Hỏng Micro (Nói không nghe),0,NO_SOURCE,250000,450000,320000,580000,450000,810000
hp-pavilion-x360-14,HP Pavilion x360 14,win_laptop,hp,camera,Thay camera trước / sau,0,NO_SOURCE,350000,650000,460000,840000,630000,1150000
hp-pavilion-x360-14,HP Pavilion x360 14,win_laptop,hp,thermal,Vệ sinh máy & Tra keo tản nhiệt,0,NO_SOURCE,180000,300000,230000,390000,320000,540000
hp-pavilion-x360-14,HP Pavilion x360 14,win_laptop,hp,ssd-upgrade,Nâng cấp ổ cứng SSD siêu tốc,0,NO_SOURCE,650000,1450000,840000,1900000,1150000,2600000
hp-pavilion-x360-14,HP Pavilion x360 14,win_laptop,hp,ram-upgrade,Nâng cấp bộ nhớ RAM,0,NO_SOURCE,500000,1100000,650000,1450000,900000,2000000
hp-pavilion-x360-14,HP Pavilion x360 14,win_laptop,hp,software,Cài Hệ điều hành & Phần mềm,0,NO_SOURCE,150000,250000,200000,320000,270000,450000
hp-pavilion-x360-14,HP Pavilion x360 14,win_laptop,hp,water-damage,Cấp cứu máy vô nước / Rớt nước,0,NO_SOURCE,500000,1200000,650000,1550000,900000,2150000
hp-pavilion-x360-14,HP Pavilion x360 14,win_laptop,hp,data-recovery,Cứu dữ liệu ổ cứng & Bo mạch,0,NO_SOURCE,600000,1800000,780000,2350000,1100000,3250000
hp-pavilion-x360-14,HP Pavilion x360 14,win_laptop,hp,diagnostic,Kiểm tra chẩn đoán toàn diện,0,NO_SOURCE,0,0,0,0,0,0
hp-envy-16,HP Envy 16,win_laptop,hp,screen,Thay màn hình hiển thị,0,NO_SOURCE,1800000,3200000,2350000,4150000,3250000,5750000
hp-envy-16,HP Envy 16,win_laptop,hp,battery,Thay pin dung lượng cao / Pin Zin,0,NO_SOURCE,850000,1500000,1100000,1950000,1550000,2700000
hp-envy-16,HP Envy 16,win_laptop,hp,keyboard,Bàn phím liệt / Kẹt nút bấm,0,NO_SOURCE,650000,1300000,840000,1700000,1150000,2350000
hp-envy-16,HP Envy 16,win_laptop,hp,trackpad,Chuột cảm ứng / Trackpad,0,NO_SOURCE,500000,900000,650000,1150000,900000,1600000
hp-envy-16,HP Envy 16,win_laptop,hp,charging-port,Sửa chân sạc / Cổng kết nối,0,NO_SOURCE,450000,800000,580000,1050000,810000,1450000
hp-envy-16,HP Envy 16,win_laptop,hp,hinge-body,Sửa gãy bản lề / Vỏ khung sườn,0,NO_SOURCE,600000,1100000,780000,1450000,1100000,2000000
hp-envy-16,HP Envy 16,win_laptop,hp,mainboard,Sửa mất nguồn / Lỗi Mainboard,0,NO_SOURCE,1200000,2800000,1550000,3650000,2150000,5050000
hp-envy-16,HP Envy 16,win_laptop,hp,speaker,Loa trong / Loa ngoài rè,0,NO_SOURCE,400000,750000,520000,980000,720000,1350000
hp-envy-16,HP Envy 16,win_laptop,hp,mic,Hỏng Micro (Nói không nghe),0,NO_SOURCE,300000,550000,390000,720000,540000,990000
hp-envy-16,HP Envy 16,win_laptop,hp,camera,Thay camera trước / sau,0,NO_SOURCE,400000,750000,520000,980000,720000,1350000
hp-envy-16,HP Envy 16,win_laptop,hp,thermal,Vệ sinh máy & Tra keo tản nhiệt,0,NO_SOURCE,250000,400000,320000,520000,450000,720000
hp-envy-16,HP Envy 16,win_laptop,hp,ssd-upgrade,Nâng cấp ổ cứng SSD siêu tốc,0,NO_SOURCE,800000,1900000,1050000,2450000,1450000,3400000
hp-envy-16,HP Envy 16,win_laptop,hp,ram-upgrade,Nâng cấp bộ nhớ RAM,0,NO_SOURCE,650000,1450000,840000,1900000,1150000,2600000
hp-envy-16,HP Envy 16,win_laptop,hp,software,Cài Hệ điều hành & Phần mềm,0,NO_SOURCE,150000,300000,200000,390000,270000,540000
hp-envy-16,HP Envy 16,win_laptop,hp,water-damage,Cấp cứu máy vô nước / Rớt nước,0,NO_SOURCE,700000,1600000,910000,2100000,1250000,2900000
hp-envy-16,HP Envy 16,win_laptop,hp,data-recovery,Cứu dữ liệu ổ cứng & Bo mạch,0,NO_SOURCE,750000,2200000,980000,2850000,1350000,3950000
hp-envy-16,HP Envy 16,win_laptop,hp,diagnostic,Kiểm tra chẩn đoán toàn diện,0,NO_SOURCE,0,0,0,0,0,0
hp-envy-16,HP Envy 16,win_laptop,hp,vga-gpu,Sửa Card đồ họa rời (VGA / GPU / VRAM),0,NO_SOURCE,1400000,2900000,1800000,3750000,2500000,5200000
hp-envy-x360-14,HP Envy x360 14,win_laptop,hp,screen,Thay màn hình hiển thị,0,NO_SOURCE,1800000,3200000,2350000,4150000,3250000,5750000
hp-envy-x360-14,HP Envy x360 14,win_laptop,hp,battery,Thay pin dung lượng cao / Pin Zin,0,NO_SOURCE,850000,1500000,1100000,1950000,1550000,2700000
hp-envy-x360-14,HP Envy x360 14,win_laptop,hp,keyboard,Bàn phím liệt / Kẹt nút bấm,0,NO_SOURCE,650000,1300000,840000,1700000,1150000,2350000
hp-envy-x360-14,HP Envy x360 14,win_laptop,hp,trackpad,Chuột cảm ứng / Trackpad,0,NO_SOURCE,500000,900000,650000,1150000,900000,1600000
hp-envy-x360-14,HP Envy x360 14,win_laptop,hp,charging-port,Sửa chân sạc / Cổng kết nối,0,NO_SOURCE,450000,800000,580000,1050000,810000,1450000
hp-envy-x360-14,HP Envy x360 14,win_laptop,hp,hinge-body,Sửa gãy bản lề / Vỏ khung sườn,0,NO_SOURCE,600000,1100000,780000,1450000,1100000,2000000
hp-envy-x360-14,HP Envy x360 14,win_laptop,hp,mainboard,Sửa mất nguồn / Lỗi Mainboard,0,NO_SOURCE,1200000,2800000,1550000,3650000,2150000,5050000
hp-envy-x360-14,HP Envy x360 14,win_laptop,hp,speaker,Loa trong / Loa ngoài rè,0,NO_SOURCE,400000,750000,520000,980000,720000,1350000
hp-envy-x360-14,HP Envy x360 14,win_laptop,hp,mic,Hỏng Micro (Nói không nghe),0,NO_SOURCE,300000,550000,390000,720000,540000,990000
hp-envy-x360-14,HP Envy x360 14,win_laptop,hp,camera,Thay camera trước / sau,0,NO_SOURCE,400000,750000,520000,980000,720000,1350000
hp-envy-x360-14,HP Envy x360 14,win_laptop,hp,thermal,Vệ sinh máy & Tra keo tản nhiệt,0,NO_SOURCE,250000,400000,320000,520000,450000,720000
hp-envy-x360-14,HP Envy x360 14,win_laptop,hp,ssd-upgrade,Nâng cấp ổ cứng SSD siêu tốc,0,NO_SOURCE,800000,1900000,1050000,2450000,1450000,3400000
hp-envy-x360-14,HP Envy x360 14,win_laptop,hp,software,Cài Hệ điều hành & Phần mềm,0,NO_SOURCE,150000,300000,200000,390000,270000,540000
hp-envy-x360-14,HP Envy x360 14,win_laptop,hp,water-damage,Cấp cứu máy vô nước / Rớt nước,0,NO_SOURCE,700000,1600000,910000,2100000,1250000,2900000
hp-envy-x360-14,HP Envy x360 14,win_laptop,hp,data-recovery,Cứu dữ liệu ổ cứng & Bo mạch,0,NO_SOURCE,750000,2200000,980000,2850000,1350000,3950000
hp-envy-x360-14,HP Envy x360 14,win_laptop,hp,diagnostic,Kiểm tra chẩn đoán toàn diện,0,NO_SOURCE,0,0,0,0,0,0
hp-spectre-x360-14,HP Spectre x360 14 (2024),win_laptop,hp,screen,Thay màn hình hiển thị,0,NO_SOURCE,2800000,5500000,3650000,7150000,5050000,9900000
hp-spectre-x360-14,HP Spectre x360 14 (2024),win_laptop,hp,battery,Thay pin dung lượng cao / Pin Zin,0,NO_SOURCE,1200000,2200000,1550000,2850000,2150000,3950000
hp-spectre-x360-14,HP Spectre x360 14 (2024),win_laptop,hp,keyboard,Bàn phím liệt / Kẹt nút bấm,0,NO_SOURCE,950000,2100000,1250000,2750000,1700000,3800000
hp-spectre-x360-14,HP Spectre x360 14 (2024),win_laptop,hp,trackpad,Chuột cảm ứng / Trackpad,0,NO_SOURCE,700000,1400000,910000,1800000,1250000,2500000
hp-spectre-x360-14,HP Spectre x360 14 (2024),win_laptop,hp,charging-port,Sửa chân sạc / Cổng kết nối,0,NO_SOURCE,600000,1100000,780000,1450000,1100000,2000000
hp-spectre-x360-14,HP Spectre x360 14 (2024),win_laptop,hp,hinge-body,Sửa gãy bản lề / Vỏ khung sườn,0,NO_SOURCE,850000,1800000,1100000,2350000,1550000,3250000
hp-spectre-x360-14,HP Spectre x360 14 (2024),win_laptop,hp,mainboard,Sửa mất nguồn / Lỗi Mainboard,0,NO_SOURCE,1800000,4500000,2350000,5850000,3250000,8100000
hp-spectre-x360-14,HP Spectre x360 14 (2024),win_laptop,hp,speaker,Loa trong / Loa ngoài rè,0,NO_SOURCE,550000,1100000,720000,1450000,990000,2000000
hp-spectre-x360-14,HP Spectre x360 14 (2024),win_laptop,hp,mic,Hỏng Micro (Nói không nghe),0,NO_SOURCE,400000,750000,520000,980000,720000,1350000
hp-spectre-x360-14,HP Spectre x360 14 (2024),win_laptop,hp,camera,Thay camera trước / sau,0,NO_SOURCE,550000,1100000,720000,1450000,990000,2000000
hp-spectre-x360-14,HP Spectre x360 14 (2024),win_laptop,hp,thermal,Vệ sinh máy & Tra keo tản nhiệt,0,NO_SOURCE,350000,600000,460000,780000,630000,1100000
hp-spectre-x360-14,HP Spectre x360 14 (2024),win_laptop,hp,ssd-upgrade,Nâng cấp ổ cứng SSD siêu tốc,0,NO_SOURCE,1100000,2800000,1450000,3650000,2000000,5050000
hp-spectre-x360-14,HP Spectre x360 14 (2024),win_laptop,hp,software,Cài Hệ điều hành & Phần mềm,0,NO_SOURCE,200000,400000,260000,520000,360000,720000
hp-spectre-x360-14,HP Spectre x360 14 (2024),win_laptop,hp,water-damage,Cấp cứu máy vô nước / Rớt nước,0,NO_SOURCE,950000,2400000,1250000,3100000,1700000,4300000
hp-spectre-x360-14,HP Spectre x360 14 (2024),win_laptop,hp,data-recovery,Cứu dữ liệu ổ cứng & Bo mạch,0,NO_SOURCE,950000,3000000,1250000,3900000,1700000,5400000
hp-spectre-x360-14,HP Spectre x360 14 (2024),win_laptop,hp,diagnostic,Kiểm tra chẩn đoán toàn diện,0,NO_SOURCE,0,0,0,0,0,0
hp-probook-450-g10,HP ProBook 450 G10,win_laptop,hp,screen,Thay màn hình hiển thị,0,NO_SOURCE,1350000,2300000,1750000,3000000,2450000,4150000
hp-probook-450-g10,HP ProBook 450 G10,win_laptop,hp,battery,Thay pin dung lượng cao / Pin Zin,0,NO_SOURCE,650000,1150000,840000,1500000,1150000,2050000
hp-probook-450-g10,HP ProBook 450 G10,win_laptop,hp,keyboard,Bàn phím liệt / Kẹt nút bấm,0,NO_SOURCE,500000,950000,650000,1250000,900000,1700000
hp-probook-450-g10,HP ProBook 450 G10,win_laptop,hp,trackpad,Chuột cảm ứng / Trackpad,0,NO_SOURCE,400000,750000,520000,980000,720000,1350000
hp-probook-450-g10,HP ProBook 450 G10,win_laptop,hp,charging-port,Sửa chân sạc / Cổng kết nối,0,NO_SOURCE,350000,600000,460000,780000,630000,1100000
hp-probook-450-g10,HP ProBook 450 G10,win_laptop,hp,hinge-body,Sửa gãy bản lề / Vỏ khung sườn,0,NO_SOURCE,450000,850000,580000,1100000,810000,1550000
hp-probook-450-g10,HP ProBook 450 G10,win_laptop,hp,mainboard,Sửa mất nguồn / Lỗi Mainboard,0,NO_SOURCE,800000,1900000,1050000,2450000,1450000,3400000
hp-probook-450-g10,HP ProBook 450 G10,win_laptop,hp,speaker,Loa trong / Loa ngoài rè,0,NO_SOURCE,300000,550000,390000,720000,540000,990000
hp-probook-450-g10,HP ProBook 450 G10,win_laptop,hp,mic,Hỏng Micro (Nói không nghe),0,NO_SOURCE,250000,450000,320000,580000,450000,810000
hp-probook-450-g10,HP ProBook 450 G10,win_laptop,hp,camera,Thay camera trước / sau,0,NO_SOURCE,350000,650000,460000,840000,630000,1150000
hp-probook-450-g10,HP ProBook 450 G10,win_laptop,hp,thermal,Vệ sinh máy & Tra keo tản nhiệt,0,NO_SOURCE,180000,300000,230000,390000,320000,540000
hp-probook-450-g10,HP ProBook 450 G10,win_laptop,hp,ssd-upgrade,Nâng cấp ổ cứng SSD siêu tốc,0,NO_SOURCE,650000,1450000,840000,1900000,1150000,2600000
hp-probook-450-g10,HP ProBook 450 G10,win_laptop,hp,ram-upgrade,Nâng cấp bộ nhớ RAM,0,NO_SOURCE,500000,1100000,650000,1450000,900000,2000000
hp-probook-450-g10,HP ProBook 450 G10,win_laptop,hp,software,Cài Hệ điều hành & Phần mềm,0,NO_SOURCE,150000,250000,200000,320000,270000,450000
hp-probook-450-g10,HP ProBook 450 G10,win_laptop,hp,water-damage,Cấp cứu máy vô nước / Rớt nước,0,NO_SOURCE,500000,1200000,650000,1550000,900000,2150000
hp-probook-450-g10,HP ProBook 450 G10,win_laptop,hp,data-recovery,Cứu dữ liệu ổ cứng & Bo mạch,0,NO_SOURCE,600000,1800000,780000,2350000,1100000,3250000
hp-probook-450-g10,HP ProBook 450 G10,win_laptop,hp,diagnostic,Kiểm tra chẩn đoán toàn diện,0,NO_SOURCE,0,0,0,0,0,0
hp-elitebook-840-g10,HP EliteBook 840 G10,win_laptop,hp,screen,Thay màn hình hiển thị,0,NO_SOURCE,1800000,3200000,2350000,4150000,3250000,5750000
hp-elitebook-840-g10,HP EliteBook 840 G10,win_laptop,hp,battery,Thay pin dung lượng cao / Pin Zin,0,NO_SOURCE,850000,1500000,1100000,1950000,1550000,2700000
hp-elitebook-840-g10,HP EliteBook 840 G10,win_laptop,hp,keyboard,Bàn phím liệt / Kẹt nút bấm,0,NO_SOURCE,650000,1300000,840000,1700000,1150000,2350000
hp-elitebook-840-g10,HP EliteBook 840 G10,win_laptop,hp,trackpad,Chuột cảm ứng / Trackpad,0,NO_SOURCE,500000,900000,650000,1150000,900000,1600000
hp-elitebook-840-g10,HP EliteBook 840 G10,win_laptop,hp,charging-port,Sửa chân sạc / Cổng kết nối,0,NO_SOURCE,450000,800000,580000,1050000,810000,1450000
hp-elitebook-840-g10,HP EliteBook 840 G10,win_laptop,hp,hinge-body,Sửa gãy bản lề / Vỏ khung sườn,0,NO_SOURCE,600000,1100000,780000,1450000,1100000,2000000
hp-elitebook-840-g10,HP EliteBook 840 G10,win_laptop,hp,mainboard,Sửa mất nguồn / Lỗi Mainboard,0,NO_SOURCE,1200000,2800000,1550000,3650000,2150000,5050000
hp-elitebook-840-g10,HP EliteBook 840 G10,win_laptop,hp,speaker,Loa trong / Loa ngoài rè,0,NO_SOURCE,400000,750000,520000,980000,720000,1350000
hp-elitebook-840-g10,HP EliteBook 840 G10,win_laptop,hp,mic,Hỏng Micro (Nói không nghe),0,NO_SOURCE,300000,550000,390000,720000,540000,990000
hp-elitebook-840-g10,HP EliteBook 840 G10,win_laptop,hp,camera,Thay camera trước / sau,0,NO_SOURCE,400000,750000,520000,980000,720000,1350000
hp-elitebook-840-g10,HP EliteBook 840 G10,win_laptop,hp,thermal,Vệ sinh máy & Tra keo tản nhiệt,0,NO_SOURCE,250000,400000,320000,520000,450000,720000
hp-elitebook-840-g10,HP EliteBook 840 G10,win_laptop,hp,ssd-upgrade,Nâng cấp ổ cứng SSD siêu tốc,0,NO_SOURCE,800000,1900000,1050000,2450000,1450000,3400000
hp-elitebook-840-g10,HP EliteBook 840 G10,win_laptop,hp,ram-upgrade,Nâng cấp bộ nhớ RAM,0,NO_SOURCE,650000,1450000,840000,1900000,1150000,2600000
hp-elitebook-840-g10,HP EliteBook 840 G10,win_laptop,hp,software,Cài Hệ điều hành & Phần mềm,0,NO_SOURCE,150000,300000,200000,390000,270000,540000
hp-elitebook-840-g10,HP EliteBook 840 G10,win_laptop,hp,water-damage,Cấp cứu máy vô nước / Rớt nước,0,NO_SOURCE,700000,1600000,910000,2100000,1250000,2900000
hp-elitebook-840-g10,HP EliteBook 840 G10,win_laptop,hp,data-recovery,Cứu dữ liệu ổ cứng & Bo mạch,0,NO_SOURCE,750000,2200000,980000,2850000,1350000,3950000
hp-elitebook-840-g10,HP EliteBook 840 G10,win_laptop,hp,diagnostic,Kiểm tra chẩn đoán toàn diện,0,NO_SOURCE,0,0,0,0,0,0
lenovo-legion-pro-5-16,Lenovo Legion Pro 5 16,win_laptop,lenovo,screen,Thay màn hình hiển thị,0,NO_SOURCE,1700000,3050000,2200000,3950000,3100000,5450000
lenovo-legion-pro-5-16,Lenovo Legion Pro 5 16,win_laptop,lenovo,battery,Thay pin dung lượng cao / Pin Zin,0,NO_SOURCE,810000,1400000,1050000,1850000,1450000,2550000
lenovo-legion-pro-5-16,Lenovo Legion Pro 5 16,win_laptop,lenovo,keyboard,Bàn phím liệt / Kẹt nút bấm,0,NO_SOURCE,620000,1250000,800000,1600000,1100000,2200000
lenovo-legion-pro-5-16,Lenovo Legion Pro 5 16,win_laptop,lenovo,trackpad,Chuột cảm ứng / Trackpad,0,NO_SOURCE,480000,860000,620000,1100000,860000,1550000
lenovo-legion-pro-5-16,Lenovo Legion Pro 5 16,win_laptop,lenovo,charging-port,Sửa chân sạc / Cổng kết nối,0,NO_SOURCE,430000,760000,560000,990000,770000,1350000
lenovo-legion-pro-5-16,Lenovo Legion Pro 5 16,win_laptop,lenovo,hinge-body,Sửa gãy bản lề / Vỏ khung sườn,0,NO_SOURCE,570000,1050000,740000,1350000,1050000,1900000
lenovo-legion-pro-5-16,Lenovo Legion Pro 5 16,win_laptop,lenovo,mainboard,Sửa mất nguồn / Lỗi Mainboard,0,NO_SOURCE,1150000,2650000,1500000,3450000,2050000,4800000
lenovo-legion-pro-5-16,Lenovo Legion Pro 5 16,win_laptop,lenovo,speaker,Loa trong / Loa ngoài rè,0,NO_SOURCE,380000,710000,490000,930000,680000,1300000
lenovo-legion-pro-5-16,Lenovo Legion Pro 5 16,win_laptop,lenovo,mic,Hỏng Micro (Nói không nghe),0,NO_SOURCE,280000,520000,370000,680000,510000,940000
lenovo-legion-pro-5-16,Lenovo Legion Pro 5 16,win_laptop,lenovo,camera,Thay camera trước / sau,0,NO_SOURCE,380000,710000,490000,930000,680000,1300000
lenovo-legion-pro-5-16,Lenovo Legion Pro 5 16,win_laptop,lenovo,thermal,Vệ sinh máy & Tra keo tản nhiệt,0,NO_SOURCE,240000,380000,310000,490000,430000,680000
lenovo-legion-pro-5-16,Lenovo Legion Pro 5 16,win_laptop,lenovo,ssd-upgrade,Nâng cấp ổ cứng SSD siêu tốc,0,NO_SOURCE,760000,1800000,990000,2350000,1350000,3250000
lenovo-legion-pro-5-16,Lenovo Legion Pro 5 16,win_laptop,lenovo,ram-upgrade,Nâng cấp bộ nhớ RAM,0,NO_SOURCE,620000,1400000,800000,1800000,1100000,2500000
lenovo-legion-pro-5-16,Lenovo Legion Pro 5 16,win_laptop,lenovo,software,Cài Hệ điều hành & Phần mềm,0,NO_SOURCE,140000,280000,190000,370000,260000,510000
lenovo-legion-pro-5-16,Lenovo Legion Pro 5 16,win_laptop,lenovo,water-damage,Cấp cứu máy vô nước / Rớt nước,0,NO_SOURCE,660000,1500000,860000,2000000,1200000,2750000
lenovo-legion-pro-5-16,Lenovo Legion Pro 5 16,win_laptop,lenovo,data-recovery,Cứu dữ liệu ổ cứng & Bo mạch,0,NO_SOURCE,710000,2100000,930000,2700000,1300000,3750000
lenovo-legion-pro-5-16,Lenovo Legion Pro 5 16,win_laptop,lenovo,diagnostic,Kiểm tra chẩn đoán toàn diện,0,NO_SOURCE,0,0,0,0,0,0
lenovo-legion-pro-5-16,Lenovo Legion Pro 5 16,win_laptop,lenovo,vga-gpu,Sửa Card đồ họa rời (VGA / GPU / VRAM),0,NO_SOURCE,1350000,2750000,1750000,3600000,2400000,4950000
lenovo-legion-pro-7-16,Lenovo Legion Pro 7 16,win_laptop,lenovo,screen,Thay màn hình hiển thị,0,NO_SOURCE,2650000,5200000,3450000,6800000,4800000,9400000
lenovo-legion-pro-7-16,Lenovo Legion Pro 7 16,win_laptop,lenovo,battery,Thay pin dung lượng cao / Pin Zin,0,NO_SOURCE,1150000,2100000,1500000,2700000,2050000,3750000
lenovo-legion-pro-7-16,Lenovo Legion Pro 7 16,win_laptop,lenovo,keyboard,Bàn phím liệt / Kẹt nút bấm,0,NO_SOURCE,900000,2000000,1150000,2600000,1600000,3600000
lenovo-legion-pro-7-16,Lenovo Legion Pro 7 16,win_laptop,lenovo,trackpad,Chuột cảm ứng / Trackpad,0,NO_SOURCE,660000,1350000,860000,1750000,1200000,2400000
lenovo-legion-pro-7-16,Lenovo Legion Pro 7 16,win_laptop,lenovo,charging-port,Sửa chân sạc / Cổng kết nối,0,NO_SOURCE,570000,1050000,740000,1350000,1050000,1900000
lenovo-legion-pro-7-16,Lenovo Legion Pro 7 16,win_laptop,lenovo,hinge-body,Sửa gãy bản lề / Vỏ khung sườn,0,NO_SOURCE,810000,1700000,1050000,2200000,1450000,3100000
lenovo-legion-pro-7-16,Lenovo Legion Pro 7 16,win_laptop,lenovo,mainboard,Sửa mất nguồn / Lỗi Mainboard,0,NO_SOURCE,1700000,4300000,2200000,5550000,3100000,7700000
lenovo-legion-pro-7-16,Lenovo Legion Pro 7 16,win_laptop,lenovo,speaker,Loa trong / Loa ngoài rè,0,NO_SOURCE,520000,1050000,680000,1350000,940000,1900000
lenovo-legion-pro-7-16,Lenovo Legion Pro 7 16,win_laptop,lenovo,mic,Hỏng Micro (Nói không nghe),0,NO_SOURCE,380000,710000,490000,930000,680000,1300000
lenovo-legion-pro-7-16,Lenovo Legion Pro 7 16,win_laptop,lenovo,camera,Thay camera trước / sau,0,NO_SOURCE,520000,1050000,680000,1350000,940000,1900000
lenovo-legion-pro-7-16,Lenovo Legion Pro 7 16,win_laptop,lenovo,thermal,Vệ sinh máy & Tra keo tản nhiệt,0,NO_SOURCE,330000,570000,430000,740000,600000,1050000
lenovo-legion-pro-7-16,Lenovo Legion Pro 7 16,win_laptop,lenovo,ssd-upgrade,Nâng cấp ổ cứng SSD siêu tốc,0,NO_SOURCE,1050000,2650000,1350000,3450000,1900000,4800000
lenovo-legion-pro-7-16,Lenovo Legion Pro 7 16,win_laptop,lenovo,ram-upgrade,Nâng cấp bộ nhớ RAM,0,NO_SOURCE,810000,2100000,1050000,2700000,1450000,3750000
lenovo-legion-pro-7-16,Lenovo Legion Pro 7 16,win_laptop,lenovo,software,Cài Hệ điều hành & Phần mềm,0,NO_SOURCE,190000,380000,250000,490000,340000,680000
lenovo-legion-pro-7-16,Lenovo Legion Pro 7 16,win_laptop,lenovo,water-damage,Cấp cứu máy vô nước / Rớt nước,0,NO_SOURCE,900000,2300000,1150000,2950000,1600000,4100000
lenovo-legion-pro-7-16,Lenovo Legion Pro 7 16,win_laptop,lenovo,data-recovery,Cứu dữ liệu ổ cứng & Bo mạch,0,NO_SOURCE,900000,2850000,1150000,3700000,1600000,5150000
lenovo-legion-pro-7-16,Lenovo Legion Pro 7 16,win_laptop,lenovo,diagnostic,Kiểm tra chẩn đoán toàn diện,0,NO_SOURCE,0,0,0,0,0,0
lenovo-legion-pro-7-16,Lenovo Legion Pro 7 16,win_laptop,lenovo,vga-gpu,Sửa Card đồ họa rời (VGA / GPU / VRAM),0,NO_SOURCE,2100000,4550000,2700000,5950000,3750000,8200000
lenovo-legion-slim-5-16,Lenovo Legion Slim 5 16,win_laptop,lenovo,screen,Thay màn hình hiển thị,0,NO_SOURCE,1700000,3050000,2200000,3950000,3100000,5450000
lenovo-legion-slim-5-16,Lenovo Legion Slim 5 16,win_laptop,lenovo,battery,Thay pin dung lượng cao / Pin Zin,0,NO_SOURCE,810000,1400000,1050000,1850000,1450000,2550000
lenovo-legion-slim-5-16,Lenovo Legion Slim 5 16,win_laptop,lenovo,keyboard,Bàn phím liệt / Kẹt nút bấm,0,NO_SOURCE,620000,1250000,800000,1600000,1100000,2200000
lenovo-legion-slim-5-16,Lenovo Legion Slim 5 16,win_laptop,lenovo,trackpad,Chuột cảm ứng / Trackpad,0,NO_SOURCE,480000,860000,620000,1100000,860000,1550000
lenovo-legion-slim-5-16,Lenovo Legion Slim 5 16,win_laptop,lenovo,charging-port,Sửa chân sạc / Cổng kết nối,0,NO_SOURCE,430000,760000,560000,990000,770000,1350000
lenovo-legion-slim-5-16,Lenovo Legion Slim 5 16,win_laptop,lenovo,hinge-body,Sửa gãy bản lề / Vỏ khung sườn,0,NO_SOURCE,570000,1050000,740000,1350000,1050000,1900000
lenovo-legion-slim-5-16,Lenovo Legion Slim 5 16,win_laptop,lenovo,mainboard,Sửa mất nguồn / Lỗi Mainboard,0,NO_SOURCE,1150000,2650000,1500000,3450000,2050000,4800000
lenovo-legion-slim-5-16,Lenovo Legion Slim 5 16,win_laptop,lenovo,speaker,Loa trong / Loa ngoài rè,0,NO_SOURCE,380000,710000,490000,930000,680000,1300000
lenovo-legion-slim-5-16,Lenovo Legion Slim 5 16,win_laptop,lenovo,mic,Hỏng Micro (Nói không nghe),0,NO_SOURCE,280000,520000,370000,680000,510000,940000
lenovo-legion-slim-5-16,Lenovo Legion Slim 5 16,win_laptop,lenovo,camera,Thay camera trước / sau,0,NO_SOURCE,380000,710000,490000,930000,680000,1300000
lenovo-legion-slim-5-16,Lenovo Legion Slim 5 16,win_laptop,lenovo,thermal,Vệ sinh máy & Tra keo tản nhiệt,0,NO_SOURCE,240000,380000,310000,490000,430000,680000
lenovo-legion-slim-5-16,Lenovo Legion Slim 5 16,win_laptop,lenovo,ssd-upgrade,Nâng cấp ổ cứng SSD siêu tốc,0,NO_SOURCE,760000,1800000,990000,2350000,1350000,3250000
lenovo-legion-slim-5-16,Lenovo Legion Slim 5 16,win_laptop,lenovo,ram-upgrade,Nâng cấp bộ nhớ RAM,0,NO_SOURCE,620000,1400000,800000,1800000,1100000,2500000
lenovo-legion-slim-5-16,Lenovo Legion Slim 5 16,win_laptop,lenovo,software,Cài Hệ điều hành & Phần mềm,0,NO_SOURCE,140000,280000,190000,370000,260000,510000
lenovo-legion-slim-5-16,Lenovo Legion Slim 5 16,win_laptop,lenovo,water-damage,Cấp cứu máy vô nước / Rớt nước,0,NO_SOURCE,660000,1500000,860000,2000000,1200000,2750000
lenovo-legion-slim-5-16,Lenovo Legion Slim 5 16,win_laptop,lenovo,data-recovery,Cứu dữ liệu ổ cứng & Bo mạch,0,NO_SOURCE,710000,2100000,930000,2700000,1300000,3750000
lenovo-legion-slim-5-16,Lenovo Legion Slim 5 16,win_laptop,lenovo,diagnostic,Kiểm tra chẩn đoán toàn diện,0,NO_SOURCE,0,0,0,0,0,0
lenovo-legion-slim-5-16,Lenovo Legion Slim 5 16,win_laptop,lenovo,vga-gpu,Sửa Card đồ họa rời (VGA / GPU / VRAM),0,NO_SOURCE,1350000,2750000,1750000,3600000,2400000,4950000
lenovo-loq-15irh8,Lenovo LOQ 15IRH8,win_laptop,lenovo,screen,Thay màn hình hiển thị,0,NO_SOURCE,1700000,3050000,2200000,3950000,3100000,5450000
lenovo-loq-15irh8,Lenovo LOQ 15IRH8,win_laptop,lenovo,battery,Thay pin dung lượng cao / Pin Zin,0,NO_SOURCE,810000,1400000,1050000,1850000,1450000,2550000
lenovo-loq-15irh8,Lenovo LOQ 15IRH8,win_laptop,lenovo,keyboard,Bàn phím liệt / Kẹt nút bấm,0,NO_SOURCE,620000,1250000,800000,1600000,1100000,2200000
lenovo-loq-15irh8,Lenovo LOQ 15IRH8,win_laptop,lenovo,trackpad,Chuột cảm ứng / Trackpad,0,NO_SOURCE,480000,860000,620000,1100000,860000,1550000
lenovo-loq-15irh8,Lenovo LOQ 15IRH8,win_laptop,lenovo,charging-port,Sửa chân sạc / Cổng kết nối,0,NO_SOURCE,430000,760000,560000,990000,770000,1350000
lenovo-loq-15irh8,Lenovo LOQ 15IRH8,win_laptop,lenovo,hinge-body,Sửa gãy bản lề / Vỏ khung sườn,0,NO_SOURCE,570000,1050000,740000,1350000,1050000,1900000
lenovo-loq-15irh8,Lenovo LOQ 15IRH8,win_laptop,lenovo,mainboard,Sửa mất nguồn / Lỗi Mainboard,0,NO_SOURCE,1150000,2650000,1500000,3450000,2050000,4800000
lenovo-loq-15irh8,Lenovo LOQ 15IRH8,win_laptop,lenovo,speaker,Loa trong / Loa ngoài rè,0,NO_SOURCE,380000,710000,490000,930000,680000,1300000
lenovo-loq-15irh8,Lenovo LOQ 15IRH8,win_laptop,lenovo,mic,Hỏng Micro (Nói không nghe),0,NO_SOURCE,280000,520000,370000,680000,510000,940000
lenovo-loq-15irh8,Lenovo LOQ 15IRH8,win_laptop,lenovo,camera,Thay camera trước / sau,0,NO_SOURCE,380000,710000,490000,930000,680000,1300000
lenovo-loq-15irh8,Lenovo LOQ 15IRH8,win_laptop,lenovo,thermal,Vệ sinh máy & Tra keo tản nhiệt,0,NO_SOURCE,240000,380000,310000,490000,430000,680000
lenovo-loq-15irh8,Lenovo LOQ 15IRH8,win_laptop,lenovo,ssd-upgrade,Nâng cấp ổ cứng SSD siêu tốc,0,NO_SOURCE,760000,1800000,990000,2350000,1350000,3250000
lenovo-loq-15irh8,Lenovo LOQ 15IRH8,win_laptop,lenovo,ram-upgrade,Nâng cấp bộ nhớ RAM,0,NO_SOURCE,620000,1400000,800000,1800000,1100000,2500000
lenovo-loq-15irh8,Lenovo LOQ 15IRH8,win_laptop,lenovo,software,Cài Hệ điều hành & Phần mềm,0,NO_SOURCE,140000,280000,190000,370000,260000,510000
lenovo-loq-15irh8,Lenovo LOQ 15IRH8,win_laptop,lenovo,water-damage,Cấp cứu máy vô nước / Rớt nước,0,NO_SOURCE,660000,1500000,860000,2000000,1200000,2750000
lenovo-loq-15irh8,Lenovo LOQ 15IRH8,win_laptop,lenovo,data-recovery,Cứu dữ liệu ổ cứng & Bo mạch,0,NO_SOURCE,710000,2100000,930000,2700000,1300000,3750000
lenovo-loq-15irh8,Lenovo LOQ 15IRH8,win_laptop,lenovo,diagnostic,Kiểm tra chẩn đoán toàn diện,0,NO_SOURCE,0,0,0,0,0,0
lenovo-loq-15irh8,Lenovo LOQ 15IRH8,win_laptop,lenovo,vga-gpu,Sửa Card đồ họa rời (VGA / GPU / VRAM),0,NO_SOURCE,1350000,2750000,1750000,3600000,2400000,4950000
lenovo-loq-15iax9,Lenovo LOQ 15IAX9,win_laptop,lenovo,screen,Thay màn hình hiển thị,0,NO_SOURCE,1700000,3050000,2200000,3950000,3100000,5450000
lenovo-loq-15iax9,Lenovo LOQ 15IAX9,win_laptop,lenovo,battery,Thay pin dung lượng cao / Pin Zin,0,NO_SOURCE,810000,1400000,1050000,1850000,1450000,2550000
lenovo-loq-15iax9,Lenovo LOQ 15IAX9,win_laptop,lenovo,keyboard,Bàn phím liệt / Kẹt nút bấm,0,NO_SOURCE,620000,1250000,800000,1600000,1100000,2200000
lenovo-loq-15iax9,Lenovo LOQ 15IAX9,win_laptop,lenovo,trackpad,Chuột cảm ứng / Trackpad,0,NO_SOURCE,480000,860000,620000,1100000,860000,1550000
lenovo-loq-15iax9,Lenovo LOQ 15IAX9,win_laptop,lenovo,charging-port,Sửa chân sạc / Cổng kết nối,0,NO_SOURCE,430000,760000,560000,990000,770000,1350000
lenovo-loq-15iax9,Lenovo LOQ 15IAX9,win_laptop,lenovo,hinge-body,Sửa gãy bản lề / Vỏ khung sườn,0,NO_SOURCE,570000,1050000,740000,1350000,1050000,1900000
lenovo-loq-15iax9,Lenovo LOQ 15IAX9,win_laptop,lenovo,mainboard,Sửa mất nguồn / Lỗi Mainboard,0,NO_SOURCE,1150000,2650000,1500000,3450000,2050000,4800000
lenovo-loq-15iax9,Lenovo LOQ 15IAX9,win_laptop,lenovo,speaker,Loa trong / Loa ngoài rè,0,NO_SOURCE,380000,710000,490000,930000,680000,1300000
lenovo-loq-15iax9,Lenovo LOQ 15IAX9,win_laptop,lenovo,mic,Hỏng Micro (Nói không nghe),0,NO_SOURCE,280000,520000,370000,680000,510000,940000
lenovo-loq-15iax9,Lenovo LOQ 15IAX9,win_laptop,lenovo,camera,Thay camera trước / sau,0,NO_SOURCE,380000,710000,490000,930000,680000,1300000
lenovo-loq-15iax9,Lenovo LOQ 15IAX9,win_laptop,lenovo,thermal,Vệ sinh máy & Tra keo tản nhiệt,0,NO_SOURCE,240000,380000,310000,490000,430000,680000
lenovo-loq-15iax9,Lenovo LOQ 15IAX9,win_laptop,lenovo,ssd-upgrade,Nâng cấp ổ cứng SSD siêu tốc,0,NO_SOURCE,760000,1800000,990000,2350000,1350000,3250000
lenovo-loq-15iax9,Lenovo LOQ 15IAX9,win_laptop,lenovo,ram-upgrade,Nâng cấp bộ nhớ RAM,0,NO_SOURCE,620000,1400000,800000,1800000,1100000,2500000
lenovo-loq-15iax9,Lenovo LOQ 15IAX9,win_laptop,lenovo,software,Cài Hệ điều hành & Phần mềm,0,NO_SOURCE,140000,280000,190000,370000,260000,510000
lenovo-loq-15iax9,Lenovo LOQ 15IAX9,win_laptop,lenovo,water-damage,Cấp cứu máy vô nước / Rớt nước,0,NO_SOURCE,660000,1500000,860000,2000000,1200000,2750000
lenovo-loq-15iax9,Lenovo LOQ 15IAX9,win_laptop,lenovo,data-recovery,Cứu dữ liệu ổ cứng & Bo mạch,0,NO_SOURCE,710000,2100000,930000,2700000,1300000,3750000
lenovo-loq-15iax9,Lenovo LOQ 15IAX9,win_laptop,lenovo,diagnostic,Kiểm tra chẩn đoán toàn diện,0,NO_SOURCE,0,0,0,0,0,0
lenovo-loq-15iax9,Lenovo LOQ 15IAX9,win_laptop,lenovo,vga-gpu,Sửa Card đồ họa rời (VGA / GPU / VRAM),0,NO_SOURCE,1350000,2750000,1750000,3600000,2400000,4950000
lenovo-thinkpad-x1-carbon-gen-11,Lenovo ThinkPad X1 Carbon Gen 11,win_laptop,lenovo,screen,Thay màn hình hiển thị,0,NO_SOURCE,2650000,5200000,3450000,6800000,4800000,9400000
lenovo-thinkpad-x1-carbon-gen-11,Lenovo ThinkPad X1 Carbon Gen 11,win_laptop,lenovo,battery,Thay pin dung lượng cao / Pin Zin,0,NO_SOURCE,1150000,2100000,1500000,2700000,2050000,3750000
lenovo-thinkpad-x1-carbon-gen-11,Lenovo ThinkPad X1 Carbon Gen 11,win_laptop,lenovo,keyboard,Bàn phím liệt / Kẹt nút bấm,0,NO_SOURCE,900000,2000000,1150000,2600000,1600000,3600000
lenovo-thinkpad-x1-carbon-gen-11,Lenovo ThinkPad X1 Carbon Gen 11,win_laptop,lenovo,trackpad,Chuột cảm ứng / Trackpad,0,NO_SOURCE,660000,1350000,860000,1750000,1200000,2400000
lenovo-thinkpad-x1-carbon-gen-11,Lenovo ThinkPad X1 Carbon Gen 11,win_laptop,lenovo,charging-port,Sửa chân sạc / Cổng kết nối,0,NO_SOURCE,570000,1050000,740000,1350000,1050000,1900000
lenovo-thinkpad-x1-carbon-gen-11,Lenovo ThinkPad X1 Carbon Gen 11,win_laptop,lenovo,hinge-body,Sửa gãy bản lề / Vỏ khung sườn,0,NO_SOURCE,810000,1700000,1050000,2200000,1450000,3100000
lenovo-thinkpad-x1-carbon-gen-11,Lenovo ThinkPad X1 Carbon Gen 11,win_laptop,lenovo,mainboard,Sửa mất nguồn / Lỗi Mainboard,0,NO_SOURCE,1700000,4300000,2200000,5550000,3100000,7700000
lenovo-thinkpad-x1-carbon-gen-11,Lenovo ThinkPad X1 Carbon Gen 11,win_laptop,lenovo,speaker,Loa trong / Loa ngoài rè,0,NO_SOURCE,520000,1050000,680000,1350000,940000,1900000
lenovo-thinkpad-x1-carbon-gen-11,Lenovo ThinkPad X1 Carbon Gen 11,win_laptop,lenovo,mic,Hỏng Micro (Nói không nghe),0,NO_SOURCE,380000,710000,490000,930000,680000,1300000
lenovo-thinkpad-x1-carbon-gen-11,Lenovo ThinkPad X1 Carbon Gen 11,win_laptop,lenovo,camera,Thay camera trước / sau,0,NO_SOURCE,520000,1050000,680000,1350000,940000,1900000
lenovo-thinkpad-x1-carbon-gen-11,Lenovo ThinkPad X1 Carbon Gen 11,win_laptop,lenovo,thermal,Vệ sinh máy & Tra keo tản nhiệt,0,NO_SOURCE,330000,570000,430000,740000,600000,1050000
lenovo-thinkpad-x1-carbon-gen-11,Lenovo ThinkPad X1 Carbon Gen 11,win_laptop,lenovo,ssd-upgrade,Nâng cấp ổ cứng SSD siêu tốc,0,NO_SOURCE,1050000,2650000,1350000,3450000,1900000,4800000
lenovo-thinkpad-x1-carbon-gen-11,Lenovo ThinkPad X1 Carbon Gen 11,win_laptop,lenovo,software,Cài Hệ điều hành & Phần mềm,0,NO_SOURCE,190000,380000,250000,490000,340000,680000
lenovo-thinkpad-x1-carbon-gen-11,Lenovo ThinkPad X1 Carbon Gen 11,win_laptop,lenovo,water-damage,Cấp cứu máy vô nước / Rớt nước,0,NO_SOURCE,900000,2300000,1150000,2950000,1600000,4100000
lenovo-thinkpad-x1-carbon-gen-11,Lenovo ThinkPad X1 Carbon Gen 11,win_laptop,lenovo,data-recovery,Cứu dữ liệu ổ cứng & Bo mạch,0,NO_SOURCE,900000,2850000,1150000,3700000,1600000,5150000
lenovo-thinkpad-x1-carbon-gen-11,Lenovo ThinkPad X1 Carbon Gen 11,win_laptop,lenovo,diagnostic,Kiểm tra chẩn đoán toàn diện,0,NO_SOURCE,0,0,0,0,0,0
lenovo-thinkpad-t14-gen-4,Lenovo ThinkPad T14 Gen 4,win_laptop,lenovo,screen,Thay màn hình hiển thị,0,NO_SOURCE,1700000,3050000,2200000,3950000,3100000,5450000
lenovo-thinkpad-t14-gen-4,Lenovo ThinkPad T14 Gen 4,win_laptop,lenovo,battery,Thay pin dung lượng cao / Pin Zin,0,NO_SOURCE,810000,1400000,1050000,1850000,1450000,2550000
lenovo-thinkpad-t14-gen-4,Lenovo ThinkPad T14 Gen 4,win_laptop,lenovo,keyboard,Bàn phím liệt / Kẹt nút bấm,0,NO_SOURCE,620000,1250000,800000,1600000,1100000,2200000
lenovo-thinkpad-t14-gen-4,Lenovo ThinkPad T14 Gen 4,win_laptop,lenovo,trackpad,Chuột cảm ứng / Trackpad,0,NO_SOURCE,480000,860000,620000,1100000,860000,1550000
lenovo-thinkpad-t14-gen-4,Lenovo ThinkPad T14 Gen 4,win_laptop,lenovo,charging-port,Sửa chân sạc / Cổng kết nối,0,NO_SOURCE,430000,760000,560000,990000,770000,1350000
lenovo-thinkpad-t14-gen-4,Lenovo ThinkPad T14 Gen 4,win_laptop,lenovo,hinge-body,Sửa gãy bản lề / Vỏ khung sườn,0,NO_SOURCE,570000,1050000,740000,1350000,1050000,1900000
lenovo-thinkpad-t14-gen-4,Lenovo ThinkPad T14 Gen 4,win_laptop,lenovo,mainboard,Sửa mất nguồn / Lỗi Mainboard,0,NO_SOURCE,1150000,2650000,1500000,3450000,2050000,4800000
lenovo-thinkpad-t14-gen-4,Lenovo ThinkPad T14 Gen 4,win_laptop,lenovo,speaker,Loa trong / Loa ngoài rè,0,NO_SOURCE,380000,710000,490000,930000,680000,1300000
lenovo-thinkpad-t14-gen-4,Lenovo ThinkPad T14 Gen 4,win_laptop,lenovo,mic,Hỏng Micro (Nói không nghe),0,NO_SOURCE,280000,520000,370000,680000,510000,940000
lenovo-thinkpad-t14-gen-4,Lenovo ThinkPad T14 Gen 4,win_laptop,lenovo,camera,Thay camera trước / sau,0,NO_SOURCE,380000,710000,490000,930000,680000,1300000
lenovo-thinkpad-t14-gen-4,Lenovo ThinkPad T14 Gen 4,win_laptop,lenovo,thermal,Vệ sinh máy & Tra keo tản nhiệt,0,NO_SOURCE,240000,380000,310000,490000,430000,680000
lenovo-thinkpad-t14-gen-4,Lenovo ThinkPad T14 Gen 4,win_laptop,lenovo,ssd-upgrade,Nâng cấp ổ cứng SSD siêu tốc,0,NO_SOURCE,760000,1800000,990000,2350000,1350000,3250000
lenovo-thinkpad-t14-gen-4,Lenovo ThinkPad T14 Gen 4,win_laptop,lenovo,ram-upgrade,Nâng cấp bộ nhớ RAM,0,NO_SOURCE,620000,1400000,800000,1800000,1100000,2500000
lenovo-thinkpad-t14-gen-4,Lenovo ThinkPad T14 Gen 4,win_laptop,lenovo,software,Cài Hệ điều hành & Phần mềm,0,NO_SOURCE,140000,280000,190000,370000,260000,510000
lenovo-thinkpad-t14-gen-4,Lenovo ThinkPad T14 Gen 4,win_laptop,lenovo,water-damage,Cấp cứu máy vô nước / Rớt nước,0,NO_SOURCE,660000,1500000,860000,2000000,1200000,2750000
lenovo-thinkpad-t14-gen-4,Lenovo ThinkPad T14 Gen 4,win_laptop,lenovo,data-recovery,Cứu dữ liệu ổ cứng & Bo mạch,0,NO_SOURCE,710000,2100000,930000,2700000,1300000,3750000
lenovo-thinkpad-t14-gen-4,Lenovo ThinkPad T14 Gen 4,win_laptop,lenovo,diagnostic,Kiểm tra chẩn đoán toàn diện,0,NO_SOURCE,0,0,0,0,0,0
lenovo-thinkpad-e14-gen-5,Lenovo ThinkPad E14 Gen 5,win_laptop,lenovo,screen,Thay màn hình hiển thị,0,NO_SOURCE,1300000,2200000,1650000,2850000,2300000,3950000
lenovo-thinkpad-e14-gen-5,Lenovo ThinkPad E14 Gen 5,win_laptop,lenovo,battery,Thay pin dung lượng cao / Pin Zin,0,NO_SOURCE,620000,1100000,800000,1400000,1100000,1950000
lenovo-thinkpad-e14-gen-5,Lenovo ThinkPad E14 Gen 5,win_laptop,lenovo,keyboard,Bàn phím liệt / Kẹt nút bấm,0,NO_SOURCE,480000,900000,620000,1150000,860000,1600000
lenovo-thinkpad-e14-gen-5,Lenovo ThinkPad E14 Gen 5,win_laptop,lenovo,trackpad,Chuột cảm ứng / Trackpad,0,NO_SOURCE,380000,710000,490000,930000,680000,1300000
lenovo-thinkpad-e14-gen-5,Lenovo ThinkPad E14 Gen 5,win_laptop,lenovo,charging-port,Sửa chân sạc / Cổng kết nối,0,NO_SOURCE,330000,570000,430000,740000,600000,1050000
lenovo-thinkpad-e14-gen-5,Lenovo ThinkPad E14 Gen 5,win_laptop,lenovo,hinge-body,Sửa gãy bản lề / Vỏ khung sườn,0,NO_SOURCE,430000,810000,560000,1050000,770000,1450000
lenovo-thinkpad-e14-gen-5,Lenovo ThinkPad E14 Gen 5,win_laptop,lenovo,mainboard,Sửa mất nguồn / Lỗi Mainboard,0,NO_SOURCE,760000,1800000,990000,2350000,1350000,3250000
lenovo-thinkpad-e14-gen-5,Lenovo ThinkPad E14 Gen 5,win_laptop,lenovo,speaker,Loa trong / Loa ngoài rè,0,NO_SOURCE,280000,520000,370000,680000,510000,940000
lenovo-thinkpad-e14-gen-5,Lenovo ThinkPad E14 Gen 5,win_laptop,lenovo,mic,Hỏng Micro (Nói không nghe),0,NO_SOURCE,240000,430000,310000,560000,430000,770000
lenovo-thinkpad-e14-gen-5,Lenovo ThinkPad E14 Gen 5,win_laptop,lenovo,camera,Thay camera trước / sau,0,NO_SOURCE,330000,620000,430000,800000,600000,1100000
lenovo-thinkpad-e14-gen-5,Lenovo ThinkPad E14 Gen 5,win_laptop,lenovo,thermal,Vệ sinh máy & Tra keo tản nhiệt,0,NO_SOURCE,170000,280000,220000,370000,310000,510000
lenovo-thinkpad-e14-gen-5,Lenovo ThinkPad E14 Gen 5,win_laptop,lenovo,ssd-upgrade,Nâng cấp ổ cứng SSD siêu tốc,0,NO_SOURCE,620000,1400000,800000,1800000,1100000,2500000
lenovo-thinkpad-e14-gen-5,Lenovo ThinkPad E14 Gen 5,win_laptop,lenovo,ram-upgrade,Nâng cấp bộ nhớ RAM,0,NO_SOURCE,480000,1050000,620000,1350000,860000,1900000
lenovo-thinkpad-e14-gen-5,Lenovo ThinkPad E14 Gen 5,win_laptop,lenovo,software,Cài Hệ điều hành & Phần mềm,0,NO_SOURCE,140000,240000,190000,310000,260000,430000
lenovo-thinkpad-e14-gen-5,Lenovo ThinkPad E14 Gen 5,win_laptop,lenovo,water-damage,Cấp cứu máy vô nước / Rớt nước,0,NO_SOURCE,480000,1150000,620000,1500000,860000,2050000
lenovo-thinkpad-e14-gen-5,Lenovo ThinkPad E14 Gen 5,win_laptop,lenovo,data-recovery,Cứu dữ liệu ổ cứng & Bo mạch,0,NO_SOURCE,570000,1700000,740000,2200000,1050000,3100000
lenovo-thinkpad-e14-gen-5,Lenovo ThinkPad E14 Gen 5,win_laptop,lenovo,diagnostic,Kiểm tra chẩn đoán toàn diện,0,NO_SOURCE,0,0,0,0,0,0
lenovo-thinkpad-p16s-gen-2,Lenovo ThinkPad P16s Gen 2,win_laptop,lenovo,screen,Thay màn hình hiển thị,0,NO_SOURCE,1700000,3050000,2200000,3950000,3100000,5450000
lenovo-thinkpad-p16s-gen-2,Lenovo ThinkPad P16s Gen 2,win_laptop,lenovo,battery,Thay pin dung lượng cao / Pin Zin,0,NO_SOURCE,810000,1400000,1050000,1850000,1450000,2550000
lenovo-thinkpad-p16s-gen-2,Lenovo ThinkPad P16s Gen 2,win_laptop,lenovo,keyboard,Bàn phím liệt / Kẹt nút bấm,0,NO_SOURCE,620000,1250000,800000,1600000,1100000,2200000
lenovo-thinkpad-p16s-gen-2,Lenovo ThinkPad P16s Gen 2,win_laptop,lenovo,trackpad,Chuột cảm ứng / Trackpad,0,NO_SOURCE,480000,860000,620000,1100000,860000,1550000
lenovo-thinkpad-p16s-gen-2,Lenovo ThinkPad P16s Gen 2,win_laptop,lenovo,charging-port,Sửa chân sạc / Cổng kết nối,0,NO_SOURCE,430000,760000,560000,990000,770000,1350000
lenovo-thinkpad-p16s-gen-2,Lenovo ThinkPad P16s Gen 2,win_laptop,lenovo,hinge-body,Sửa gãy bản lề / Vỏ khung sườn,0,NO_SOURCE,570000,1050000,740000,1350000,1050000,1900000
lenovo-thinkpad-p16s-gen-2,Lenovo ThinkPad P16s Gen 2,win_laptop,lenovo,mainboard,Sửa mất nguồn / Lỗi Mainboard,0,NO_SOURCE,1150000,2650000,1500000,3450000,2050000,4800000
lenovo-thinkpad-p16s-gen-2,Lenovo ThinkPad P16s Gen 2,win_laptop,lenovo,speaker,Loa trong / Loa ngoài rè,0,NO_SOURCE,380000,710000,490000,930000,680000,1300000
lenovo-thinkpad-p16s-gen-2,Lenovo ThinkPad P16s Gen 2,win_laptop,lenovo,mic,Hỏng Micro (Nói không nghe),0,NO_SOURCE,280000,520000,370000,680000,510000,940000
lenovo-thinkpad-p16s-gen-2,Lenovo ThinkPad P16s Gen 2,win_laptop,lenovo,camera,Thay camera trước / sau,0,NO_SOURCE,380000,710000,490000,930000,680000,1300000
lenovo-thinkpad-p16s-gen-2,Lenovo ThinkPad P16s Gen 2,win_laptop,lenovo,thermal,Vệ sinh máy & Tra keo tản nhiệt,0,NO_SOURCE,240000,380000,310000,490000,430000,680000
lenovo-thinkpad-p16s-gen-2,Lenovo ThinkPad P16s Gen 2,win_laptop,lenovo,ssd-upgrade,Nâng cấp ổ cứng SSD siêu tốc,0,NO_SOURCE,760000,1800000,990000,2350000,1350000,3250000
lenovo-thinkpad-p16s-gen-2,Lenovo ThinkPad P16s Gen 2,win_laptop,lenovo,software,Cài Hệ điều hành & Phần mềm,0,NO_SOURCE,140000,280000,190000,370000,260000,510000
lenovo-thinkpad-p16s-gen-2,Lenovo ThinkPad P16s Gen 2,win_laptop,lenovo,water-damage,Cấp cứu máy vô nước / Rớt nước,0,NO_SOURCE,660000,1500000,860000,2000000,1200000,2750000
lenovo-thinkpad-p16s-gen-2,Lenovo ThinkPad P16s Gen 2,win_laptop,lenovo,data-recovery,Cứu dữ liệu ổ cứng & Bo mạch,0,NO_SOURCE,710000,2100000,930000,2700000,1300000,3750000
lenovo-thinkpad-p16s-gen-2,Lenovo ThinkPad P16s Gen 2,win_laptop,lenovo,diagnostic,Kiểm tra chẩn đoán toàn diện,0,NO_SOURCE,0,0,0,0,0,0
lenovo-ideapad-slim-5-14,Lenovo IdeaPad Slim 5 14,win_laptop,lenovo,screen,Thay màn hình hiển thị,0,NO_SOURCE,1300000,2200000,1650000,2850000,2300000,3950000
lenovo-ideapad-slim-5-14,Lenovo IdeaPad Slim 5 14,win_laptop,lenovo,battery,Thay pin dung lượng cao / Pin Zin,0,NO_SOURCE,620000,1100000,800000,1400000,1100000,1950000
lenovo-ideapad-slim-5-14,Lenovo IdeaPad Slim 5 14,win_laptop,lenovo,keyboard,Bàn phím liệt / Kẹt nút bấm,0,NO_SOURCE,480000,900000,620000,1150000,860000,1600000
lenovo-ideapad-slim-5-14,Lenovo IdeaPad Slim 5 14,win_laptop,lenovo,trackpad,Chuột cảm ứng / Trackpad,0,NO_SOURCE,380000,710000,490000,930000,680000,1300000
lenovo-ideapad-slim-5-14,Lenovo IdeaPad Slim 5 14,win_laptop,lenovo,charging-port,Sửa chân sạc / Cổng kết nối,0,NO_SOURCE,330000,570000,430000,740000,600000,1050000
lenovo-ideapad-slim-5-14,Lenovo IdeaPad Slim 5 14,win_laptop,lenovo,hinge-body,Sửa gãy bản lề / Vỏ khung sườn,0,NO_SOURCE,430000,810000,560000,1050000,770000,1450000
lenovo-ideapad-slim-5-14,Lenovo IdeaPad Slim 5 14,win_laptop,lenovo,mainboard,Sửa mất nguồn / Lỗi Mainboard,0,NO_SOURCE,760000,1800000,990000,2350000,1350000,3250000
lenovo-ideapad-slim-5-14,Lenovo IdeaPad Slim 5 14,win_laptop,lenovo,speaker,Loa trong / Loa ngoài rè,0,NO_SOURCE,280000,520000,370000,680000,510000,940000
lenovo-ideapad-slim-5-14,Lenovo IdeaPad Slim 5 14,win_laptop,lenovo,mic,Hỏng Micro (Nói không nghe),0,NO_SOURCE,240000,430000,310000,560000,430000,770000
lenovo-ideapad-slim-5-14,Lenovo IdeaPad Slim 5 14,win_laptop,lenovo,camera,Thay camera trước / sau,0,NO_SOURCE,330000,620000,430000,800000,600000,1100000
lenovo-ideapad-slim-5-14,Lenovo IdeaPad Slim 5 14,win_laptop,lenovo,thermal,Vệ sinh máy & Tra keo tản nhiệt,0,NO_SOURCE,170000,280000,220000,370000,310000,510000
lenovo-ideapad-slim-5-14,Lenovo IdeaPad Slim 5 14,win_laptop,lenovo,ssd-upgrade,Nâng cấp ổ cứng SSD siêu tốc,0,NO_SOURCE,620000,1400000,800000,1800000,1100000,2500000
lenovo-ideapad-slim-5-14,Lenovo IdeaPad Slim 5 14,win_laptop,lenovo,software,Cài Hệ điều hành & Phần mềm,0,NO_SOURCE,140000,240000,190000,310000,260000,430000
lenovo-ideapad-slim-5-14,Lenovo IdeaPad Slim 5 14,win_laptop,lenovo,water-damage,Cấp cứu máy vô nước / Rớt nước,0,NO_SOURCE,480000,1150000,620000,1500000,860000,2050000
lenovo-ideapad-slim-5-14,Lenovo IdeaPad Slim 5 14,win_laptop,lenovo,data-recovery,Cứu dữ liệu ổ cứng & Bo mạch,0,NO_SOURCE,570000,1700000,740000,2200000,1050000,3100000
lenovo-ideapad-slim-5-14,Lenovo IdeaPad Slim 5 14,win_laptop,lenovo,diagnostic,Kiểm tra chẩn đoán toàn diện,0,NO_SOURCE,0,0,0,0,0,0
lenovo-ideapad-3-15,Lenovo IdeaPad 3 15,win_laptop,lenovo,screen,Thay màn hình hiển thị,0,NO_SOURCE,900000,1550000,1150000,2050000,1600000,2800000
lenovo-ideapad-3-15,Lenovo IdeaPad 3 15,win_laptop,lenovo,battery,Thay pin dung lượng cao / Pin Zin,0,NO_SOURCE,480000,810000,620000,1050000,860000,1450000
lenovo-ideapad-3-15,Lenovo IdeaPad 3 15,win_laptop,lenovo,keyboard,Bàn phím liệt / Kẹt nút bấm,0,NO_SOURCE,330000,620000,430000,800000,600000,1100000
lenovo-ideapad-3-15,Lenovo IdeaPad 3 15,win_laptop,lenovo,trackpad,Chuột cảm ứng / Trackpad,0,NO_SOURCE,280000,520000,370000,680000,510000,940000
lenovo-ideapad-3-15,Lenovo IdeaPad 3 15,win_laptop,lenovo,charging-port,Sửa chân sạc / Cổng kết nối,0,NO_SOURCE,240000,430000,310000,560000,430000,770000
lenovo-ideapad-3-15,Lenovo IdeaPad 3 15,win_laptop,lenovo,hinge-body,Sửa gãy bản lề / Vỏ khung sườn,0,NO_SOURCE,280000,570000,370000,740000,510000,1050000
lenovo-ideapad-3-15,Lenovo IdeaPad 3 15,win_laptop,lenovo,mainboard,Sửa mất nguồn / Lỗi Mainboard,0,NO_SOURCE,520000,1350000,680000,1750000,940000,2400000
lenovo-ideapad-3-15,Lenovo IdeaPad 3 15,win_laptop,lenovo,speaker,Loa trong / Loa ngoài rè,0,NO_SOURCE,240000,430000,310000,560000,430000,770000
lenovo-ideapad-3-15,Lenovo IdeaPad 3 15,win_laptop,lenovo,mic,Hỏng Micro (Nói không nghe),0,NO_SOURCE,190000,380000,250000,490000,340000,680000
lenovo-ideapad-3-15,Lenovo IdeaPad 3 15,win_laptop,lenovo,camera,Thay camera trước / sau,0,NO_SOURCE,240000,480000,310000,620000,430000,860000
lenovo-ideapad-3-15,Lenovo IdeaPad 3 15,win_laptop,lenovo,thermal,Vệ sinh máy & Tra keo tản nhiệt,0,NO_SOURCE,140000,240000,190000,310000,260000,430000
lenovo-ideapad-3-15,Lenovo IdeaPad 3 15,win_laptop,lenovo,ssd-upgrade,Nâng cấp ổ cứng SSD siêu tốc,0,NO_SOURCE,520000,1150000,680000,1500000,940000,2050000
lenovo-ideapad-3-15,Lenovo IdeaPad 3 15,win_laptop,lenovo,ram-upgrade,Nâng cấp bộ nhớ RAM,0,NO_SOURCE,430000,900000,560000,1150000,770000,1600000
lenovo-ideapad-3-15,Lenovo IdeaPad 3 15,win_laptop,lenovo,software,Cài Hệ điều hành & Phần mềm,0,NO_SOURCE,110000,190000,150000,250000,210000,340000
lenovo-ideapad-3-15,Lenovo IdeaPad 3 15,win_laptop,lenovo,water-damage,Cấp cứu máy vô nước / Rớt nước,0,NO_SOURCE,380000,860000,490000,1100000,680000,1550000
lenovo-ideapad-3-15,Lenovo IdeaPad 3 15,win_laptop,lenovo,data-recovery,Cứu dữ liệu ổ cứng & Bo mạch,0,NO_SOURCE,480000,1400000,620000,1850000,860000,2550000
lenovo-ideapad-3-15,Lenovo IdeaPad 3 15,win_laptop,lenovo,diagnostic,Kiểm tra chẩn đoán toàn diện,0,NO_SOURCE,0,0,0,0,0,0
lenovo-ideapad-gaming-3,Lenovo IdeaPad Gaming 3,win_laptop,lenovo,screen,Thay màn hình hiển thị,0,NO_SOURCE,1300000,2200000,1650000,2850000,2300000,3950000
lenovo-ideapad-gaming-3,Lenovo IdeaPad Gaming 3,win_laptop,lenovo,battery,Thay pin dung lượng cao / Pin Zin,0,NO_SOURCE,620000,1100000,800000,1400000,1100000,1950000
lenovo-ideapad-gaming-3,Lenovo IdeaPad Gaming 3,win_laptop,lenovo,keyboard,Bàn phím liệt / Kẹt nút bấm,0,NO_SOURCE,480000,900000,620000,1150000,860000,1600000
lenovo-ideapad-gaming-3,Lenovo IdeaPad Gaming 3,win_laptop,lenovo,trackpad,Chuột cảm ứng / Trackpad,0,NO_SOURCE,380000,710000,490000,930000,680000,1300000
lenovo-ideapad-gaming-3,Lenovo IdeaPad Gaming 3,win_laptop,lenovo,charging-port,Sửa chân sạc / Cổng kết nối,0,NO_SOURCE,330000,570000,430000,740000,600000,1050000
lenovo-ideapad-gaming-3,Lenovo IdeaPad Gaming 3,win_laptop,lenovo,hinge-body,Sửa gãy bản lề / Vỏ khung sườn,0,NO_SOURCE,430000,810000,560000,1050000,770000,1450000
lenovo-ideapad-gaming-3,Lenovo IdeaPad Gaming 3,win_laptop,lenovo,mainboard,Sửa mất nguồn / Lỗi Mainboard,0,NO_SOURCE,760000,1800000,990000,2350000,1350000,3250000
lenovo-ideapad-gaming-3,Lenovo IdeaPad Gaming 3,win_laptop,lenovo,speaker,Loa trong / Loa ngoài rè,0,NO_SOURCE,280000,520000,370000,680000,510000,940000
lenovo-ideapad-gaming-3,Lenovo IdeaPad Gaming 3,win_laptop,lenovo,mic,Hỏng Micro (Nói không nghe),0,NO_SOURCE,240000,430000,310000,560000,430000,770000
lenovo-ideapad-gaming-3,Lenovo IdeaPad Gaming 3,win_laptop,lenovo,camera,Thay camera trước / sau,0,NO_SOURCE,330000,620000,430000,800000,600000,1100000
lenovo-ideapad-gaming-3,Lenovo IdeaPad Gaming 3,win_laptop,lenovo,thermal,Vệ sinh máy & Tra keo tản nhiệt,0,NO_SOURCE,170000,280000,220000,370000,310000,510000
lenovo-ideapad-gaming-3,Lenovo IdeaPad Gaming 3,win_laptop,lenovo,ssd-upgrade,Nâng cấp ổ cứng SSD siêu tốc,0,NO_SOURCE,620000,1400000,800000,1800000,1100000,2500000
lenovo-ideapad-gaming-3,Lenovo IdeaPad Gaming 3,win_laptop,lenovo,ram-upgrade,Nâng cấp bộ nhớ RAM,0,NO_SOURCE,480000,1050000,620000,1350000,860000,1900000
lenovo-ideapad-gaming-3,Lenovo IdeaPad Gaming 3,win_laptop,lenovo,software,Cài Hệ điều hành & Phần mềm,0,NO_SOURCE,140000,240000,190000,310000,260000,430000
lenovo-ideapad-gaming-3,Lenovo IdeaPad Gaming 3,win_laptop,lenovo,water-damage,Cấp cứu máy vô nước / Rớt nước,0,NO_SOURCE,480000,1150000,620000,1500000,860000,2050000
lenovo-ideapad-gaming-3,Lenovo IdeaPad Gaming 3,win_laptop,lenovo,data-recovery,Cứu dữ liệu ổ cứng & Bo mạch,0,NO_SOURCE,570000,1700000,740000,2200000,1050000,3100000
lenovo-ideapad-gaming-3,Lenovo IdeaPad Gaming 3,win_laptop,lenovo,diagnostic,Kiểm tra chẩn đoán toàn diện,0,NO_SOURCE,0,0,0,0,0,0
lenovo-ideapad-gaming-3,Lenovo IdeaPad Gaming 3,win_laptop,lenovo,vga-gpu,Sửa Card đồ họa rời (VGA / GPU / VRAM),0,NO_SOURCE,760000,1800000,990000,2350000,1350000,3250000
lenovo-yoga-slim-7-pro,Lenovo Yoga Slim 7 Pro,win_laptop,lenovo,screen,Thay màn hình hiển thị,0,NO_SOURCE,1700000,3050000,2200000,3950000,3100000,5450000
lenovo-yoga-slim-7-pro,Lenovo Yoga Slim 7 Pro,win_laptop,lenovo,battery,Thay pin dung lượng cao / Pin Zin,0,NO_SOURCE,810000,1400000,1050000,1850000,1450000,2550000
lenovo-yoga-slim-7-pro,Lenovo Yoga Slim 7 Pro,win_laptop,lenovo,keyboard,Bàn phím liệt / Kẹt nút bấm,0,NO_SOURCE,620000,1250000,800000,1600000,1100000,2200000
lenovo-yoga-slim-7-pro,Lenovo Yoga Slim 7 Pro,win_laptop,lenovo,trackpad,Chuột cảm ứng / Trackpad,0,NO_SOURCE,480000,860000,620000,1100000,860000,1550000
lenovo-yoga-slim-7-pro,Lenovo Yoga Slim 7 Pro,win_laptop,lenovo,charging-port,Sửa chân sạc / Cổng kết nối,0,NO_SOURCE,430000,760000,560000,990000,770000,1350000
lenovo-yoga-slim-7-pro,Lenovo Yoga Slim 7 Pro,win_laptop,lenovo,hinge-body,Sửa gãy bản lề / Vỏ khung sườn,0,NO_SOURCE,570000,1050000,740000,1350000,1050000,1900000
lenovo-yoga-slim-7-pro,Lenovo Yoga Slim 7 Pro,win_laptop,lenovo,mainboard,Sửa mất nguồn / Lỗi Mainboard,0,NO_SOURCE,1150000,2650000,1500000,3450000,2050000,4800000
lenovo-yoga-slim-7-pro,Lenovo Yoga Slim 7 Pro,win_laptop,lenovo,speaker,Loa trong / Loa ngoài rè,0,NO_SOURCE,380000,710000,490000,930000,680000,1300000
lenovo-yoga-slim-7-pro,Lenovo Yoga Slim 7 Pro,win_laptop,lenovo,mic,Hỏng Micro (Nói không nghe),0,NO_SOURCE,280000,520000,370000,680000,510000,940000
lenovo-yoga-slim-7-pro,Lenovo Yoga Slim 7 Pro,win_laptop,lenovo,camera,Thay camera trước / sau,0,NO_SOURCE,380000,710000,490000,930000,680000,1300000
lenovo-yoga-slim-7-pro,Lenovo Yoga Slim 7 Pro,win_laptop,lenovo,thermal,Vệ sinh máy & Tra keo tản nhiệt,0,NO_SOURCE,240000,380000,310000,490000,430000,680000
lenovo-yoga-slim-7-pro,Lenovo Yoga Slim 7 Pro,win_laptop,lenovo,ssd-upgrade,Nâng cấp ổ cứng SSD siêu tốc,0,NO_SOURCE,760000,1800000,990000,2350000,1350000,3250000
lenovo-yoga-slim-7-pro,Lenovo Yoga Slim 7 Pro,win_laptop,lenovo,software,Cài Hệ điều hành & Phần mềm,0,NO_SOURCE,140000,280000,190000,370000,260000,510000
lenovo-yoga-slim-7-pro,Lenovo Yoga Slim 7 Pro,win_laptop,lenovo,water-damage,Cấp cứu máy vô nước / Rớt nước,0,NO_SOURCE,660000,1500000,860000,2000000,1200000,2750000
lenovo-yoga-slim-7-pro,Lenovo Yoga Slim 7 Pro,win_laptop,lenovo,data-recovery,Cứu dữ liệu ổ cứng & Bo mạch,0,NO_SOURCE,710000,2100000,930000,2700000,1300000,3750000
lenovo-yoga-slim-7-pro,Lenovo Yoga Slim 7 Pro,win_laptop,lenovo,diagnostic,Kiểm tra chẩn đoán toàn diện,0,NO_SOURCE,0,0,0,0,0,0
msi-titan-18-hx,MSI Titan 18 HX,win_laptop,msi,screen,Thay màn hình hiển thị,0,NO_SOURCE,2950000,5800000,3800000,7500000,5300000,10400000
msi-titan-18-hx,MSI Titan 18 HX,win_laptop,msi,battery,Thay pin dung lượng cao / Pin Zin,0,NO_SOURCE,1250000,2300000,1650000,3000000,2250000,4150000
msi-titan-18-hx,MSI Titan 18 HX,win_laptop,msi,keyboard,Bàn phím liệt / Kẹt nút bấm,0,NO_SOURCE,1000000,2200000,1300000,2850000,1800000,3950000
msi-titan-18-hx,MSI Titan 18 HX,win_laptop,msi,trackpad,Chuột cảm ứng / Trackpad,0,NO_SOURCE,740000,1450000,960000,1900000,1300000,2650000
msi-titan-18-hx,MSI Titan 18 HX,win_laptop,msi,charging-port,Sửa chân sạc / Cổng kết nối,0,NO_SOURCE,630000,1150000,820000,1500000,1150000,2100000
msi-titan-18-hx,MSI Titan 18 HX,win_laptop,msi,hinge-body,Sửa gãy bản lề / Vỏ khung sườn,0,NO_SOURCE,890000,1900000,1150000,2450000,1600000,3400000
msi-titan-18-hx,MSI Titan 18 HX,win_laptop,msi,mainboard,Sửa mất nguồn / Lỗi Mainboard,0,NO_SOURCE,1900000,4700000,2450000,6150000,3400000,8500000
msi-titan-18-hx,MSI Titan 18 HX,win_laptop,msi,speaker,Loa trong / Loa ngoài rè,0,NO_SOURCE,580000,1150000,750000,1500000,1050000,2100000
msi-titan-18-hx,MSI Titan 18 HX,win_laptop,msi,mic,Hỏng Micro (Nói không nghe),0,NO_SOURCE,420000,790000,550000,1000000,760000,1400000
msi-titan-18-hx,MSI Titan 18 HX,win_laptop,msi,camera,Thay camera trước / sau,0,NO_SOURCE,580000,1150000,750000,1500000,1050000,2100000
msi-titan-18-hx,MSI Titan 18 HX,win_laptop,msi,thermal,Vệ sinh máy & Tra keo tản nhiệt,0,NO_SOURCE,370000,630000,480000,820000,660000,1150000
msi-titan-18-hx,MSI Titan 18 HX,win_laptop,msi,ssd-upgrade,Nâng cấp ổ cứng SSD siêu tốc,0,NO_SOURCE,1150000,2950000,1500000,3800000,2100000,5300000
msi-titan-18-hx,MSI Titan 18 HX,win_laptop,msi,ram-upgrade,Nâng cấp bộ nhớ RAM,0,NO_SOURCE,890000,2300000,1150000,3000000,1600000,4150000
msi-titan-18-hx,MSI Titan 18 HX,win_laptop,msi,software,Cài Hệ điều hành & Phần mềm,0,NO_SOURCE,210000,420000,270000,550000,380000,760000
msi-titan-18-hx,MSI Titan 18 HX,win_laptop,msi,water-damage,Cấp cứu máy vô nước / Rớt nước,0,NO_SOURCE,1000000,2500000,1300000,3300000,1800000,4550000
msi-titan-18-hx,MSI Titan 18 HX,win_laptop,msi,data-recovery,Cứu dữ liệu ổ cứng & Bo mạch,0,NO_SOURCE,1000000,3150000,1300000,4100000,1800000,5650000
msi-titan-18-hx,MSI Titan 18 HX,win_laptop,msi,diagnostic,Kiểm tra chẩn đoán toàn diện,0,NO_SOURCE,0,0,0,0,0,0
msi-titan-18-hx,MSI Titan 18 HX,win_laptop,msi,vga-gpu,Sửa Card đồ họa rời (VGA / GPU / VRAM),0,NO_SOURCE,2300000,5050000,3000000,6550000,4150000,9050000
msi-raider-ge78-hx,MSI Raider GE78 HX,win_laptop,msi,screen,Thay màn hình hiển thị,0,NO_SOURCE,2950000,5800000,3800000,7500000,5300000,10400000
msi-raider-ge78-hx,MSI Raider GE78 HX,win_laptop,msi,battery,Thay pin dung lượng cao / Pin Zin,0,NO_SOURCE,1250000,2300000,1650000,3000000,2250000,4150000
msi-raider-ge78-hx,MSI Raider GE78 HX,win_laptop,msi,keyboard,Bàn phím liệt / Kẹt nút bấm,0,NO_SOURCE,1000000,2200000,1300000,2850000,1800000,3950000
msi-raider-ge78-hx,MSI Raider GE78 HX,win_laptop,msi,trackpad,Chuột cảm ứng / Trackpad,0,NO_SOURCE,740000,1450000,960000,1900000,1300000,2650000
msi-raider-ge78-hx,MSI Raider GE78 HX,win_laptop,msi,charging-port,Sửa chân sạc / Cổng kết nối,0,NO_SOURCE,630000,1150000,820000,1500000,1150000,2100000
msi-raider-ge78-hx,MSI Raider GE78 HX,win_laptop,msi,hinge-body,Sửa gãy bản lề / Vỏ khung sườn,0,NO_SOURCE,890000,1900000,1150000,2450000,1600000,3400000
msi-raider-ge78-hx,MSI Raider GE78 HX,win_laptop,msi,mainboard,Sửa mất nguồn / Lỗi Mainboard,0,NO_SOURCE,1900000,4700000,2450000,6150000,3400000,8500000
msi-raider-ge78-hx,MSI Raider GE78 HX,win_laptop,msi,speaker,Loa trong / Loa ngoài rè,0,NO_SOURCE,580000,1150000,750000,1500000,1050000,2100000
msi-raider-ge78-hx,MSI Raider GE78 HX,win_laptop,msi,mic,Hỏng Micro (Nói không nghe),0,NO_SOURCE,420000,790000,550000,1000000,760000,1400000
msi-raider-ge78-hx,MSI Raider GE78 HX,win_laptop,msi,camera,Thay camera trước / sau,0,NO_SOURCE,580000,1150000,750000,1500000,1050000,2100000
msi-raider-ge78-hx,MSI Raider GE78 HX,win_laptop,msi,thermal,Vệ sinh máy & Tra keo tản nhiệt,0,NO_SOURCE,370000,630000,480000,820000,660000,1150000
msi-raider-ge78-hx,MSI Raider GE78 HX,win_laptop,msi,ssd-upgrade,Nâng cấp ổ cứng SSD siêu tốc,0,NO_SOURCE,1150000,2950000,1500000,3800000,2100000,5300000
msi-raider-ge78-hx,MSI Raider GE78 HX,win_laptop,msi,ram-upgrade,Nâng cấp bộ nhớ RAM,0,NO_SOURCE,890000,2300000,1150000,3000000,1600000,4150000
msi-raider-ge78-hx,MSI Raider GE78 HX,win_laptop,msi,software,Cài Hệ điều hành & Phần mềm,0,NO_SOURCE,210000,420000,270000,550000,380000,760000
msi-raider-ge78-hx,MSI Raider GE78 HX,win_laptop,msi,water-damage,Cấp cứu máy vô nước / Rớt nước,0,NO_SOURCE,1000000,2500000,1300000,3300000,1800000,4550000
msi-raider-ge78-hx,MSI Raider GE78 HX,win_laptop,msi,data-recovery,Cứu dữ liệu ổ cứng & Bo mạch,0,NO_SOURCE,1000000,3150000,1300000,4100000,1800000,5650000
msi-raider-ge78-hx,MSI Raider GE78 HX,win_laptop,msi,diagnostic,Kiểm tra chẩn đoán toàn diện,0,NO_SOURCE,0,0,0,0,0,0
msi-raider-ge78-hx,MSI Raider GE78 HX,win_laptop,msi,vga-gpu,Sửa Card đồ họa rời (VGA / GPU / VRAM),0,NO_SOURCE,2300000,5050000,3000000,6550000,4150000,9050000
msi-katana-15,MSI Katana 15,win_laptop,msi,screen,Thay màn hình hiển thị,0,NO_SOURCE,1900000,3350000,2450000,4350000,3400000,6050000
msi-katana-15,MSI Katana 15,win_laptop,msi,battery,Thay pin dung lượng cao / Pin Zin,0,NO_SOURCE,890000,1600000,1150000,2050000,1600000,2850000
msi-katana-15,MSI Katana 15,win_laptop,msi,keyboard,Bàn phím liệt / Kẹt nút bấm,0,NO_SOURCE,680000,1350000,890000,1750000,1250000,2450000
msi-katana-15,MSI Katana 15,win_laptop,msi,trackpad,Chuột cảm ứng / Trackpad,0,NO_SOURCE,520000,940000,680000,1250000,940000,1700000
msi-katana-15,MSI Katana 15,win_laptop,msi,charging-port,Sửa chân sạc / Cổng kết nối,0,NO_SOURCE,470000,840000,610000,1100000,850000,1500000
msi-katana-15,MSI Katana 15,win_laptop,msi,hinge-body,Sửa gãy bản lề / Vỏ khung sườn,0,NO_SOURCE,630000,1150000,820000,1500000,1150000,2100000
msi-katana-15,MSI Katana 15,win_laptop,msi,mainboard,Sửa mất nguồn / Lỗi Mainboard,0,NO_SOURCE,1250000,2950000,1650000,3800000,2250000,5300000
msi-katana-15,MSI Katana 15,win_laptop,msi,speaker,Loa trong / Loa ngoài rè,0,NO_SOURCE,420000,790000,550000,1000000,760000,1400000
msi-katana-15,MSI Katana 15,win_laptop,msi,mic,Hỏng Micro (Nói không nghe),0,NO_SOURCE,320000,580000,410000,750000,570000,1050000
msi-katana-15,MSI Katana 15,win_laptop,msi,camera,Thay camera trước / sau,0,NO_SOURCE,420000,790000,550000,1000000,760000,1400000
msi-katana-15,MSI Katana 15,win_laptop,msi,thermal,Vệ sinh máy & Tra keo tản nhiệt,0,NO_SOURCE,260000,420000,340000,550000,470000,760000
msi-katana-15,MSI Katana 15,win_laptop,msi,ssd-upgrade,Nâng cấp ổ cứng SSD siêu tốc,0,NO_SOURCE,840000,2000000,1100000,2600000,1500000,3600000
msi-katana-15,MSI Katana 15,win_laptop,msi,ram-upgrade,Nâng cấp bộ nhớ RAM,0,NO_SOURCE,680000,1500000,890000,2000000,1250000,2750000
msi-katana-15,MSI Katana 15,win_laptop,msi,software,Cài Hệ điều hành & Phần mềm,0,NO_SOURCE,160000,320000,200000,410000,280000,570000
msi-katana-15,MSI Katana 15,win_laptop,msi,water-damage,Cấp cứu máy vô nước / Rớt nước,0,NO_SOURCE,740000,1700000,960000,2200000,1300000,3000000
msi-katana-15,MSI Katana 15,win_laptop,msi,data-recovery,Cứu dữ liệu ổ cứng & Bo mạch,0,NO_SOURCE,790000,2300000,1000000,3000000,1400000,4150000
msi-katana-15,MSI Katana 15,win_laptop,msi,diagnostic,Kiểm tra chẩn đoán toàn diện,0,NO_SOURCE,0,0,0,0,0,0
msi-katana-15,MSI Katana 15,win_laptop,msi,vga-gpu,Sửa Card đồ họa rời (VGA / GPU / VRAM),0,NO_SOURCE,1450000,3050000,1900000,3950000,2650000,5500000
msi-katana-17,MSI Katana 17,win_laptop,msi,screen,Thay màn hình hiển thị,0,NO_SOURCE,1900000,3350000,2450000,4350000,3400000,6050000
msi-katana-17,MSI Katana 17,win_laptop,msi,battery,Thay pin dung lượng cao / Pin Zin,0,NO_SOURCE,890000,1600000,1150000,2050000,1600000,2850000
msi-katana-17,MSI Katana 17,win_laptop,msi,keyboard,Bàn phím liệt / Kẹt nút bấm,0,NO_SOURCE,680000,1350000,890000,1750000,1250000,2450000
msi-katana-17,MSI Katana 17,win_laptop,msi,trackpad,Chuột cảm ứng / Trackpad,0,NO_SOURCE,520000,940000,680000,1250000,940000,1700000
msi-katana-17,MSI Katana 17,win_laptop,msi,charging-port,Sửa chân sạc / Cổng kết nối,0,NO_SOURCE,470000,840000,610000,1100000,850000,1500000
msi-katana-17,MSI Katana 17,win_laptop,msi,hinge-body,Sửa gãy bản lề / Vỏ khung sườn,0,NO_SOURCE,630000,1150000,820000,1500000,1150000,2100000
msi-katana-17,MSI Katana 17,win_laptop,msi,mainboard,Sửa mất nguồn / Lỗi Mainboard,0,NO_SOURCE,1250000,2950000,1650000,3800000,2250000,5300000
msi-katana-17,MSI Katana 17,win_laptop,msi,speaker,Loa trong / Loa ngoài rè,0,NO_SOURCE,420000,790000,550000,1000000,760000,1400000
msi-katana-17,MSI Katana 17,win_laptop,msi,mic,Hỏng Micro (Nói không nghe),0,NO_SOURCE,320000,580000,410000,750000,570000,1050000
msi-katana-17,MSI Katana 17,win_laptop,msi,camera,Thay camera trước / sau,0,NO_SOURCE,420000,790000,550000,1000000,760000,1400000
msi-katana-17,MSI Katana 17,win_laptop,msi,thermal,Vệ sinh máy & Tra keo tản nhiệt,0,NO_SOURCE,260000,420000,340000,550000,470000,760000
msi-katana-17,MSI Katana 17,win_laptop,msi,ssd-upgrade,Nâng cấp ổ cứng SSD siêu tốc,0,NO_SOURCE,840000,2000000,1100000,2600000,1500000,3600000
msi-katana-17,MSI Katana 17,win_laptop,msi,ram-upgrade,Nâng cấp bộ nhớ RAM,0,NO_SOURCE,680000,1500000,890000,2000000,1250000,2750000
msi-katana-17,MSI Katana 17,win_laptop,msi,software,Cài Hệ điều hành & Phần mềm,0,NO_SOURCE,160000,320000,200000,410000,280000,570000
msi-katana-17,MSI Katana 17,win_laptop,msi,water-damage,Cấp cứu máy vô nước / Rớt nước,0,NO_SOURCE,740000,1700000,960000,2200000,1300000,3000000
msi-katana-17,MSI Katana 17,win_laptop,msi,data-recovery,Cứu dữ liệu ổ cứng & Bo mạch,0,NO_SOURCE,790000,2300000,1000000,3000000,1400000,4150000
msi-katana-17,MSI Katana 17,win_laptop,msi,diagnostic,Kiểm tra chẩn đoán toàn diện,0,NO_SOURCE,0,0,0,0,0,0
msi-katana-17,MSI Katana 17,win_laptop,msi,vga-gpu,Sửa Card đồ họa rời (VGA / GPU / VRAM),0,NO_SOURCE,1450000,3050000,1900000,3950000,2650000,5500000
msi-cyborg-15,MSI Cyborg 15,win_laptop,msi,screen,Thay màn hình hiển thị,0,NO_SOURCE,1400000,2400000,1850000,3150000,2550000,4350000
msi-cyborg-15,MSI Cyborg 15,win_laptop,msi,battery,Thay pin dung lượng cao / Pin Zin,0,NO_SOURCE,680000,1200000,890000,1550000,1250000,2150000
msi-cyborg-15,MSI Cyborg 15,win_laptop,msi,keyboard,Bàn phím liệt / Kẹt nút bấm,0,NO_SOURCE,520000,1000000,680000,1300000,940000,1800000
msi-cyborg-15,MSI Cyborg 15,win_laptop,msi,trackpad,Chuột cảm ứng / Trackpad,0,NO_SOURCE,420000,790000,550000,1000000,760000,1400000
msi-cyborg-15,MSI Cyborg 15,win_laptop,msi,charging-port,Sửa chân sạc / Cổng kết nối,0,NO_SOURCE,370000,630000,480000,820000,660000,1150000
msi-cyborg-15,MSI Cyborg 15,win_laptop,msi,hinge-body,Sửa gãy bản lề / Vỏ khung sườn,0,NO_SOURCE,470000,890000,610000,1150000,850000,1600000
msi-cyborg-15,MSI Cyborg 15,win_laptop,msi,mainboard,Sửa mất nguồn / Lỗi Mainboard,0,NO_SOURCE,840000,2000000,1100000,2600000,1500000,3600000
msi-cyborg-15,MSI Cyborg 15,win_laptop,msi,speaker,Loa trong / Loa ngoài rè,0,NO_SOURCE,320000,580000,410000,750000,570000,1050000
msi-cyborg-15,MSI Cyborg 15,win_laptop,msi,mic,Hỏng Micro (Nói không nghe),0,NO_SOURCE,260000,470000,340000,610000,470000,850000
msi-cyborg-15,MSI Cyborg 15,win_laptop,msi,camera,Thay camera trước / sau,0,NO_SOURCE,370000,680000,480000,890000,660000,1250000
msi-cyborg-15,MSI Cyborg 15,win_laptop,msi,thermal,Vệ sinh máy & Tra keo tản nhiệt,0,NO_SOURCE,190000,320000,250000,410000,340000,570000
msi-cyborg-15,MSI Cyborg 15,win_laptop,msi,ssd-upgrade,Nâng cấp ổ cứng SSD siêu tốc,0,NO_SOURCE,680000,1500000,890000,2000000,1250000,2750000
msi-cyborg-15,MSI Cyborg 15,win_laptop,msi,ram-upgrade,Nâng cấp bộ nhớ RAM,0,NO_SOURCE,520000,1150000,680000,1500000,940000,2100000
msi-cyborg-15,MSI Cyborg 15,win_laptop,msi,software,Cài Hệ điều hành & Phần mềm,0,NO_SOURCE,160000,260000,200000,340000,280000,470000
msi-cyborg-15,MSI Cyborg 15,win_laptop,msi,water-damage,Cấp cứu máy vô nước / Rớt nước,0,NO_SOURCE,520000,1250000,680000,1650000,940000,2250000
msi-cyborg-15,MSI Cyborg 15,win_laptop,msi,data-recovery,Cứu dữ liệu ổ cứng & Bo mạch,0,NO_SOURCE,630000,1900000,820000,2450000,1150000,3400000
msi-cyborg-15,MSI Cyborg 15,win_laptop,msi,diagnostic,Kiểm tra chẩn đoán toàn diện,0,NO_SOURCE,0,0,0,0,0,0
msi-cyborg-15,MSI Cyborg 15,win_laptop,msi,vga-gpu,Sửa Card đồ họa rời (VGA / GPU / VRAM),0,NO_SOURCE,840000,2000000,1100000,2600000,1500000,3600000
msi-thin-gf63,MSI Thin GF63,win_laptop,msi,screen,Thay màn hình hiển thị,0,NO_SOURCE,1400000,2400000,1850000,3150000,2550000,4350000
msi-thin-gf63,MSI Thin GF63,win_laptop,msi,battery,Thay pin dung lượng cao / Pin Zin,0,NO_SOURCE,680000,1200000,890000,1550000,1250000,2150000
msi-thin-gf63,MSI Thin GF63,win_laptop,msi,keyboard,Bàn phím liệt / Kẹt nút bấm,0,NO_SOURCE,520000,1000000,680000,1300000,940000,1800000
msi-thin-gf63,MSI Thin GF63,win_laptop,msi,trackpad,Chuột cảm ứng / Trackpad,0,NO_SOURCE,420000,790000,550000,1000000,760000,1400000
msi-thin-gf63,MSI Thin GF63,win_laptop,msi,charging-port,Sửa chân sạc / Cổng kết nối,0,NO_SOURCE,370000,630000,480000,820000,660000,1150000
msi-thin-gf63,MSI Thin GF63,win_laptop,msi,hinge-body,Sửa gãy bản lề / Vỏ khung sườn,0,NO_SOURCE,470000,890000,610000,1150000,850000,1600000
msi-thin-gf63,MSI Thin GF63,win_laptop,msi,mainboard,Sửa mất nguồn / Lỗi Mainboard,0,NO_SOURCE,840000,2000000,1100000,2600000,1500000,3600000
msi-thin-gf63,MSI Thin GF63,win_laptop,msi,speaker,Loa trong / Loa ngoài rè,0,NO_SOURCE,320000,580000,410000,750000,570000,1050000
msi-thin-gf63,MSI Thin GF63,win_laptop,msi,mic,Hỏng Micro (Nói không nghe),0,NO_SOURCE,260000,470000,340000,610000,470000,850000
msi-thin-gf63,MSI Thin GF63,win_laptop,msi,camera,Thay camera trước / sau,0,NO_SOURCE,370000,680000,480000,890000,660000,1250000
msi-thin-gf63,MSI Thin GF63,win_laptop,msi,thermal,Vệ sinh máy & Tra keo tản nhiệt,0,NO_SOURCE,190000,320000,250000,410000,340000,570000
msi-thin-gf63,MSI Thin GF63,win_laptop,msi,ssd-upgrade,Nâng cấp ổ cứng SSD siêu tốc,0,NO_SOURCE,680000,1500000,890000,2000000,1250000,2750000
msi-thin-gf63,MSI Thin GF63,win_laptop,msi,ram-upgrade,Nâng cấp bộ nhớ RAM,0,NO_SOURCE,520000,1150000,680000,1500000,940000,2100000
msi-thin-gf63,MSI Thin GF63,win_laptop,msi,software,Cài Hệ điều hành & Phần mềm,0,NO_SOURCE,160000,260000,200000,340000,280000,470000
msi-thin-gf63,MSI Thin GF63,win_laptop,msi,water-damage,Cấp cứu máy vô nước / Rớt nước,0,NO_SOURCE,520000,1250000,680000,1650000,940000,2250000
msi-thin-gf63,MSI Thin GF63,win_laptop,msi,data-recovery,Cứu dữ liệu ổ cứng & Bo mạch,0,NO_SOURCE,630000,1900000,820000,2450000,1150000,3400000
msi-thin-gf63,MSI Thin GF63,win_laptop,msi,diagnostic,Kiểm tra chẩn đoán toàn diện,0,NO_SOURCE,0,0,0,0,0,0
msi-thin-gf63,MSI Thin GF63,win_laptop,msi,vga-gpu,Sửa Card đồ họa rời (VGA / GPU / VRAM),0,NO_SOURCE,840000,2000000,1100000,2600000,1500000,3600000
msi-modern-14,MSI Modern 14,win_laptop,msi,screen,Thay màn hình hiển thị,0,NO_SOURCE,1000000,1750000,1300000,2250000,1800000,3100000
msi-modern-14,MSI Modern 14,win_laptop,msi,battery,Thay pin dung lượng cao / Pin Zin,0,NO_SOURCE,520000,890000,680000,1150000,940000,1600000
msi-modern-14,MSI Modern 14,win_laptop,msi,keyboard,Bàn phím liệt / Kẹt nút bấm,0,NO_SOURCE,370000,680000,480000,890000,660000,1250000
msi-modern-14,MSI Modern 14,win_laptop,msi,trackpad,Chuột cảm ứng / Trackpad,0,NO_SOURCE,320000,580000,410000,750000,570000,1050000
msi-modern-14,MSI Modern 14,win_laptop,msi,charging-port,Sửa chân sạc / Cổng kết nối,0,NO_SOURCE,260000,470000,340000,610000,470000,850000
msi-modern-14,MSI Modern 14,win_laptop,msi,hinge-body,Sửa gãy bản lề / Vỏ khung sườn,0,NO_SOURCE,320000,630000,410000,820000,570000,1150000
msi-modern-14,MSI Modern 14,win_laptop,msi,mainboard,Sửa mất nguồn / Lỗi Mainboard,0,NO_SOURCE,580000,1450000,750000,1900000,1050000,2650000
msi-modern-14,MSI Modern 14,win_laptop,msi,speaker,Loa trong / Loa ngoài rè,0,NO_SOURCE,260000,470000,340000,610000,470000,850000
msi-modern-14,MSI Modern 14,win_laptop,msi,mic,Hỏng Micro (Nói không nghe),0,NO_SOURCE,210000,420000,270000,550000,380000,760000
msi-modern-14,MSI Modern 14,win_laptop,msi,camera,Thay camera trước / sau,0,NO_SOURCE,260000,520000,340000,680000,470000,940000
msi-modern-14,MSI Modern 14,win_laptop,msi,thermal,Vệ sinh máy & Tra keo tản nhiệt,0,NO_SOURCE,160000,260000,200000,340000,280000,470000
msi-modern-14,MSI Modern 14,win_laptop,msi,ssd-upgrade,Nâng cấp ổ cứng SSD siêu tốc,0,NO_SOURCE,580000,1250000,750000,1650000,1050000,2250000
msi-modern-14,MSI Modern 14,win_laptop,msi,ram-upgrade,Nâng cấp bộ nhớ RAM,0,NO_SOURCE,470000,1000000,610000,1300000,850000,1800000
msi-modern-14,MSI Modern 14,win_laptop,msi,software,Cài Hệ điều hành & Phần mềm,0,NO_SOURCE,130000,210000,160000,270000,230000,380000
msi-modern-14,MSI Modern 14,win_laptop,msi,water-damage,Cấp cứu máy vô nước / Rớt nước,0,NO_SOURCE,420000,940000,550000,1250000,760000,1700000
msi-modern-14,MSI Modern 14,win_laptop,msi,data-recovery,Cứu dữ liệu ổ cứng & Bo mạch,0,NO_SOURCE,520000,1600000,680000,2050000,940000,2850000
msi-modern-14,MSI Modern 14,win_laptop,msi,diagnostic,Kiểm tra chẩn đoán toàn diện,0,NO_SOURCE,0,0,0,0,0,0
msi-modern-15,MSI Modern 15,win_laptop,msi,screen,Thay màn hình hiển thị,0,NO_SOURCE,1000000,1750000,1300000,2250000,1800000,3100000
msi-modern-15,MSI Modern 15,win_laptop,msi,battery,Thay pin dung lượng cao / Pin Zin,0,NO_SOURCE,520000,890000,680000,1150000,940000,1600000
msi-modern-15,MSI Modern 15,win_laptop,msi,keyboard,Bàn phím liệt / Kẹt nút bấm,0,NO_SOURCE,370000,680000,480000,890000,660000,1250000
msi-modern-15,MSI Modern 15,win_laptop,msi,trackpad,Chuột cảm ứng / Trackpad,0,NO_SOURCE,320000,580000,410000,750000,570000,1050000
msi-modern-15,MSI Modern 15,win_laptop,msi,charging-port,Sửa chân sạc / Cổng kết nối,0,NO_SOURCE,260000,470000,340000,610000,470000,850000
msi-modern-15,MSI Modern 15,win_laptop,msi,hinge-body,Sửa gãy bản lề / Vỏ khung sườn,0,NO_SOURCE,320000,630000,410000,820000,570000,1150000
msi-modern-15,MSI Modern 15,win_laptop,msi,mainboard,Sửa mất nguồn / Lỗi Mainboard,0,NO_SOURCE,580000,1450000,750000,1900000,1050000,2650000
msi-modern-15,MSI Modern 15,win_laptop,msi,speaker,Loa trong / Loa ngoài rè,0,NO_SOURCE,260000,470000,340000,610000,470000,850000
msi-modern-15,MSI Modern 15,win_laptop,msi,mic,Hỏng Micro (Nói không nghe),0,NO_SOURCE,210000,420000,270000,550000,380000,760000
msi-modern-15,MSI Modern 15,win_laptop,msi,camera,Thay camera trước / sau,0,NO_SOURCE,260000,520000,340000,680000,470000,940000
msi-modern-15,MSI Modern 15,win_laptop,msi,thermal,Vệ sinh máy & Tra keo tản nhiệt,0,NO_SOURCE,160000,260000,200000,340000,280000,470000
msi-modern-15,MSI Modern 15,win_laptop,msi,ssd-upgrade,Nâng cấp ổ cứng SSD siêu tốc,0,NO_SOURCE,580000,1250000,750000,1650000,1050000,2250000
msi-modern-15,MSI Modern 15,win_laptop,msi,ram-upgrade,Nâng cấp bộ nhớ RAM,0,NO_SOURCE,470000,1000000,610000,1300000,850000,1800000
msi-modern-15,MSI Modern 15,win_laptop,msi,software,Cài Hệ điều hành & Phần mềm,0,NO_SOURCE,130000,210000,160000,270000,230000,380000
msi-modern-15,MSI Modern 15,win_laptop,msi,water-damage,Cấp cứu máy vô nước / Rớt nước,0,NO_SOURCE,420000,940000,550000,1250000,760000,1700000
msi-modern-15,MSI Modern 15,win_laptop,msi,data-recovery,Cứu dữ liệu ổ cứng & Bo mạch,0,NO_SOURCE,520000,1600000,680000,2050000,940000,2850000
msi-modern-15,MSI Modern 15,win_laptop,msi,diagnostic,Kiểm tra chẩn đoán toàn diện,0,NO_SOURCE,0,0,0,0,0,0
msi-stealth-16-studio,MSI Stealth 16 Studio,win_laptop,msi,screen,Thay màn hình hiển thị,0,NO_SOURCE,2950000,5800000,3800000,7500000,5300000,10400000
msi-stealth-16-studio,MSI Stealth 16 Studio,win_laptop,msi,battery,Thay pin dung lượng cao / Pin Zin,0,NO_SOURCE,1250000,2300000,1650000,3000000,2250000,4150000
msi-stealth-16-studio,MSI Stealth 16 Studio,win_laptop,msi,keyboard,Bàn phím liệt / Kẹt nút bấm,0,NO_SOURCE,1000000,2200000,1300000,2850000,1800000,3950000
msi-stealth-16-studio,MSI Stealth 16 Studio,win_laptop,msi,trackpad,Chuột cảm ứng / Trackpad,0,NO_SOURCE,740000,1450000,960000,1900000,1300000,2650000
msi-stealth-16-studio,MSI Stealth 16 Studio,win_laptop,msi,charging-port,Sửa chân sạc / Cổng kết nối,0,NO_SOURCE,630000,1150000,820000,1500000,1150000,2100000
msi-stealth-16-studio,MSI Stealth 16 Studio,win_laptop,msi,hinge-body,Sửa gãy bản lề / Vỏ khung sườn,0,NO_SOURCE,890000,1900000,1150000,2450000,1600000,3400000
msi-stealth-16-studio,MSI Stealth 16 Studio,win_laptop,msi,mainboard,Sửa mất nguồn / Lỗi Mainboard,0,NO_SOURCE,1900000,4700000,2450000,6150000,3400000,8500000
msi-stealth-16-studio,MSI Stealth 16 Studio,win_laptop,msi,speaker,Loa trong / Loa ngoài rè,0,NO_SOURCE,580000,1150000,750000,1500000,1050000,2100000
msi-stealth-16-studio,MSI Stealth 16 Studio,win_laptop,msi,mic,Hỏng Micro (Nói không nghe),0,NO_SOURCE,420000,790000,550000,1000000,760000,1400000
msi-stealth-16-studio,MSI Stealth 16 Studio,win_laptop,msi,camera,Thay camera trước / sau,0,NO_SOURCE,580000,1150000,750000,1500000,1050000,2100000
msi-stealth-16-studio,MSI Stealth 16 Studio,win_laptop,msi,thermal,Vệ sinh máy & Tra keo tản nhiệt,0,NO_SOURCE,370000,630000,480000,820000,660000,1150000
msi-stealth-16-studio,MSI Stealth 16 Studio,win_laptop,msi,ssd-upgrade,Nâng cấp ổ cứng SSD siêu tốc,0,NO_SOURCE,1150000,2950000,1500000,3800000,2100000,5300000
msi-stealth-16-studio,MSI Stealth 16 Studio,win_laptop,msi,ram-upgrade,Nâng cấp bộ nhớ RAM,0,NO_SOURCE,890000,2300000,1150000,3000000,1600000,4150000
msi-stealth-16-studio,MSI Stealth 16 Studio,win_laptop,msi,software,Cài Hệ điều hành & Phần mềm,0,NO_SOURCE,210000,420000,270000,550000,380000,760000
msi-stealth-16-studio,MSI Stealth 16 Studio,win_laptop,msi,water-damage,Cấp cứu máy vô nước / Rớt nước,0,NO_SOURCE,1000000,2500000,1300000,3300000,1800000,4550000
msi-stealth-16-studio,MSI Stealth 16 Studio,win_laptop,msi,data-recovery,Cứu dữ liệu ổ cứng & Bo mạch,0,NO_SOURCE,1000000,3150000,1300000,4100000,1800000,5650000
msi-stealth-16-studio,MSI Stealth 16 Studio,win_laptop,msi,diagnostic,Kiểm tra chẩn đoán toàn diện,0,NO_SOURCE,0,0,0,0,0,0
msi-stealth-16-studio,MSI Stealth 16 Studio,win_laptop,msi,vga-gpu,Sửa Card đồ họa rời (VGA / GPU / VRAM),0,NO_SOURCE,2300000,5050000,3000000,6550000,4150000,9050000
lg-gram-16-2023,LG Gram 16 (2023/2024),win_laptop,others,screen,Thay màn hình hiển thị,0,NO_SOURCE,1800000,3200000,2350000,4150000,3250000,5750000
lg-gram-16-2023,LG Gram 16 (2023/2024),win_laptop,others,battery,Thay pin dung lượng cao / Pin Zin,0,NO_SOURCE,850000,1500000,1100000,1950000,1550000,2700000
lg-gram-16-2023,LG Gram 16 (2023/2024),win_laptop,others,keyboard,Bàn phím liệt / Kẹt nút bấm,0,NO_SOURCE,650000,1300000,840000,1700000,1150000,2350000
lg-gram-16-2023,LG Gram 16 (2023/2024),win_laptop,others,trackpad,Chuột cảm ứng / Trackpad,0,NO_SOURCE,500000,900000,650000,1150000,900000,1600000
lg-gram-16-2023,LG Gram 16 (2023/2024),win_laptop,others,charging-port,Sửa chân sạc / Cổng kết nối,0,NO_SOURCE,450000,800000,580000,1050000,810000,1450000
lg-gram-16-2023,LG Gram 16 (2023/2024),win_laptop,others,hinge-body,Sửa gãy bản lề / Vỏ khung sườn,0,NO_SOURCE,600000,1100000,780000,1450000,1100000,2000000
lg-gram-16-2023,LG Gram 16 (2023/2024),win_laptop,others,mainboard,Sửa mất nguồn / Lỗi Mainboard,0,NO_SOURCE,1200000,2800000,1550000,3650000,2150000,5050000
lg-gram-16-2023,LG Gram 16 (2023/2024),win_laptop,others,speaker,Loa trong / Loa ngoài rè,0,NO_SOURCE,400000,750000,520000,980000,720000,1350000
lg-gram-16-2023,LG Gram 16 (2023/2024),win_laptop,others,mic,Hỏng Micro (Nói không nghe),0,NO_SOURCE,300000,550000,390000,720000,540000,990000
lg-gram-16-2023,LG Gram 16 (2023/2024),win_laptop,others,camera,Thay camera trước / sau,0,NO_SOURCE,400000,750000,520000,980000,720000,1350000
lg-gram-16-2023,LG Gram 16 (2023/2024),win_laptop,others,thermal,Vệ sinh máy & Tra keo tản nhiệt,0,NO_SOURCE,250000,400000,320000,520000,450000,720000
lg-gram-16-2023,LG Gram 16 (2023/2024),win_laptop,others,ssd-upgrade,Nâng cấp ổ cứng SSD siêu tốc,0,NO_SOURCE,800000,1900000,1050000,2450000,1450000,3400000
lg-gram-16-2023,LG Gram 16 (2023/2024),win_laptop,others,software,Cài Hệ điều hành & Phần mềm,0,NO_SOURCE,150000,300000,200000,390000,270000,540000
lg-gram-16-2023,LG Gram 16 (2023/2024),win_laptop,others,water-damage,Cấp cứu máy vô nước / Rớt nước,0,NO_SOURCE,700000,1600000,910000,2100000,1250000,2900000
lg-gram-16-2023,LG Gram 16 (2023/2024),win_laptop,others,data-recovery,Cứu dữ liệu ổ cứng & Bo mạch,0,NO_SOURCE,750000,2200000,980000,2850000,1350000,3950000
lg-gram-16-2023,LG Gram 16 (2023/2024),win_laptop,others,diagnostic,Kiểm tra chẩn đoán toàn diện,0,NO_SOURCE,0,0,0,0,0,0
lg-gram-14-2023,LG Gram 14 (2023/2024),win_laptop,others,screen,Thay màn hình hiển thị,0,NO_SOURCE,1800000,3200000,2350000,4150000,3250000,5750000
lg-gram-14-2023,LG Gram 14 (2023/2024),win_laptop,others,battery,Thay pin dung lượng cao / Pin Zin,0,NO_SOURCE,850000,1500000,1100000,1950000,1550000,2700000
lg-gram-14-2023,LG Gram 14 (2023/2024),win_laptop,others,keyboard,Bàn phím liệt / Kẹt nút bấm,0,NO_SOURCE,650000,1300000,840000,1700000,1150000,2350000
lg-gram-14-2023,LG Gram 14 (2023/2024),win_laptop,others,trackpad,Chuột cảm ứng / Trackpad,0,NO_SOURCE,500000,900000,650000,1150000,900000,1600000
lg-gram-14-2023,LG Gram 14 (2023/2024),win_laptop,others,charging-port,Sửa chân sạc / Cổng kết nối,0,NO_SOURCE,450000,800000,580000,1050000,810000,1450000
lg-gram-14-2023,LG Gram 14 (2023/2024),win_laptop,others,hinge-body,Sửa gãy bản lề / Vỏ khung sườn,0,NO_SOURCE,600000,1100000,780000,1450000,1100000,2000000
lg-gram-14-2023,LG Gram 14 (2023/2024),win_laptop,others,mainboard,Sửa mất nguồn / Lỗi Mainboard,0,NO_SOURCE,1200000,2800000,1550000,3650000,2150000,5050000
lg-gram-14-2023,LG Gram 14 (2023/2024),win_laptop,others,speaker,Loa trong / Loa ngoài rè,0,NO_SOURCE,400000,750000,520000,980000,720000,1350000
lg-gram-14-2023,LG Gram 14 (2023/2024),win_laptop,others,mic,Hỏng Micro (Nói không nghe),0,NO_SOURCE,300000,550000,390000,720000,540000,990000
lg-gram-14-2023,LG Gram 14 (2023/2024),win_laptop,others,camera,Thay camera trước / sau,0,NO_SOURCE,400000,750000,520000,980000,720000,1350000
lg-gram-14-2023,LG Gram 14 (2023/2024),win_laptop,others,thermal,Vệ sinh máy & Tra keo tản nhiệt,0,NO_SOURCE,250000,400000,320000,520000,450000,720000
lg-gram-14-2023,LG Gram 14 (2023/2024),win_laptop,others,ssd-upgrade,Nâng cấp ổ cứng SSD siêu tốc,0,NO_SOURCE,800000,1900000,1050000,2450000,1450000,3400000
lg-gram-14-2023,LG Gram 14 (2023/2024),win_laptop,others,software,Cài Hệ điều hành & Phần mềm,0,NO_SOURCE,150000,300000,200000,390000,270000,540000
lg-gram-14-2023,LG Gram 14 (2023/2024),win_laptop,others,water-damage,Cấp cứu máy vô nước / Rớt nước,0,NO_SOURCE,700000,1600000,910000,2100000,1250000,2900000
lg-gram-14-2023,LG Gram 14 (2023/2024),win_laptop,others,data-recovery,Cứu dữ liệu ổ cứng & Bo mạch,0,NO_SOURCE,750000,2200000,980000,2850000,1350000,3950000
lg-gram-14-2023,LG Gram 14 (2023/2024),win_laptop,others,diagnostic,Kiểm tra chẩn đoán toàn diện,0,NO_SOURCE,0,0,0,0,0,0
microsoft-surface-laptop-5,Microsoft Surface Laptop 5,win_laptop,others,screen,Thay màn hình hiển thị,0,NO_SOURCE,2800000,5500000,3650000,7150000,5050000,9900000
microsoft-surface-laptop-5,Microsoft Surface Laptop 5,win_laptop,others,battery,Thay pin dung lượng cao / Pin Zin,0,NO_SOURCE,1200000,2200000,1550000,2850000,2150000,3950000
microsoft-surface-laptop-5,Microsoft Surface Laptop 5,win_laptop,others,keyboard,Bàn phím liệt / Kẹt nút bấm,0,NO_SOURCE,950000,2100000,1250000,2750000,1700000,3800000
microsoft-surface-laptop-5,Microsoft Surface Laptop 5,win_laptop,others,trackpad,Chuột cảm ứng / Trackpad,0,NO_SOURCE,700000,1400000,910000,1800000,1250000,2500000
microsoft-surface-laptop-5,Microsoft Surface Laptop 5,win_laptop,others,charging-port,Sửa chân sạc / Cổng kết nối,0,NO_SOURCE,600000,1100000,780000,1450000,1100000,2000000
microsoft-surface-laptop-5,Microsoft Surface Laptop 5,win_laptop,others,hinge-body,Sửa gãy bản lề / Vỏ khung sườn,0,NO_SOURCE,850000,1800000,1100000,2350000,1550000,3250000
microsoft-surface-laptop-5,Microsoft Surface Laptop 5,win_laptop,others,mainboard,Sửa mất nguồn / Lỗi Mainboard,0,NO_SOURCE,1800000,4500000,2350000,5850000,3250000,8100000
microsoft-surface-laptop-5,Microsoft Surface Laptop 5,win_laptop,others,speaker,Loa trong / Loa ngoài rè,0,NO_SOURCE,550000,1100000,720000,1450000,990000,2000000
microsoft-surface-laptop-5,Microsoft Surface Laptop 5,win_laptop,others,mic,Hỏng Micro (Nói không nghe),0,NO_SOURCE,400000,750000,520000,980000,720000,1350000
microsoft-surface-laptop-5,Microsoft Surface Laptop 5,win_laptop,others,camera,Thay camera trước / sau,0,NO_SOURCE,550000,1100000,720000,1450000,990000,2000000
microsoft-surface-laptop-5,Microsoft Surface Laptop 5,win_laptop,others,thermal,Vệ sinh máy & Tra keo tản nhiệt,0,NO_SOURCE,350000,600000,460000,780000,630000,1100000
microsoft-surface-laptop-5,Microsoft Surface Laptop 5,win_laptop,others,ssd-upgrade,Nâng cấp ổ cứng SSD siêu tốc,0,NO_SOURCE,1100000,2800000,1450000,3650000,2000000,5050000
microsoft-surface-laptop-5,Microsoft Surface Laptop 5,win_laptop,others,software,Cài Hệ điều hành & Phần mềm,0,NO_SOURCE,200000,400000,260000,520000,360000,720000
microsoft-surface-laptop-5,Microsoft Surface Laptop 5,win_laptop,others,water-damage,Cấp cứu máy vô nước / Rớt nước,0,NO_SOURCE,950000,2400000,1250000,3100000,1700000,4300000
microsoft-surface-laptop-5,Microsoft Surface Laptop 5,win_laptop,others,data-recovery,Cứu dữ liệu ổ cứng & Bo mạch,0,NO_SOURCE,950000,3000000,1250000,3900000,1700000,5400000
microsoft-surface-laptop-5,Microsoft Surface Laptop 5,win_laptop,others,diagnostic,Kiểm tra chẩn đoán toàn diện,0,NO_SOURCE,0,0,0,0,0,0
microsoft-surface-pro-9,Microsoft Surface Pro 9,win_laptop,others,screen,Thay màn hình hiển thị,0,NO_SOURCE,2800000,5500000,3650000,7150000,5050000,9900000
microsoft-surface-pro-9,Microsoft Surface Pro 9,win_laptop,others,battery,Thay pin dung lượng cao / Pin Zin,0,NO_SOURCE,1200000,2200000,1550000,2850000,2150000,3950000
microsoft-surface-pro-9,Microsoft Surface Pro 9,win_laptop,others,keyboard,Bàn phím liệt / Kẹt nút bấm,0,NO_SOURCE,950000,2100000,1250000,2750000,1700000,3800000
microsoft-surface-pro-9,Microsoft Surface Pro 9,win_laptop,others,trackpad,Chuột cảm ứng / Trackpad,0,NO_SOURCE,700000,1400000,910000,1800000,1250000,2500000
microsoft-surface-pro-9,Microsoft Surface Pro 9,win_laptop,others,charging-port,Sửa chân sạc / Cổng kết nối,0,NO_SOURCE,600000,1100000,780000,1450000,1100000,2000000
microsoft-surface-pro-9,Microsoft Surface Pro 9,win_laptop,others,hinge-body,Sửa gãy bản lề / Vỏ khung sườn,0,NO_SOURCE,850000,1800000,1100000,2350000,1550000,3250000
microsoft-surface-pro-9,Microsoft Surface Pro 9,win_laptop,others,mainboard,Sửa mất nguồn / Lỗi Mainboard,0,NO_SOURCE,1800000,4500000,2350000,5850000,3250000,8100000
microsoft-surface-pro-9,Microsoft Surface Pro 9,win_laptop,others,speaker,Loa trong / Loa ngoài rè,0,NO_SOURCE,550000,1100000,720000,1450000,990000,2000000
microsoft-surface-pro-9,Microsoft Surface Pro 9,win_laptop,others,mic,Hỏng Micro (Nói không nghe),0,NO_SOURCE,400000,750000,520000,980000,720000,1350000
microsoft-surface-pro-9,Microsoft Surface Pro 9,win_laptop,others,camera,Thay camera trước / sau,0,NO_SOURCE,550000,1100000,720000,1450000,990000,2000000
microsoft-surface-pro-9,Microsoft Surface Pro 9,win_laptop,others,thermal,Vệ sinh máy & Tra keo tản nhiệt,0,NO_SOURCE,350000,600000,460000,780000,630000,1100000
microsoft-surface-pro-9,Microsoft Surface Pro 9,win_laptop,others,ssd-upgrade,Nâng cấp ổ cứng SSD siêu tốc,0,NO_SOURCE,1100000,2800000,1450000,3650000,2000000,5050000
microsoft-surface-pro-9,Microsoft Surface Pro 9,win_laptop,others,software,Cài Hệ điều hành & Phần mềm,0,NO_SOURCE,200000,400000,260000,520000,360000,720000
microsoft-surface-pro-9,Microsoft Surface Pro 9,win_laptop,others,water-damage,Cấp cứu máy vô nước / Rớt nước,0,NO_SOURCE,950000,2400000,1250000,3100000,1700000,4300000
microsoft-surface-pro-9,Microsoft Surface Pro 9,win_laptop,others,data-recovery,Cứu dữ liệu ổ cứng & Bo mạch,0,NO_SOURCE,950000,3000000,1250000,3900000,1700000,5400000
microsoft-surface-pro-9,Microsoft Surface Pro 9,win_laptop,others,diagnostic,Kiểm tra chẩn đoán toàn diện,0,NO_SOURCE,0,0,0,0,0,0
gigabyte-g5-kf,Gigabyte G5 KF,win_laptop,others,screen,Thay màn hình hiển thị,0,NO_SOURCE,1350000,2300000,1750000,3000000,2450000,4150000
gigabyte-g5-kf,Gigabyte G5 KF,win_laptop,others,battery,Thay pin dung lượng cao / Pin Zin,0,NO_SOURCE,650000,1150000,840000,1500000,1150000,2050000
gigabyte-g5-kf,Gigabyte G5 KF,win_laptop,others,keyboard,Bàn phím liệt / Kẹt nút bấm,0,NO_SOURCE,500000,950000,650000,1250000,900000,1700000
gigabyte-g5-kf,Gigabyte G5 KF,win_laptop,others,trackpad,Chuột cảm ứng / Trackpad,0,NO_SOURCE,400000,750000,520000,980000,720000,1350000
gigabyte-g5-kf,Gigabyte G5 KF,win_laptop,others,charging-port,Sửa chân sạc / Cổng kết nối,0,NO_SOURCE,350000,600000,460000,780000,630000,1100000
gigabyte-g5-kf,Gigabyte G5 KF,win_laptop,others,hinge-body,Sửa gãy bản lề / Vỏ khung sườn,0,NO_SOURCE,450000,850000,580000,1100000,810000,1550000
gigabyte-g5-kf,Gigabyte G5 KF,win_laptop,others,mainboard,Sửa mất nguồn / Lỗi Mainboard,0,NO_SOURCE,800000,1900000,1050000,2450000,1450000,3400000
gigabyte-g5-kf,Gigabyte G5 KF,win_laptop,others,speaker,Loa trong / Loa ngoài rè,0,NO_SOURCE,300000,550000,390000,720000,540000,990000
gigabyte-g5-kf,Gigabyte G5 KF,win_laptop,others,mic,Hỏng Micro (Nói không nghe),0,NO_SOURCE,250000,450000,320000,580000,450000,810000
gigabyte-g5-kf,Gigabyte G5 KF,win_laptop,others,camera,Thay camera trước / sau,0,NO_SOURCE,350000,650000,460000,840000,630000,1150000
gigabyte-g5-kf,Gigabyte G5 KF,win_laptop,others,thermal,Vệ sinh máy & Tra keo tản nhiệt,0,NO_SOURCE,180000,300000,230000,390000,320000,540000
gigabyte-g5-kf,Gigabyte G5 KF,win_laptop,others,ssd-upgrade,Nâng cấp ổ cứng SSD siêu tốc,0,NO_SOURCE,650000,1450000,840000,1900000,1150000,2600000
gigabyte-g5-kf,Gigabyte G5 KF,win_laptop,others,ram-upgrade,Nâng cấp bộ nhớ RAM,0,NO_SOURCE,500000,1100000,650000,1450000,900000,2000000
gigabyte-g5-kf,Gigabyte G5 KF,win_laptop,others,software,Cài Hệ điều hành & Phần mềm,0,NO_SOURCE,150000,250000,200000,320000,270000,450000
gigabyte-g5-kf,Gigabyte G5 KF,win_laptop,others,water-damage,Cấp cứu máy vô nước / Rớt nước,0,NO_SOURCE,500000,1200000,650000,1550000,900000,2150000
gigabyte-g5-kf,Gigabyte G5 KF,win_laptop,others,data-recovery,Cứu dữ liệu ổ cứng & Bo mạch,0,NO_SOURCE,600000,1800000,780000,2350000,1100000,3250000
gigabyte-g5-kf,Gigabyte G5 KF,win_laptop,others,diagnostic,Kiểm tra chẩn đoán toàn diện,0,NO_SOURCE,0,0,0,0,0,0
gigabyte-g5-kf,Gigabyte G5 KF,win_laptop,others,vga-gpu,Sửa Card đồ họa rời (VGA / GPU / VRAM),0,NO_SOURCE,800000,1900000,1050000,2450000,1450000,3400000
vaio-sx14,VAIO SX14 (2023),win_laptop,others,screen,Thay màn hình hiển thị,0,NO_SOURCE,2800000,5500000,3650000,7150000,5050000,9900000
vaio-sx14,VAIO SX14 (2023),win_laptop,others,battery,Thay pin dung lượng cao / Pin Zin,0,NO_SOURCE,1200000,2200000,1550000,2850000,2150000,3950000
vaio-sx14,VAIO SX14 (2023),win_laptop,others,keyboard,Bàn phím liệt / Kẹt nút bấm,0,NO_SOURCE,950000,2100000,1250000,2750000,1700000,3800000
vaio-sx14,VAIO SX14 (2023),win_laptop,others,trackpad,Chuột cảm ứng / Trackpad,0,NO_SOURCE,700000,1400000,910000,1800000,1250000,2500000
vaio-sx14,VAIO SX14 (2023),win_laptop,others,charging-port,Sửa chân sạc / Cổng kết nối,0,NO_SOURCE,600000,1100000,780000,1450000,1100000,2000000
vaio-sx14,VAIO SX14 (2023),win_laptop,others,hinge-body,Sửa gãy bản lề / Vỏ khung sườn,0,NO_SOURCE,850000,1800000,1100000,2350000,1550000,3250000
vaio-sx14,VAIO SX14 (2023),win_laptop,others,mainboard,Sửa mất nguồn / Lỗi Mainboard,0,NO_SOURCE,1800000,4500000,2350000,5850000,3250000,8100000
vaio-sx14,VAIO SX14 (2023),win_laptop,others,speaker,Loa trong / Loa ngoài rè,0,NO_SOURCE,550000,1100000,720000,1450000,990000,2000000
vaio-sx14,VAIO SX14 (2023),win_laptop,others,mic,Hỏng Micro (Nói không nghe),0,NO_SOURCE,400000,750000,520000,980000,720000,1350000
vaio-sx14,VAIO SX14 (2023),win_laptop,others,camera,Thay camera trước / sau,0,NO_SOURCE,550000,1100000,720000,1450000,990000,2000000
vaio-sx14,VAIO SX14 (2023),win_laptop,others,thermal,Vệ sinh máy & Tra keo tản nhiệt,0,NO_SOURCE,350000,600000,460000,780000,630000,1100000
vaio-sx14,VAIO SX14 (2023),win_laptop,others,ssd-upgrade,Nâng cấp ổ cứng SSD siêu tốc,0,NO_SOURCE,1100000,2800000,1450000,3650000,2000000,5050000
vaio-sx14,VAIO SX14 (2023),win_laptop,others,software,Cài Hệ điều hành & Phần mềm,0,NO_SOURCE,200000,400000,260000,520000,360000,720000
vaio-sx14,VAIO SX14 (2023),win_laptop,others,water-damage,Cấp cứu máy vô nước / Rớt nước,0,NO_SOURCE,950000,2400000,1250000,3100000,1700000,4300000
vaio-sx14,VAIO SX14 (2023),win_laptop,others,data-recovery,Cứu dữ liệu ổ cứng & Bo mạch,0,NO_SOURCE,950000,3000000,1250000,3900000,1700000,5400000
vaio-sx14,VAIO SX14 (2023),win_laptop,others,diagnostic,Kiểm tra chẩn đoán toàn diện,0,NO_SOURCE,0,0,0,0,0,0
